recency_days,frequency,monetary,avg_order_value,num_returns,email_open_rate,days_since_signup,churned
33,17,3606.43,212.14,9,0.95,1431,0
282,11,3559.08,323.55,7,0.99,277,1
239,26,1021.45,39.29,2,0.83,576,0
160,33,192.91,5.85,9,0.44,291,0
158,13,1525.96,117.38,9,0.55,827,1
313,38,794.11,20.9,0,0.5,578,1
32,32,1984.98,62.03,0,0.16,1496,0
254,9,4896.94,544.1,2,0.85,1406,1
74,46,913.55,19.86,7,0.68,1618,0
35,3,1601.18,533.73,5,0.64,771,0
192,33,3628.32,109.95,5,0.22,983,1
356,22,2550.82,115.95,4,0.15,1572,1
268,33,229.2,6.95,4,0.87,1309,1
278,38,816.83,21.5,6,0.18,1733,1
262,34,4676.9,137.56,0,0.07,1790,1
287,32,524.79,16.4,5,0.63,165,1
187,42,3179.11,75.69,2,0.7,451,0
47,35,3963.7,113.25,7,0.12,1305,0
306,40,1334.54,33.36,1,0.21,206,1
164,20,3628.14,181.41,0,0.79,183,0
183,10,857.78,85.78,4,0.93,276,0
135,12,1430.9,119.24,4,0.48,158,1
67,30,1565.99,52.2,5,0.79,1224,0
338,27,4982.21,184.53,8,0.32,525,1
285,4,1080.72,270.18,6,0.7,1721,1
235,11,654.75,59.52,3,0.56,212,1
147,48,4629.2,96.44,7,0.84,849,0
300,36,818.03,22.72,5,0.78,1220,1
199,37,4397.61,118.85,2,0.28,676,1
162,10,3255.78,325.58,0,0.15,1315,1
164,4,2888.54,722.14,0,0.81,1538,0
83,15,3759.18,250.61,2,0.03,1177,1
34,42,3632.73,86.49,8,0.68,1119,0
202,25,561.53,22.46,4,0.48,1062,1
324,39,4997.34,128.14,4,0.08,1813,1
24,24,4710.03,196.25,3,0.69,1432,0
313,25,4483.99,179.36,2,0.48,137,1
302,30,3115.22,103.84,7,0.86,1416,1
101,47,2618.73,55.72,0,0.21,326,0
230,22,2686.03,122.09,6,0.0,1592,1
61,30,84.54,2.82,9,0.13,612,0
276,46,2502.35,54.4,8,0.27,1274,1
255,19,3122.61,164.35,3,0.65,1356,1
130,42,3296.94,78.5,8,0.36,668,0
25,27,1667.38,61.75,2,0.12,1759,0
354,44,2361.7,53.68,2,0.98,971,0
163,23,3185.19,138.49,3,0.11,788,1
326,31,2147.24,69.27,0,0.36,910,1
247,16,4811.05,300.69,2,0.88,582,1
284,32,3530.16,110.32,8,0.65,223,1
277,16,16.36,1.02,7,0.32,1791,1
71,30,126.16,4.21,3,0.97,1487,0
133,39,3454.6,88.58,3,0.5,1491,0
170,22,2069.1,94.05,3,0.01,1668,1
182,22,4198.96,190.86,1,0.01,1128,1
16,16,873.35,54.58,1,0.94,1797,0
199,36,79.0,2.19,9,0.28,1798,1
57,30,1946.53,64.88,6,0.81,475,0
271,26,3682.96,141.65,6,0.04,820,1
249,2,4858.92,2429.46,2,0.15,201,1
336,6,4419.43,736.57,8,0.86,1290,1
272,1,2425.53,2425.53,1,0.99,229,1
134,42,4065.96,96.81,9,0.05,1399,1
353,42,360.95,8.59,5,0.17,1473,1
150,4,2865.64,716.41,3,0.72,768,1
119,3,4622.25,1540.75,7,0.53,1163,1
330,39,1987.96,50.97,4,0.41,1733,1
135,26,4800.9,184.65,2,0.19,1387,0
28,16,1111.22,69.45,6,0.95,821,0
171,31,537.11,17.33,7,0.17,1654,0
290,12,2628.56,219.05,6,0.27,101,1
69,10,4537.16,453.72,4,0.32,436,1
169,19,1563.28,82.28,3,0.14,617,1
48,44,4002.8,90.97,4,0.54,683,0
250,38,854.29,22.48,8,0.34,1236,1
174,10,3730.4,373.04,3,0.61,1452,1
121,28,2789.56,99.63,9,0.37,125,0
83,44,883.33,20.08,1,0.12,495,0
206,47,3593.26,76.45,1,0.87,1498,0
244,38,3571.64,93.99,3,0.51,938,0
343,7,2582.02,368.86,0,0.32,586,1
160,12,1135.08,94.59,8,0.02,825,1
59,11,670.15,60.92,3,0.6,1117,0
304,8,4786.7,598.34,1,0.78,1098,1
230,9,3282.5,364.72,6,0.65,1518,1
255,16,4048.12,253.01,9,0.79,1803,1
36,28,3487.88,124.57,9,0.15,1480,1
114,20,4149.07,207.45,1,0.97,216,0
280,21,820.83,39.09,7,0.21,786,1
303,13,2489.78,191.52,3,0.27,899,1
159,8,3338.95,417.37,8,0.51,1159,1
293,49,525.92,10.73,6,0.01,1751,1
307,30,758.29,25.28,7,0.44,832,1
142,12,3173.57,264.46,8,0.2,654,1
327,40,4344.84,108.62,8,0.75,1645,1
105,41,3305.48,80.62,1,0.76,1359,0
88,48,190.66,3.97,7,0.62,853,0
249,8,4852.46,606.56,1,0.42,1698,1
232,32,706.14,22.07,9,0.31,573,1
51,49,1170.49,23.89,6,0.83,461,0
304,40,4875.09,121.88,1,0.51,68,1
73,12,3857.45,321.45,2,0.5,176,0
293,44,4683.52,106.44,8,0.11,1581,1
3,21,4035.03,192.14,6,0.22,165,0
291,24,3262.16,135.92,2,0.36,1402,1
287,28,1429.92,51.07,8,0.7,161,1
285,38,1641.14,43.19,7,0.85,443,1
243,6,4736.88,789.48,0,0.99,659,1
172,27,4304.52,159.43,2,0.43,415,1
257,41,1803.86,44.0,8,0.45,256,1
101,27,1872.6,69.36,3,0.77,1804,0
285,14,1495.5,106.82,0,0.32,757,1
203,3,1637.39,545.8,6,0.54,789,1
168,27,4304.73,159.43,8,0.68,1383,1
185,35,62.43,1.78,5,0.24,1670,1
208,27,2185.9,80.96,9,0.28,565,1
14,48,4714.77,98.22,1,0.36,843,0
51,30,2717.76,90.59,6,0.58,890,0
90,25,2257.72,90.31,6,0.27,497,1
42,3,1568.73,522.91,9,0.21,258,1
161,28,378.82,13.53,5,0.15,1683,1
244,9,1130.19,125.58,8,0.81,1283,1
239,36,461.39,12.82,1,0.89,1249,0
172,8,642.23,80.28,0,0.9,600,0
312,45,825.95,18.35,7,0.82,1215,1
206,15,1517.13,101.14,0,0.14,272,1
29,22,64.97,2.95,8,0.1,241,1
279,8,4751.22,593.9,0,0.5,1743,1
210,11,627.86,57.08,6,0.52,440,1
232,46,1921.91,41.78,4,0.73,1411,0
206,14,4398.84,314.2,6,0.22,529,1
202,26,541.77,20.84,6,0.93,1200,1
33,49,2423.19,49.45,4,0.31,1128,0
204,31,4225.47,136.31,4,0.58,1327,1
290,3,2789.24,929.75,5,0.86,1741,1
111,18,1059.61,58.87,6,0.52,793,0
220,19,3680.19,193.69,7,0.75,1584,1
12,14,3409.89,243.56,4,0.75,565,0
127,12,1817.31,151.44,3,0.79,1759,0
159,25,241.01,9.64,0,0.81,927,0
358,19,49.24,2.59,7,0.39,1545,1
79,15,4128.71,275.25,2,0.36,1511,0
101,21,1614.57,76.88,4,0.8,1169,0
149,17,697.47,41.03,9,0.58,1760,1
362,12,2597.57,216.46,7,0.61,1242,1
311,23,4604.96,200.22,3,0.41,1116,1
13,47,52.32,1.11,4,0.2,484,0
86,25,290.16,11.61,3,0.46,705,0
300,30,2091.05,69.7,6,0.97,41,1
22,49,3383.07,69.04,1,0.29,1319,0
312,31,2385.74,76.96,9,0.27,1119,1
103,11,4488.77,408.07,9,0.13,1281,1
335,20,229.98,11.5,2,0.48,1158,1
107,24,1707.3,71.14,2,0.29,474,1
159,24,1763.23,73.47,5,0.69,1824,0
241,8,1707.23,213.4,6,0.14,811,1
46,6,2443.55,407.26,6,0.25,1285,1
203,18,3954.98,219.72,0,0.06,270,1
184,45,1596.23,35.47,7,0.04,1101,1
286,36,3724.97,103.47,0,0.81,752,1
363,42,740.86,17.64,3,0.91,1695,1
242,9,2808.02,312.0,7,0.76,1399,1
149,21,1881.69,89.6,8,0.87,1707,0
148,29,2700.66,93.13,6,0.09,593,1
153,22,547.67,24.89,1,0.9,1214,0
297,21,4767.78,227.04,6,0.47,1166,1
117,18,4532.01,251.78,0,0.77,480,0
61,3,4133.72,1377.91,2,0.62,618,1
122,43,4464.99,103.84,1,0.35,1241,0
9,46,741.97,16.13,9,0.26,294,0
39,4,2523.57,630.89,3,0.12,748,1
33,21,1596.37,76.02,5,0.41,1360,0
281,26,4438.06,170.69,7,0.49,1539,1
263,39,955.29,24.49,9,0.98,1087,0
254,49,1107.53,22.6,9,0.04,1231,1
169,21,3436.71,163.65,1,0.59,1511,0
262,37,453.61,12.26,3,0.52,444,1
59,46,3664.51,79.66,4,0.02,1248,0
328,41,1347.96,32.88,7,0.33,1350,1
183,15,3308.07,220.54,3,0.42,1496,1
342,41,4366.46,106.5,2,0.49,1121,1
56,21,3051.96,145.33,7,0.23,308,0
182,1,1071.29,1071.29,4,0.03,120,1
254,38,255.34,6.72,7,0.29,1133,1
181,41,232.62,5.67,3,0.84,526,0
163,17,453.17,26.66,4,0.81,689,0
61,23,2903.29,126.23,0,0.18,859,1
139,18,1747.61,97.09,0,0.65,1369,0
87,6,1223.1,203.85,0,0.92,666,0
110,49,1104.34,22.54,1,0.17,1071,0
249,2,4743.42,2371.71,3,0.13,923,1
230,28,602.89,21.53,0,0.02,127,1
222,1,1531.02,1531.02,1,0.17,1271,1
132,34,2362.67,69.49,8,0.81,987,0
350,45,12.24,0.27,8,0.81,426,0
32,32,4605.56,143.92,2,0.54,1366,0
125,30,504.5,16.82,9,0.33,208,0
43,41,3415.53,83.31,1,0.81,501,0
124,48,3148.04,65.58,0,0.2,459,0
351,43,4047.23,94.12,3,0.14,1204,1
134,12,3260.42,271.7,2,0.09,1807,1
331,28,3849.24,137.47,0,0.85,1539,1
181,41,2112.03,51.51,8,0.71,278,0
255,15,2448.64,163.24,9,0.62,146,1
167,34,3511.29,103.27,2,0.73,1446,0
97,2,2846.45,1423.22,3,0.14,1067,1
279,43,2562.58,59.59,7,0.38,673,1
353,31,1035.74,33.41,9,0.81,1623,1
96,37,1297.96,35.08,2,0.92,350,0
284,41,1798.9,43.88,6,0.51,256,1
96,11,56.33,5.12,0,0.12,927,1
261,23,2092.64,90.98,5,0.98,513,1
288,43,23.81,0.55,9,0.4,446,1
164,9,2829.43,314.38,4,0.32,1153,1
269,41,3523.1,85.93,6,0.12,577,1
100,15,2815.12,187.67,6,0.01,1080,1
29,29,3470.66,119.68,6,0.6,1047,0
36,25,10.07,0.4,6,0.61,1454,0
163,34,306.62,9.02,8,0.23,1781,1
329,41,3495.33,85.25,0,0.16,1159,1
47,18,4016.47,223.14,8,0.53,545,0
166,9,3591.33,399.04,9,0.44,1063,1
257,21,3318.43,158.02,9,0.3,895,1
74,30,3539.84,117.99,3,0.22,841,0
263,37,3700.55,100.01,5,0.86,649,1
112,37,3624.64,97.96,3,0.98,170,0
295,17,3692.66,217.22,8,0.36,472,1
211,46,379.36,8.25,4,0.7,1091,0
200,5,325.73,65.15,3,0.87,156,1
65,6,1811.99,302.0,6,0.03,311,1
169,2,2642.71,1321.36,0,0.91,1053,1
312,46,3815.47,82.94,3,0.5,1817,1
8,9,1680.19,186.69,2,0.56,329,0
277,30,1382.83,46.09,3,0.54,170,1
180,40,3909.43,97.74,4,0.24,657,1
262,38,1254.19,33.01,0,0.78,165,1
242,47,4106.0,87.36,8,0.73,1638,1
158,3,893.9,297.97,4,0.1,1443,1
113,20,1803.77,90.19,3,0.56,239,1
229,25,2011.37,80.45,1,0.96,211,0
52,35,1504.56,42.99,9,0.87,1001,0
213,31,26.75,0.86,8,0.63,757,1
35,28,1185.19,42.33,4,0.2,1274,0
237,16,1694.89,105.93,3,0.35,1694,1
229,6,1574.99,262.5,4,0.15,629,1
31,22,3929.92,178.63,9,0.82,1444,0
276,13,246.37,18.95,2,0.78,627,1
152,28,1950.85,69.67,6,0.91,447,0
287,40,197.2,4.93,9,0.06,1772,1
16,28,4653.93,166.21,7,0.96,480,0
66,29,3953.15,136.32,8,0.97,287,0
180,3,4910.99,1637.0,9,0.67,1093,1
69,32,4551.7,142.24,0,0.88,1099,0
121,22,1585.91,72.09,2,0.44,903,1
241,7,3461.0,494.43,1,0.31,186,1
53,11,1539.7,139.97,5,0.15,239,1
247,39,4442.17,113.9,4,0.03,1390,1
38,45,2059.66,45.77,0,0.04,314,0
64,25,1885.68,75.43,5,0.69,525,0
214,48,4571.2,95.23,1,0.34,1471,0
289,9,4185.33,465.04,4,0.05,637,1
63,15,4832.4,322.16,3,0.11,648,0
110,46,341.78,7.43,8,0.67,1674,0
337,9,1224.26,136.03,6,0.94,1464,1
361,33,1511.28,45.8,6,0.41,1301,1
212,11,2127.52,193.41,8,0.78,370,1
163,17,2370.92,139.47,1,0.97,540,1
127,24,1464.45,61.02,2,0.71,1105,0
223,18,3954.35,219.69,7,0.72,1535,1
216,43,1123.99,26.14,7,0.62,936,1
108,48,3485.62,72.62,0,0.98,1364,0
9,25,4260.32,170.41,2,0.3,615,0
56,26,3022.45,116.25,2,0.78,686,0
349,3,1777.25,592.42,0,0.42,1122,1
153,12,947.58,78.96,6,0.16,1047,1
176,2,680.39,340.2,0,0.74,253,1
171,42,3723.43,88.65,8,0.83,727,0
285,12,2350.97,195.91,5,0.86,1567,1
24,17,241.13,14.18,7,0.92,987,0
31,42,4919.36,117.13,4,0.74,1364,0
101,35,3359.8,95.99,9,0.53,1513,0
178,31,4222.47,136.21,2,0.94,545,0
245,2,2196.56,1098.28,5,0.21,451,1
179,28,4777.64,170.63,0,0.08,1071,1
161,28,1005.63,35.92,8,0.43,891,0
342,16,933.83,58.36,5,0.58,1649,1
59,37,4452.77,120.35,1,0.68,357,0
209,46,4459.67,96.95,8,0.82,788,0
198,13,2500.11,192.32,9,0.03,117,1
173,17,637.67,37.51,0,0.8,682,0
294,16,1533.03,95.81,8,0.6,1084,1
98,41,3773.22,92.03,7,0.95,1464,0
348,4,4231.5,1057.88,3,0.35,1545,1
121,44,1744.8,39.65,6,0.62,32,0
199,38,315.56,8.3,7,0.77,1595,0
190,24,3331.98,138.83,4,0.52,1262,1
310,29,3700.09,127.59,6,0.16,391,1
160,44,2125.83,48.31,0,0.05,417,0
104,38,2919.66,76.83,9,0.11,1424,0
8,14,4936.98,352.64,9,0.49,1276,0
133,3,1232.54,410.85,2,0.64,399,1
301,33,2869.16,86.94,4,0.57,816,1
4,8,3058.69,382.34,2,0.71,1571,0
327,5,2750.04,550.01,3,0.04,66,1
198,49,4346.96,88.71,2,0.14,947,1
52,24,3028.99,126.21,8,0.76,1599,0
110,32,2544.37,79.51,6,0.78,37,0
202,11,623.84,56.71,8,0.7,1011,1
115,5,3519.01,703.8,7,0.75,1032,1
40,4,669.22,167.3,7,0.96,592,0
243,18,142.58,7.92,1,0.94,998,0
245,1,2447.77,2447.77,8,0.64,1292,1
44,21,2866.5,136.5,7,0.32,539,1
103,16,4995.28,312.2,1,0.01,920,1
89,26,3564.51,137.1,0,0.63,993,0
241,29,4244.47,146.36,7,0.43,92,1
266,16,1738.48,108.66,3,0.15,411,1
265,23,2549.48,110.85,3,0.22,1197,1
342,4,4871.6,1217.9,3,0.94,907,1
280,15,2092.77,139.52,8,0.07,1770,1
117,48,4038.38,84.13,3,0.79,1556,0
40,49,2634.69,53.77,3,0.9,428,0
224,24,1127.57,46.98,3,0.69,1819,1
334,47,2906.29,61.84,0,0.06,1578,1
355,25,1098.13,43.93,0,0.85,784,1
84,7,25.1,3.59,4,0.65,1144,0
87,43,1187.12,27.61,0,0.28,532,0
14,21,973.79,46.37,7,0.63,169,0
52,31,1860.9,60.03,4,0.14,456,0
202,32,4444.1,138.88,5,0.71,1340,0
200,16,1945.39,121.59,3,0.9,1054,1
136,36,4227.49,117.43,7,0.52,822,0
113,25,2782.51,111.3,4,0.95,893,0
303,18,48.0,2.67,0,0.44,1454,1
168,15,951.8,63.45,4,0.86,1279,1
295,37,4657.08,125.87,1,0.77,1171,1
351,13,3024.83,232.68,5,0.09,929,1
116,7,4648.44,664.06,5,0.91,34,1
74,44,1557.5,35.4,4,0.91,628,0
347,17,3585.65,210.92,3,0.35,256,1
232,32,3862.41,120.7,5,0.79,1419,1
106,36,4878.74,135.52,6,0.22,662,0
227,42,100.7,2.4,8,0.03,469,1
188,31,4761.66,153.6,9,0.21,894,1
330,35,1964.04,56.12,0,0.48,891,1
94,42,4191.58,99.8,6,0.06,1703,0
361,47,2728.12,58.05,0,0.16,350,1
341,3,2827.6,942.53,4,0.95,1505,1
66,37,1803.3,48.74,7,0.49,417,0
60,9,4144.08,460.45,5,0.82,1468,1
195,44,1327.43,30.17,8,0.21,996,1
17,3,2466.28,822.09,9,0.09,998,1
109,13,2805.27,215.79,9,0.78,1295,1
159,10,3715.18,371.52,6,0.35,196,1
353,30,2363.46,78.78,6,0.46,1460,1
362,1,3404.61,3404.61,8,0.99,1368,1
56,1,2431.62,2431.62,2,0.32,386,1
325,25,3300.01,132.0,3,0.47,185,1
34,48,3373.98,70.29,3,0.63,1328,0
273,26,3550.11,136.54,7,0.09,194,1
308,22,4118.27,187.19,3,0.72,1070,1
325,33,2708.21,82.07,1,0.45,487,1
82,28,974.46,34.8,7,0.18,1319,1
326,19,3401.41,179.02,7,0.43,1686,1
43,29,394.82,13.61,5,0.46,1540,0
189,1,1102.59,1102.59,8,0.64,1376,1
171,12,3962.87,330.24,7,0.94,1183,0
115,34,2181.0,64.15,9,0.77,167,0
9,17,2495.24,146.78,2,0.38,1735,0
282,3,4937.11,1645.7,1,0.97,1679,1
123,7,1183.51,169.07,3,0.79,141,1
241,43,107.57,2.5,8,0.03,1436,1
150,17,565.75,33.28,9,0.12,222,1
137,2,1230.06,615.03,1,0.22,1113,1
323,36,3632.34,100.9,8,0.08,478,1
35,26,3881.35,149.28,4,0.49,257,0
269,23,2831.79,123.12,8,0.34,443,1
272,44,1282.68,29.15,6,0.97,604,0
139,16,2613.49,163.34,0,0.47,656,0
96,29,84.64,2.92,4,0.21,569,0
2,37,3412.19,92.22,0,0.97,860,0
341,30,3075.34,102.51,3,0.51,1178,1
345,11,118.76,10.8,7,0.07,862,1
88,34,4086.89,120.2,6,0.08,1085,1
12,37,3819.5,103.23,7,0.68,720,0
45,6,1548.04,258.01,6,0.49,527,0
25,9,3180.53,353.39,0,0.62,295,0
303,34,3011.45,88.57,5,0.85,588,1
325,6,724.47,120.74,4,0.68,375,1
56,44,974.36,22.14,5,0.86,960,0
272,6,3419.2,569.87,2,0.74,1204,1
66,48,4668.42,97.26,7,0.67,1547,0
134,33,2885.66,87.44,6,0.13,559,0
219,22,2843.39,129.24,4,0.48,256,1
263,14,3236.94,231.21,0,0.43,1493,1
319,17,2208.49,129.91,0,0.54,1332,1
17,37,280.32,7.58,3,0.39,598,0
72,37,1988.55,53.74,5,0.62,1817,0
103,11,4502.26,409.3,9,0.39,1181,1
113,27,4026.68,149.14,7,0.56,1375,1
364,49,4637.84,94.65,4,0.39,660,1
283,13,772.63,59.43,2,0.9,822,1
117,34,2534.73,74.55,1,0.37,656,0
354,9,2927.79,325.31,1,0.73,1343,1
182,41,1057.53,25.79,0,0.61,1492,0
183,9,1012.84,112.54,9,0.39,1574,1
158,15,3912.34,260.82,0,0.81,626,0
53,23,3362.54,146.2,8,0.93,1409,0
341,19,3239.47,170.5,5,0.76,1256,1
6,9,1342.27,149.14,6,0.95,52,0
64,32,2538.78,79.34,9,0.44,1457,0
84,1,125.12,125.12,7,0.91,266,0
102,49,658.43,13.44,1,0.88,260,0
48,3,2596.07,865.36,9,0.76,222,1
7,17,1555.26,91.49,1,0.84,1015,0
247,46,4828.69,104.97,5,0.73,87,0
353,8,2362.71,295.34,6,0.51,935,1
45,4,426.99,106.75,2,0.55,1312,0
108,37,99.03,2.68,6,0.42,991,0
185,4,3629.04,907.26,6,0.66,509,1
338,45,865.82,19.24,9,0.32,629,1
253,23,947.18,41.18,9,0.74,1325,1
279,43,2124.8,49.41,3,0.51,639,0
212,13,1327.66,102.13,6,0.35,1225,1
152,7,3086.72,440.96,8,0.15,1264,1
73,48,2433.61,50.7,0,0.26,969,0
315,38,566.14,14.9,6,0.64,697,1
293,45,3925.86,87.24,9,0.37,137,1
10,16,2135.04,133.44,1,0.03,1366,0
261,20,3058.06,152.9,7,0.33,578,1
31,29,29.67,1.02,0,0.37,846,0
269,22,3135.74,142.53,4,0.23,78,1
301,12,1421.42,118.45,8,0.29,1362,1
48,19,2476.91,130.36,9,0.7,1663,0
158,30,1495.63,49.85,7,0.75,1606,0
46,2,4981.34,2490.67,7,0.96,583,1
207,17,1161.9,68.35,2,0.12,189,1
338,15,4565.17,304.34,8,0.31,200,1
30,4,4590.65,1147.66,6,0.08,712,1
145,7,2110.79,301.54,9,0.61,34,1
355,25,1526.98,61.08,6,0.02,351,1
110,6,1911.37,318.56,0,0.21,1127,1
49,17,4946.8,290.99,5,0.59,105,0
178,28,3097.79,110.64,7,0.36,1144,0
186,43,2728.45,63.45,7,0.54,1587,1
242,5,189.23,37.85,3,0.64,1815,1
115,22,4240.74,192.76,1,0.84,1774,0
348,6,428.19,71.36,8,0.39,548,1
190,22,244.39,11.11,8,0.28,1188,1
105,24,1381.54,57.56,8,0.54,113,1
350,40,2384.19,59.6,6,0.07,457,1
337,22,4477.49,203.52,8,0.04,1428,1
182,46,3952.49,85.92,4,0.45,397,0
10,7,996.18,142.31,7,0.22,576,0
218,3,1866.68,622.23,4,0.01,766,1
203,1,3903.4,3903.4,7,0.68,623,1
54,18,2640.19,146.68,1,0.82,1357,0
231,10,880.71,88.07,2,0.15,1659,1
307,5,1986.32,397.26,2,0.56,996,1
39,12,3133.42,261.12,4,0.98,1062,0
264,48,4866.4,101.38,8,0.27,1343,1
52,40,3312.44,82.81,1,0.73,748,0
273,1,90.81,90.81,7,0.16,845,1
153,45,3527.99,78.4,8,0.93,1736,0
3,11,1261.82,114.71,6,0.0,721,1
352,20,4312.17,215.61,6,0.29,506,1
61,17,1925.61,113.27,1,0.98,67,0
217,20,1006.08,50.3,6,0.67,68,1
67,38,2345.06,61.71,2,0.21,1409,0
340,35,1283.44,36.67,2,0.79,444,1
269,30,1186.75,39.56,8,0.9,1358,1
293,31,2870.58,92.6,6,0.49,109,1
158,36,3839.06,106.64,9,0.16,1457,1
171,10,4176.42,417.64,4,0.26,761,1
231,20,1994.37,99.72,3,0.94,1494,0
286,6,343.35,57.22,9,0.16,1521,1
309,35,2425.04,69.29,6,0.31,1053,1
7,22,2174.57,98.84,8,0.15,1780,1
242,32,992.92,31.03,0,0.11,1727,1
40,28,4481.76,160.06,5,0.52,1287,0
105,14,4871.0,347.93,8,0.4,913,1
302,7,268.22,38.32,8,0.05,1692,1
92,48,3980.77,82.93,7,0.15,1770,0
291,15,3232.13,215.48,1,0.04,763,1
169,6,1314.57,219.1,5,0.02,612,1
85,15,3179.43,211.96,1,0.18,573,1
122,45,651.93,14.49,8,0.74,1708,0
194,13,356.34,27.41,6,0.01,306,1
279,49,4967.51,101.38,1,0.3,35,0
221,23,3185.49,138.5,7,0.56,929,1
340,43,1273.58,29.62,7,0.74,1737,1
316,33,2255.67,68.35,0,0.68,616,1
275,3,4750.94,1583.65,0,0.99,935,1
220,25,2199.24,87.97,2,0.28,223,1
106,21,4503.22,214.44,0,0.0,1502,0
151,10,4345.36,434.54,5,0.04,1702,1
44,27,1727.34,63.98,8,0.1,1168,1
137,6,3483.08,580.51,0,0.98,252,0
338,35,3305.89,94.45,6,0.57,205,1
156,41,3858.35,94.11,4,0.8,1357,0
42,5,1835.99,367.2,8,0.99,260,0
238,24,270.66,11.28,4,0.84,152,1
351,33,863.49,26.17,6,0.41,1627,1
316,4,3086.6,771.65,9,0.88,976,1
100,20,3877.75,193.89,1,0.43,1098,0
166,13,3782.68,290.98,3,0.11,1241,1
194,2,2922.57,1461.28,2,0.55,648,1
91,40,432.94,10.82,1,0.92,450,0
98,22,96.27,4.38,6,0.78,961,0
87,37,3912.89,105.75,0,0.4,165,0
363,29,2751.39,94.88,3,0.85,559,1
272,43,3915.73,91.06,1,0.46,1095,0
307,49,822.31,16.78,6,0.68,1722,0
298,30,2043.04,68.1,7,0.33,1112,1
350,18,4596.65,255.37,4,0.19,1378,1
39,21,866.27,41.25,4,0.31,590,0
321,41,317.02,7.73,4,0.88,132,1
25,21,3270.8,155.75,1,0.99,705,0
174,26,2976.74,114.49,3,0.26,1270,1
217,10,4760.63,476.06,9,0.17,111,1
131,49,4533.28,92.52,0,0.07,1584,0
54,32,3749.66,117.18,7,0.75,560,0
70,17,105.59,6.21,1,0.53,1264,0
301,29,2407.13,83.0,1,0.56,1614,1
117,20,4481.55,224.08,2,0.05,1127,1
113,8,2173.92,271.74,2,0.08,337,1
337,43,4811.11,111.89,3,0.91,488,1
53,44,3265.92,74.23,8,0.58,870,0
334,41,556.19,13.57,9,0.22,1787,1
336,19,2551.27,134.28,6,0.21,1244,1
218,13,3481.13,267.78,1,0.24,1136,1
61,3,336.19,112.06,9,0.06,1471,1
57,36,1729.8,48.05,8,0.05,283,1
104,17,3588.23,211.07,0,0.72,175,0
211,44,793.79,18.04,3,0.26,1077,1
56,43,1748.22,40.66,7,0.38,1092,0
166,7,3452.65,493.24,0,0.54,492,1
43,45,3879.95,86.22,0,0.32,1155,0
197,7,2597.37,371.05,6,0.48,304,1
8,25,4784.72,191.39,3,0.87,384,0
259,24,4627.4,192.81,4,0.24,1634,1
21,47,2372.45,50.48,7,0.79,85,0
71,33,809.77,24.54,5,0.26,1031,0
64,43,3866.93,89.93,7,0.19,1545,0
303,30,1223.27,40.78,1,0.07,1309,1
20,41,4215.68,102.82,0,0.68,819,0
157,42,2939.85,70.0,2,0.41,594,0
216,43,1976.52,45.97,2,0.77,139,0
188,21,2786.35,132.68,3,0.13,253,1
248,19,2668.72,140.46,7,0.6,1067,1
293,49,4624.42,94.38,1,0.01,978,1
144,38,1079.67,28.41,1,0.23,706,0
302,45,4641.51,103.14,2,0.61,554,1
116,29,166.39,5.74,3,0.06,173,1
359,46,3848.32,83.66,1,0.38,251,1
184,36,4599.14,127.75,1,0.56,545,0
268,37,1976.32,53.41,5,0.73,1688,1
319,9,374.61,41.62,1,0.71,616,1
289,28,4025.29,143.76,1,0.15,237,1
310,36,4215.9,117.11,8,0.08,1061,1
196,38,1687.92,44.42,0,0.38,257,0
16,47,2597.78,55.27,0,0.24,753,0
180,17,4049.25,238.19,0,0.31,1336,0
67,15,968.29,64.55,5,0.34,222,1
324,48,3148.59,65.6,6,0.4,1686,1
87,49,2158.85,44.06,6,0.52,1170,0
84,9,880.33,97.81,6,0.01,1671,1
91,19,4158.89,218.89,0,0.3,1338,1
234,47,1630.16,34.68,3,0.26,1763,0
208,10,4672.79,467.28,6,0.24,940,1
346,39,2848.98,73.05,6,0.79,59,1
152,6,2577.4,429.57,3,0.25,143,1
103,9,2122.3,235.81,8,0.15,358,1
18,39,2009.35,51.52,8,0.85,215,0
3,30,4091.65,136.39,7,0.38,1480,0
136,28,3390.73,121.1,7,0.18,1725,1
337,42,3870.71,92.16,9,0.75,1145,1
191,16,2111.21,131.95,7,0.66,369,1
326,25,1314.57,52.58,5,0.95,1787,1
38,30,443.46,14.78,3,0.88,581,0
34,37,3885.51,105.01,3,0.69,1613,0
304,17,2082.23,122.48,8,0.16,1264,1
39,32,2551.03,79.72,2,0.48,815,0
19,22,2352.02,106.91,6,0.12,1451,0
148,27,2161.38,80.05,5,0.55,1221,0
337,43,3422.66,79.6,3,0.92,1665,1
251,20,3047.58,152.38,4,0.0,1120,1
37,33,4860.55,147.29,0,0.88,739,0
305,47,703.13,14.96,7,0.54,199,1
308,38,2871.86,75.58,0,0.15,1811,1
292,49,325.57,6.64,0,0.86,1430,0
329,29,4041.51,139.36,2,0.54,216,1
88,14,3085.39,220.38,5,0.45,1119,1
357,49,2147.61,43.83,2,0.5,1513,1
117,32,4013.16,125.41,8,0.15,1286,0
292,12,2280.46,190.04,9,0.11,518,1
211,16,1146.65,71.67,3,0.66,277,1
284,13,2367.78,182.14,9,0.88,1712,1
229,41,363.45,8.86,0,0.69,694,0
234,5,4490.33,898.07,1,0.84,1590,1
225,37,3657.48,98.85,3,0.84,865,0
284,28,3803.98,135.86,9,0.03,1398,1
270,4,4373.72,1093.43,5,0.77,466,1
49,31,3959.95,127.74,7,0.77,1113,0
301,37,2164.94,58.51,6,0.35,1035,1
196,36,602.0,16.72,4,0.41,414,0
118,26,1873.09,72.04,9,0.75,1252,1
188,17,4671.08,274.77,9,0.99,859,1
352,9,4745.96,527.33,4,0.99,1203,1
313,1,3841.68,3841.68,7,0.47,92,1
304,18,1030.11,57.23,6,0.79,250,1
169,31,980.3,31.62,5,0.47,1303,1
286,2,4400.06,2200.03,1,0.87,1817,1
141,49,718.16,14.66,2,0.65,238,0
250,29,2924.85,100.86,9,0.94,75,1
233,15,1897.48,126.5,2,1.0,493,1
91,48,1517.03,31.6,6,0.33,106,0
97,10,3390.14,339.01,9,0.98,469,0
23,47,4798.25,102.09,6,0.69,1272,0
51,14,3890.39,277.88,2,0.24,1444,0
158,19,2435.95,128.21,8,0.0,1162,1
174,21,2209.15,105.2,0,0.68,749,1
61,49,4539.24,92.64,7,0.22,308,0
152,13,2894.75,222.67,2,0.23,989,1
220,48,2488.23,51.84,6,0.55,1761,0
85,18,3417.35,189.85,4,0.03,404,1
124,14,1193.4,85.24,5,0.42,1003,1
134,32,328.04,10.25,3,0.8,629,0
184,34,4277.01,125.79,5,0.03,672,1
134,17,3040.24,178.84,9,0.62,948,1
269,7,832.74,118.96,8,0.16,333,1
120,20,1497.26,74.86,4,0.86,378,0
158,27,4949.77,183.32,9,0.39,103,1
139,2,3175.77,1587.88,8,0.81,1268,1
67,4,3184.2,796.05,6,0.72,1661,1
250,45,370.1,8.22,5,0.88,836,0
86,2,4845.27,2422.64,0,0.52,1143,1
109,20,4464.99,223.25,5,0.49,1795,0
289,38,2743.43,72.2,2,0.04,1392,1
346,17,1553.85,91.4,1,0.53,472,1
245,25,3493.3,139.73,8,0.52,1422,1
334,5,4168.54,833.71,2,0.61,740,1
311,39,3932.75,100.84,6,0.13,1751,1
176,32,4885.47,152.67,8,0.54,1689,1
281,42,3187.91,75.9,5,0.45,104,1
120,43,1612.91,37.51,7,0.6,1620,0
168,18,2494.66,138.59,7,0.66,461,0
195,3,4083.42,1361.14,4,0.36,899,1
350,17,1334.06,78.47,9,0.5,1374,1
309,8,1164.73,145.59,9,0.4,251,1
179,27,3626.92,134.33,3,0.77,58,0
238,8,2227.69,278.46,8,0.8,763,1
74,46,4084.69,88.8,1,0.29,1074,0
293,30,726.98,24.23,1,0.26,1084,1
202,13,1685.13,129.63,5,0.68,1739,1
194,46,1347.82,29.3,6,0.77,486,0
279,38,3492.36,91.9,5,0.01,1308,1
231,22,3799.05,172.68,7,0.43,373,1
27,8,2285.45,285.68,3,0.31,837,1
105,17,2395.37,140.9,8,0.77,983,0
65,29,668.84,23.06,9,0.14,800,1
268,38,3512.12,92.42,0,0.78,345,0
13,13,4961.66,381.67,4,0.66,371,0
74,37,3891.83,105.18,2,0.84,1599,0
218,14,1123.33,80.24,6,0.99,1736,1
253,13,3119.38,239.95,4,0.48,163,1
184,22,1481.83,67.36,2,0.7,447,1
314,8,160.58,20.07,2,0.71,1802,1
335,20,907.32,45.37,3,0.84,239,1
49,18,521.94,29.0,1,0.52,995,0
347,14,987.7,70.55,1,0.11,549,1
224,39,3980.07,102.05,6,0.98,1795,0
232,17,1471.23,86.54,9,0.06,1366,1
35,35,3787.63,108.22,5,0.96,1378,0
227,36,4744.82,131.8,9,0.26,147,1
265,33,2875.62,87.14,1,0.49,304,1
212,14,2432.19,173.73,9,0.95,1456,1
31,41,3753.13,91.54,5,0.68,438,0
191,12,494.48,41.21,7,0.59,809,1
341,14,2146.78,153.34,0,0.33,221,1
264,43,2499.13,58.12,6,0.29,69,1
51,17,4156.95,244.53,3,0.03,1338,1
350,35,4072.95,116.37,8,0.59,348,1
350,3,4242.84,1414.28,7,0.43,332,1
62,31,3492.39,112.66,8,0.22,1543,0
292,43,2657.47,61.8,8,0.38,1312,1
149,35,4141.12,118.32,7,0.94,413,0
217,29,4367.68,150.61,2,0.85,1572,0
163,42,2407.62,57.32,2,0.43,1771,0
285,15,4928.45,328.56,8,0.98,769,1
363,19,4375.34,230.28,6,0.46,845,1
290,4,2557.24,639.31,8,0.35,1216,1
340,35,355.75,10.16,7,0.39,294,1
345,36,1130.22,31.4,6,0.87,1636,1
33,37,3884.23,104.98,1,0.27,254,0
93,37,564.66,15.26,9,0.22,1381,1
263,7,2354.3,336.33,2,0.96,1065,1
215,33,3028.21,91.76,2,0.73,264,0
19,38,4392.95,115.6,1,0.76,823,0
35,10,4237.1,423.71,0,0.74,555,0
190,24,3823.75,159.32,3,0.68,1712,0
225,45,2044.39,45.43,8,0.09,991,1
62,21,719.82,34.28,8,0.75,690,0
63,37,3351.55,90.58,4,0.25,504,0
48,26,914.63,35.18,3,0.13,286,0
206,33,2810.96,85.18,3,0.98,938,0
3,31,4903.58,158.18,9,0.03,944,0
209,32,2756.05,86.13,0,0.03,1740,1
174,39,3231.33,82.85,0,0.31,1193,1
170,45,3391.1,75.36,0,0.84,843,0
248,15,4153.64,276.91,8,0.98,698,1
191,46,2180.55,47.4,0,0.12,499,0
265,31,2492.57,80.41,9,0.4,1190,1
279,30,888.1,29.6,1,0.73,293,1
335,17,3077.25,181.01,5,0.65,40,1
291,21,1485.83,70.75,9,0.23,1647,1
189,32,2543.05,79.47,1,0.33,90,1
180,18,3835.12,213.06,2,0.59,442,1
86,15,97.67,6.51,7,0.04,1032,1
219,41,2823.94,68.88,8,0.76,377,1
51,21,875.49,41.69,9,0.28,1232,1
339,32,1404.12,43.88,0,0.83,1019,1
308,2,183.22,91.61,7,0.68,164,1
44,4,855.62,213.9,3,0.65,858,0
287,42,4933.28,117.46,5,0.77,1520,1
43,7,4992.63,713.23,9,0.08,722,1
263,39,3602.04,92.36,9,0.26,1246,1
32,45,3063.17,68.07,1,0.52,1068,0
178,24,3887.26,161.97,4,0.78,856,0
240,44,4483.81,101.9,2,0.85,1052,0
266,21,2601.33,123.87,6,0.38,904,1
153,47,186.07,3.96,8,0.79,152,0
336,12,3549.89,295.82,3,0.22,813,1
282,21,4923.17,234.44,1,0.08,774,1
76,20,1297.68,64.88,0,0.25,1428,0
245,39,2322.69,59.56,0,0.9,1324,0
266,3,1812.76,604.25,3,0.54,1059,1
122,41,1958.43,47.77,9,0.48,715,1
269,2,3609.79,1804.9,2,0.74,1160,1
328,16,1898.24,118.64,4,0.01,1820,1
298,30,4706.01,156.87,6,0.12,1532,1
278,8,3950.4,493.8,6,0.1,452,1
231,25,147.96,5.92,2,0.12,533,1
99,49,4094.56,83.56,1,0.45,920,0
290,41,3866.56,94.31,1,0.28,1215,0
133,2,2587.3,1293.65,2,0.79,1239,1
194,29,2489.12,85.83,0,0.84,1435,0
115,30,4179.28,139.31,4,0.92,1013,0
114,4,2129.68,532.42,6,0.2,1509,1
58,32,805.72,25.18,6,0.5,100,0
350,26,1571.37,60.44,9,0.05,420,1
54,34,1333.36,39.22,2,0.24,952,0
32,15,3408.48,227.23,6,0.62,967,0
341,13,902.58,69.43,8,0.42,1764,1
203,37,3227.41,87.23,0,0.69,1213,0
160,36,2335.18,64.87,7,0.84,759,0
269,8,4199.91,524.99,0,0.06,1082,1
140,11,2430.14,220.92,5,0.94,238,1
47,29,4649.72,160.34,8,0.04,732,0
266,41,4503.34,109.84,4,0.98,68,0
65,10,934.59,93.46,5,0.64,299,1
202,11,3433.97,312.18,6,0.04,770,1
346,40,1080.98,27.02,5,0.39,38,1
341,35,4118.29,117.67,7,0.26,362,1
132,45,3182.26,70.72,8,0.8,1634,0
285,39,1477.65,37.89,1,0.23,1528,1
224,47,1253.13,26.66,4,0.83,1050,0
175,10,2153.59,215.36,8,0.31,1739,1
51,14,4005.61,286.12,3,0.99,85,0
137,12,3982.85,331.9,4,0.27,1718,1
238,3,176.55,58.85,7,0.68,920,1
360,39,1518.41,38.93,9,0.8,702,1
2,33,2120.03,64.24,2,0.22,1449,0
262,5,2932.05,586.41,9,0.08,846,1
309,10,756.14,75.61,7,0.55,1109,1
347,10,1683.06,168.31,0,0.68,595,1
155,20,4429.13,221.46,8,0.82,970,0
44,23,2387.97,103.82,3,0.27,261,1
99,15,3723.27,248.22,2,0.87,415,0
310,46,2429.04,52.81,5,0.92,1033,1
320,11,2330.26,211.84,5,0.78,1724,1
232,28,3113.41,111.19,5,0.01,364,1
45,22,1304.23,59.28,0,0.09,1068,0
45,19,1256.51,66.13,8,1.0,136,0
175,41,4946.88,120.66,3,0.73,938,0
215,48,4346.27,90.55,1,0.63,1554,0
12,1,3691.4,3691.4,5,0.9,639,1
250,23,694.35,30.19,6,0.04,1463,1
199,6,160.82,26.8,1,0.76,735,1
5,22,885.31,40.24,9,0.65,1692,0
35,31,4689.28,151.27,6,0.85,1158,0
166,21,4083.29,194.44,9,0.78,617,1
264,16,2620.15,163.76,6,0.48,506,1
301,16,4844.22,302.76,0,0.07,1592,1
157,15,741.44,49.43,2,0.91,893,1
108,16,2800.16,175.01,9,0.76,745,0
353,19,924.28,48.65,5,0.36,1083,1
167,34,1539.08,45.27,1,0.98,160,0
115,5,4701.27,940.25,0,0.31,360,1
162,3,4342.71,1447.57,5,0.37,851,1
5,26,517.98,19.92,5,0.97,552,0
110,34,1255.22,36.92,2,0.67,1024,0
188,13,2976.59,228.97,1,0.88,655,1
335,10,316.15,31.62,6,0.89,805,1
269,31,2754.92,88.87,4,0.54,1428,1
285,19,2926.61,154.03,0,0.27,1439,1
199,37,1461.93,39.51,0,0.85,554,0
41,8,1472.68,184.08,2,0.5,661,0
143,6,1153.11,192.18,5,0.56,1178,1
363,28,4679.03,167.11,3,0.54,1683,1
17,20,1950.47,97.52,0,0.01,1007,0
321,36,2930.49,81.4,9,0.05,163,1
250,25,1514.86,60.59,6,0.62,1099,1
104,18,3516.29,195.35,5,0.79,1323,0
284,8,516.19,64.52,2,0.46,1711,1
305,9,367.49,40.83,7,0.19,1697,1
16,38,3723.98,98.0,9,0.41,1269,0
39,12,3636.07,303.01,6,0.77,1022,0
243,25,1332.36,53.29,2,0.11,330,1
364,41,1781.68,43.46,3,0.56,1607,1
9,44,4786.73,108.79,9,0.7,885,0
243,14,530.61,37.9,0,0.42,1271,1
50,6,923.9,153.98,2,0.6,1349,0
237,38,2155.89,56.73,1,0.88,56,0
227,34,1417.67,41.7,6,0.21,699,1
33,17,3248.55,191.09,4,0.14,1234,1
248,30,3456.1,115.2,1,0.06,879,1
327,10,2636.68,263.67,9,0.73,1208,1
315,35,3059.87,87.42,5,0.9,1039,1
11,36,2172.77,60.35,2,0.69,30,0
90,15,3804.33,253.62,9,0.98,578,1
88,23,220.07,9.57,6,0.71,764,0
165,17,1571.33,92.43,1,0.29,720,1
53,2,3425.31,1712.66,8,0.26,99,1
311,7,1654.93,236.42,0,0.67,63,1
283,48,401.89,8.37,9,0.68,555,1
295,23,1731.62,75.29,3,0.52,1557,1
73,8,3560.36,445.04,2,0.53,1800,1
6,3,618.7,206.23,0,0.42,1532,1
332,18,3625.91,201.44,9,0.35,1717,1
106,49,3879.52,79.17,5,0.63,1692,0
239,19,3180.15,167.38,6,0.75,1259,1
332,49,1228.73,25.08,8,0.81,250,0
14,24,4028.42,167.85,5,0.31,688,0
2,38,1080.07,28.42,2,0.86,1351,0
2,39,4530.05,116.16,7,0.3,741,0
57,2,3536.16,1768.08,5,0.3,512,1
19,1,283.05,283.05,2,0.81,98,0
299,46,3998.44,86.92,8,0.97,637,0
221,46,2537.1,55.15,8,0.93,637,0
357,7,2268.72,324.1,2,0.11,1490,1
292,32,2108.35,65.89,6,0.29,1437,1
351,46,3037.08,66.02,9,0.76,233,1
87,47,3625.65,77.14,7,0.81,962,0
105,15,4480.92,298.73,1,0.5,1650,1
310,41,1371.99,33.46,8,0.02,885,1
90,32,3157.57,98.67,0,0.5,1746,0
21,46,3434.85,74.67,6,0.03,193,0
244,8,3377.24,422.16,5,0.28,608,1
292,30,2470.07,82.34,0,0.66,1679,1
353,2,1961.2,980.6,7,0.13,1315,1
338,18,3814.27,211.9,2,0.71,538,1
44,1,1507.05,1507.05,8,0.62,1630,1
282,22,1048.19,47.64,8,0.43,717,1
308,40,2733.69,68.34,5,0.37,1452,1
255,33,1345.38,40.77,6,0.91,623,0
299,16,175.83,10.99,0,0.55,638,1
306,21,267.36,12.73,8,0.89,620,1
163,19,3478.1,183.06,6,0.41,685,1
15,36,4866.0,135.17,3,0.59,1105,0
167,14,2278.9,162.78,0,0.95,1482,0
74,5,743.84,148.77,5,0.12,1155,1
42,25,4092.24,163.69,9,0.26,76,1
46,41,1314.57,32.06,8,0.92,1104,0
254,24,4978.18,207.42,0,0.42,804,1
184,11,2820.69,256.43,7,0.27,152,1
197,3,1170.84,390.28,0,1.0,623,1
272,47,2485.06,52.87,3,0.1,1770,1
200,38,1683.55,44.3,4,0.61,655,0
230,8,3899.57,487.45,0,0.79,1311,1
32,4,538.02,134.5,1,0.79,388,0
310,7,4286.44,612.35,8,0.44,1614,1
164,19,3839.01,202.05,6,0.04,1491,1
57,40,4308.21,107.71,7,0.84,316,0
297,8,4476.02,559.5,5,0.8,1270,1
268,41,1156.59,28.21,4,0.24,1703,1
20,1,2609.82,2609.82,0,0.34,1653,1
71,37,4251.11,114.89,5,0.51,1325,0
6,14,1893.17,135.23,7,0.11,1339,1
99,48,311.43,6.49,2,0.82,928,0
37,24,1465.26,61.05,4,0.92,297,0
259,14,1217.18,86.94,4,0.31,71,1
191,12,4351.61,362.63,8,0.92,556,1
357,41,2324.59,56.7,1,0.8,484,1
273,20,3420.89,171.04,1,0.73,1670,1
223,18,4810.97,267.28,2,0.97,1535,0
186,37,1502.95,40.62,1,0.32,612,1
20,27,3808.39,141.05,8,0.92,710,0
26,33,123.59,3.75,2,0.1,1364,0
225,22,529.54,24.07,3,0.48,1247,1
2,4,817.71,204.43,2,0.55,1621,1
16,1,1568.97,1568.97,8,0.12,1341,1
80,2,2020.91,1010.46,6,0.74,1271,1
322,29,2390.31,82.42,4,0.48,1422,1
168,26,1234.2,47.47,7,0.46,1634,1
259,37,340.41,9.2,0,0.58,716,1
150,44,3390.84,77.06,6,0.13,481,1
64,9,128.07,14.23,3,0.2,1663,1
136,47,4049.26,86.15,3,0.18,319,0
34,46,4646.48,101.01,1,0.95,554,0
281,31,3554.74,114.67,0,0.77,274,0
67,26,2983.84,114.76,6,0.53,1530,0
138,9,3288.52,365.39,8,0.66,1676,1
357,9,3264.59,362.73,9,0.65,792,1
216,1,4659.21,4659.21,2,0.26,208,1
167,32,4821.89,150.68,7,0.09,450,1
198,22,2139.29,97.24,1,0.55,1069,0
286,10,3089.23,308.92,7,0.26,646,1
93,7,4016.01,573.72,5,0.87,1376,0
232,4,15.18,3.8,8,0.24,1465,1
318,32,2639.81,82.49,0,0.57,813,1
209,34,3267.85,96.11,7,0.42,1133,1
163,31,3588.86,115.77,4,0.74,144,0
53,6,1850.26,308.38,5,0.95,275,0
91,3,1485.27,495.09,5,0.41,633,1
345,6,918.89,153.15,7,0.04,252,1
198,37,2793.5,75.5,5,0.66,56,0
110,37,4597.32,124.25,4,0.13,1263,0
153,15,4480.93,298.73,4,0.1,72,1
211,3,1806.23,602.08,0,0.66,459,1
196,16,1296.7,81.04,7,0.1,1324,1
255,40,3946.08,98.65,7,0.13,404,1
94,8,3627.65,453.46,5,0.44,438,1
237,40,2531.65,63.29,7,0.45,1375,1
162,23,1951.26,84.84,2,0.91,69,0
343,7,627.75,89.68,2,0.28,609,1
58,46,3927.84,85.39,9,0.4,992,0
55,26,3091.15,118.89,9,0.71,152,0
169,33,1890.64,57.29,8,0.83,1200,1
186,5,4594.75,918.95,0,0.35,792,1
252,19,3301.77,173.78,5,0.63,587,1
148,31,4646.9,149.9,7,0.62,1051,0
333,32,2377.32,74.29,0,0.3,99,1
173,4,2278.54,569.64,9,0.12,1109,1
48,30,4686.82,156.23,7,0.68,862,0
44,47,4799.36,102.11,3,0.27,135,0
355,39,4804.23,123.19,5,0.32,1440,1
49,11,4096.3,372.39,9,0.57,844,1
346,45,2317.41,51.5,8,0.16,153,1
102,34,1059.39,31.16,8,0.24,675,1
35,3,1923.37,641.12,9,0.45,1367,1
111,7,4692.1,670.3,7,0.88,835,1
224,46,1824.14,39.66,9,0.77,725,0
156,11,3786.02,344.18,9,0.32,104,1
286,5,4615.79,923.16,0,0.3,145,1
223,23,4852.26,210.97,6,0.99,560,0
146,26,4738.89,182.26,3,0.65,517,0
232,29,2779.74,95.85,4,0.69,1185,1
354,33,2464.48,74.68,1,0.06,874,1
150,49,4938.33,100.78,6,0.1,256,0
56,38,1098.71,28.91,8,0.29,1199,0
149,2,945.78,472.89,4,0.84,1751,1
306,5,4816.28,963.26,6,0.91,1571,1
80,1,3449.08,3449.08,3,0.19,1814,1
346,20,2686.16,134.31,7,0.71,891,1
215,18,668.93,37.16,0,0.87,676,0
219,46,2571.07,55.89,8,0.88,129,0
116,18,4721.66,262.31,3,0.46,1252,0
336,2,3018.43,1509.22,5,0.26,819,1
14,44,2029.1,46.12,8,0.96,1170,0
109,13,2760.0,212.31,0,0.28,570,1
153,45,4431.86,98.49,9,0.25,330,0
174,38,4565.11,120.13,6,0.21,1268,1
173,44,2006.44,45.6,9,0.53,726,0
54,41,3044.22,74.25,5,0.11,979,0
83,8,1403.22,175.4,2,0.57,1790,1
35,31,2260.92,72.93,5,0.94,535,0
209,21,1107.21,52.72,5,0.5,259,1
128,31,2662.05,85.87,9,0.97,1308,0
206,37,2895.42,78.25,5,0.91,1062,1
215,25,1695.81,67.83,4,0.79,744,0
256,16,1367.87,85.49,1,0.61,1105,1
200,45,763.62,16.97,3,0.88,1687,0
236,33,706.32,21.4,5,0.55,330,1
214,44,3560.19,80.91,3,0.21,1449,0
238,12,1115.97,93.0,3,0.93,990,1
225,42,598.71,14.26,0,0.5,1475,1
116,16,4994.37,312.15,9,0.91,1676,1
90,23,1306.98,56.83,8,0.39,317,0
287,43,4481.28,104.22,2,0.34,237,1
125,18,3049.84,169.44,1,0.77,36,0
200,13,3578.2,275.25,8,0.63,370,1
72,45,2808.99,62.42,8,0.44,652,0
158,48,912.25,19.01,8,0.88,488,0
193,16,4236.79,264.8,5,0.52,1508,1
228,16,4141.58,258.85,7,0.01,1378,1
192,12,1754.93,146.24,7,0.69,661,1
132,2,3821.61,1910.8,2,0.06,1066,1
351,28,2719.77,97.13,5,0.48,591,1
187,13,4546.16,349.7,2,0.19,933,1
295,42,4016.09,95.62,7,0.24,551,1
269,9,214.57,23.84,9,0.98,1451,1
204,32,4397.59,137.42,0,0.11,439,1
323,25,4843.15,193.73,0,0.76,1785,1
47,30,3713.36,123.78,2,0.64,1703,0
336,6,608.37,101.4,1,0.2,381,1
310,23,4038.81,175.6,0,0.94,1054,1
184,31,3240.97,104.55,9,0.2,1487,1
267,17,1700.74,100.04,5,0.52,1544,1
190,43,4421.31,102.82,7,0.79,694,0
98,26,2832.18,108.93,5,0.76,1012,0
292,18,4266.11,237.01,7,0.32,292,1
90,2,3353.87,1676.94,6,0.84,481,1
115,9,1449.7,161.08,1,0.96,490,0
190,24,4875.34,203.14,1,0.47,542,1
305,20,2859.32,142.97,4,0.65,746,1
140,43,2588.61,60.2,3,0.36,1264,0
180,39,2023.51,51.88,8,0.35,1643,0
16,8,690.36,86.3,3,0.47,1073,0
43,29,3434.2,118.42,3,0.2,888,0
21,23,2159.69,93.9,5,0.69,1291,0
27,5,4673.72,934.74,1,0.17,1132,1
317,33,4825.83,146.24,8,0.01,831,1
307,27,3840.53,142.24,0,0.44,89,1
300,5,1220.05,244.01,8,0.08,1002,1
21,23,3582.74,155.77,6,0.56,144,0
29,36,111.9,3.11,8,0.52,1126,0
103,17,4133.74,243.16,2,0.14,1714,1
206,18,2473.16,137.4,9,0.25,1461,1
122,6,4684.33,780.72,8,0.02,1534,1
178,11,1895.02,172.27,4,0.59,858,1
63,49,1323.24,27.0,2,0.29,908,0
267,31,4975.33,160.49,1,0.71,973,1
115,9,2658.08,295.34,1,0.63,389,0
25,24,4317.28,179.89,5,0.37,1790,0
271,10,4556.18,455.62,9,0.02,102,1
329,22,2597.16,118.05,5,0.32,1807,1
6,8,2284.01,285.5,9,0.32,1780,1
159,31,2768.9,89.32,7,0.33,1717,0
302,28,4240.22,151.44,6,0.95,40,1
258,32,4823.65,150.74,7,0.16,1742,1
312,22,1648.33,74.92,9,0.27,456,1
152,15,3695.77,246.38,8,0.83,498,1
136,13,1434.02,110.31,1,0.93,1257,0
259,11,3058.66,278.06,5,0.47,743,1
56,22,4025.9,183.0,4,0.54,1713,0
88,23,4433.57,192.76,8,0.05,921,1
219,34,2249.09,66.15,2,0.81,240,0
244,3,1855.08,618.36,8,0.59,459,1
44,14,1274.72,91.05,4,0.48,1419,0
186,42,675.75,16.09,9,0.3,1063,1
133,45,1830.94,40.69,7,0.44,625,0
183,46,4361.17,94.81,3,0.74,423,0
349,16,2099.86,131.24,8,0.08,1250,1
28,7,1593.29,227.61,1,0.51,508,0
363,10,3698.27,369.83,0,0.03,203,1
164,7,1085.77,155.11,5,0.77,1028,1
282,47,1288.87,27.42,3,0.21,1582,0
155,44,4680.18,106.37,1,0.9,583,0
114,40,417.13,10.43,9,0.48,1299,0
281,36,2079.01,57.75,0,0.46,831,1
251,17,2887.99,169.88,5,0.36,1745,1
53,24,1159.0,48.29,2,0.52,1119,0
257,42,1412.25,33.62,2,0.34,931,0
275,40,1117.01,27.93,2,0.36,439,1
142,26,1732.48,66.63,3,0.2,1623,1
337,42,4493.54,106.99,6,0.35,112,1
234,17,2163.62,127.27,3,0.81,1000,0
122,21,2094.97,99.76,7,0.25,507,1
4,42,1939.04,46.17,4,0.82,950,0
246,19,4820.94,253.73,7,0.86,1794,1
77,37,595.32,16.09,4,0.67,199,0
276,23,4360.66,189.59,3,0.03,124,1
192,15,1642.53,109.5,5,0.56,1491,1
170,11,4782.99,434.82,6,0.83,1283,1
60,30,1582.98,52.77,4,0.37,769,0
259,24,423.54,17.65,9,0.28,429,1
61,19,2605.01,137.11,5,0.32,1107,0
153,37,1147.05,31.0,2,0.42,491,0
305,1,3767.42,3767.42,0,0.07,1197,1
336,5,3289.96,657.99,3,0.24,756,1
361,48,3435.48,71.57,0,0.65,1420,1
349,33,975.51,29.56,0,0.47,1211,1
203,27,3546.07,131.34,3,0.25,1062,1
73,1,1563.54,1563.54,2,0.93,205,1
306,30,4993.38,166.45,8,0.3,1142,1
292,22,3661.52,166.43,7,0.13,1283,1
361,30,2956.15,98.54,7,0.2,964,1
237,3,4336.92,1445.64,5,0.3,1094,1
52,27,2950.67,109.28,1,0.52,1132,0
184,29,2768.22,95.46,8,0.07,449,1
164,15,1194.2,79.61,4,0.85,827,1
307,3,3393.78,1131.26,4,0.88,256,1
143,48,1879.48,39.16,6,0.32,1423,0
120,35,224.98,6.43,1,0.78,291,0
30,31,4082.15,131.68,4,0.6,1484,0
305,38,268.85,7.08,6,0.85,1172,1
275,33,3364.78,101.96,6,0.28,958,1
16,7,792.04,113.15,5,0.61,936,0
158,23,2168.52,94.28,9,0.07,293,1
175,44,4296.87,97.66,9,0.01,1199,0
171,15,481.15,32.08,0,0.87,700,1
335,48,3339.08,69.56,0,0.29,1436,1
55,4,3066.97,766.74,5,0.45,1537,1
112,17,4338.97,255.23,8,0.23,1676,1
66,18,871.95,48.44,5,0.88,1675,0
89,31,4000.94,129.06,2,0.38,1397,0
331,9,2256.1,250.68,5,0.18,509,1
343,12,2148.93,179.08,9,0.61,521,1
17,33,1815.3,55.01,1,0.21,1719,0
231,14,1934.01,138.14,4,0.26,1759,1
85,44,2604.6,59.2,6,0.67,526,0
71,43,542.93,12.63,3,0.96,1193,0
107,15,2131.08,142.07,0,0.75,1679,0
71,28,3263.39,116.55,6,0.12,1551,1
179,17,2495.98,146.82,7,0.31,1709,1
363,17,837.49,49.26,6,0.8,661,1
214,33,1821.63,55.2,6,0.28,936,1
264,15,2220.38,148.03,6,0.74,1104,1
180,8,3347.69,418.46,3,0.47,1736,1
6,13,4504.82,346.52,0,0.88,1794,0
31,46,2756.37,59.92,9,0.36,1015,0
98,13,3385.08,260.39,2,0.93,1560,0
89,18,395.18,21.95,8,0.41,710,1
306,31,4772.79,153.96,5,0.73,1113,1
308,5,1582.89,316.58,5,0.2,1484,1
311,14,1777.92,126.99,0,0.53,1622,1
233,9,1121.99,124.67,9,0.31,224,1
203,46,432.5,9.4,5,0.01,161,1
237,46,3952.33,85.92,8,0.44,418,1
149,38,1210.05,31.84,7,0.17,212,1
244,13,1420.61,109.28,1,0.96,412,1
290,31,917.16,29.59,9,0.81,1732,1
278,33,4874.68,147.72,5,0.74,1146,1
224,43,3907.36,90.87,1,0.45,204,1
22,8,4650.2,581.28,5,0.26,1302,1
264,37,4310.0,116.49,6,0.32,1715,1
134,10,4532.42,453.24,6,0.2,1533,1
271,28,2400.38,85.73,3,0.55,1565,1
197,44,861.0,19.57,9,0.81,1645,0
321,4,1641.13,410.28,2,0.19,1378,1
124,8,1469.33,183.67,4,0.0,1600,1
340,40,3588.5,89.71,8,0.13,1460,1
308,1,138.11,138.11,0,0.46,1254,1
121,34,718.79,21.14,4,0.02,388,0
176,25,3417.6,136.7,4,0.4,1672,1
194,17,625.98,36.82,7,0.11,191,1
280,43,250.98,5.84,7,0.11,524,1
251,42,554.98,13.21,7,0.71,1326,1
311,16,3456.46,216.03,3,1.0,1331,1
135,1,705.23,705.23,4,0.19,1615,1
184,7,740.06,105.72,0,0.23,167,1
157,6,1159.2,193.2,8,0.3,1443,1
332,49,3757.04,76.67,3,0.79,254,0
112,30,1009.76,33.66,4,0.51,1123,0
214,34,186.52,5.49,6,0.57,435,0
44,12,4530.26,377.52,7,0.55,1050,1
310,42,4382.83,104.35,0,0.94,214,0
140,36,932.25,25.9,7,0.03,91,1
124,37,1334.06,36.06,3,0.16,1763,0
213,23,950.9,41.34,4,0.38,947,1
182,35,3600.48,102.87,1,0.49,866,0
309,27,1257.54,46.58,7,0.11,734,1
194,19,4657.93,245.15,4,0.89,1657,1
189,30,4139.93,138.0,1,0.68,1435,0
39,16,2946.12,184.13,1,0.93,885,0
8,47,54.6,1.16,7,0.94,250,0
146,36,4419.51,122.76,1,0.51,1285,0
364,37,3641.53,98.42,5,0.85,396,1
334,36,3941.66,109.49,6,0.74,607,1
229,22,368.41,16.75,9,0.36,1216,1
230,47,3545.72,75.44,1,0.66,1736,0
143,11,4024.9,365.9,2,0.95,428,1
65,28,4783.61,170.84,1,0.76,92,0
4,4,2906.55,726.64,8,0.71,792,0
124,15,2545.13,169.68,5,0.22,1281,1
116,29,2132.73,73.54,9,0.83,1210,0
70,24,3509.43,146.23,0,0.39,1735,0
95,47,4604.9,97.98,7,0.62,403,0
10,31,3002.78,96.86,0,0.68,1444,0
222,21,1144.15,54.48,1,0.52,1418,0
338,21,97.69,4.65,4,0.17,1515,1
252,30,3099.37,103.31,3,0.7,1649,1
164,39,4324.34,110.88,3,0.25,566,1
153,14,339.22,24.23,0,0.27,585,1
112,29,1993.88,68.75,5,0.13,841,0
52,29,4700.83,162.1,3,0.62,658,0
218,1,2513.37,2513.37,9,0.12,274,1
207,45,1111.08,24.69,7,0.35,621,1
3,28,1774.75,63.38,4,0.89,705,0
152,12,2046.62,170.55,7,0.45,1391,1
102,32,595.27,18.6,5,0.89,45,0
62,34,3307.35,97.28,4,0.49,1377,0
256,45,2964.9,65.89,9,0.18,1427,1
192,2,3242.14,1621.07,5,0.76,268,1
231,21,3057.85,145.61,4,0.35,1740,1
260,9,93.19,10.35,5,0.97,1329,1
358,29,880.57,30.36,7,0.26,1288,1
293,25,836.2,33.45,7,0.82,1406,1
226,24,498.78,20.78,5,0.49,1484,1
320,49,3680.02,75.1,1,0.84,752,1
174,27,609.48,22.57,6,0.18,951,1
359,21,3344.29,159.25,4,0.63,1125,1
278,4,900.17,225.04,9,0.11,374,1
237,15,600.37,40.02,9,0.81,139,1
329,44,821.02,18.66,0,0.24,1323,1
188,23,2546.93,110.74,9,0.43,478,1
263,45,3230.96,71.8,9,0.66,567,1
104,27,4061.51,150.43,9,0.48,215,0
351,27,651.53,24.13,4,0.78,854,1
227,22,3084.77,140.22,2,0.69,1050,1
285,28,3871.46,138.27,6,0.13,1646,1
168,4,1568.9,392.22,8,0.77,912,1
316,3,407.78,135.93,4,0.42,699,1
28,24,788.17,32.84,9,0.6,1455,0
42,30,466.88,15.56,2,0.22,549,0
185,27,4437.19,164.34,8,0.42,49,1
267,22,1889.74,85.9,0,0.82,86,1
295,15,2621.51,174.77,8,0.93,1546,1
161,35,3845.75,109.88,9,0.94,1289,0
237,30,1863.78,62.13,7,0.7,353,1
202,3,3249.02,1083.01,6,0.08,416,1
350,23,392.63,17.07,4,0.44,1532,1
239,35,2409.72,68.85,8,0.19,1177,1
152,39,491.63,12.61,1,0.7,895,0
354,15,1248.94,83.26,2,0.16,688,1
40,46,1473.77,32.04,1,0.98,714,0
359,32,3590.74,112.21,2,0.19,1443,1
57,22,3373.78,153.35,5,0.05,384,1
105,31,3737.93,120.58,3,0.84,1627,0
300,43,318.16,7.4,4,0.2,457,1
268,12,4969.63,414.14,2,0.02,453,1
354,8,281.56,35.2,3,0.55,707,1
273,22,4130.48,187.75,4,0.97,1452,1
232,5,3703.94,740.79,2,0.27,39,1
127,41,2962.89,72.27,9,0.41,304,0
2,48,2199.9,45.83,8,0.24,703,0
46,30,3788.09,126.27,8,0.56,282,0
109,49,3701.89,75.55,0,0.32,718,0
15,4,694.52,173.63,4,0.59,799,0
185,31,3965.24,127.91,7,0.48,1140,0
283,22,402.0,18.27,3,0.93,612,1
351,14,2507.73,179.12,2,0.67,996,1
179,16,3228.96,201.81,6,0.68,1801,1
319,27,4110.23,152.23,0,0.49,858,1
359,32,2320.92,72.53,6,0.3,1473,1
313,9,1191.92,132.44,4,0.31,521,1
170,31,2458.39,79.3,6,0.5,1627,1
119,46,1258.54,27.36,6,0.19,1050,0
356,1,2648.34,2648.34,5,0.13,274,1
89,44,2317.92,52.68,5,0.37,1656,0
150,30,3904.72,130.16,0,0.13,1311,1
27,17,1208.05,71.06,9,0.23,645,0
289,37,1007.93,27.24,0,0.54,1114,0
237,31,2376.18,76.65,9,0.79,1730,1
31,38,262.02,6.9,9,0.22,208,0
81,4,1154.41,288.6,7,0.79,100,1
203,3,1774.99,591.66,7,0.02,1454,1
197,32,2443.27,76.35,0,1.0,547,0
292,15,1354.49,90.3,9,0.52,1562,1
97,12,2807.58,233.96,5,0.48,1413,0
337,21,4393.29,209.2,3,0.65,1670,1
162,36,2723.2,75.64,6,0.48,1392,0
300,9,1441.33,160.15,5,0.41,1716,1
87,48,319.29,6.65,3,0.37,1142,0
14,21,691.96,32.95,3,0.98,223,0
21,8,2810.47,351.31,1,0.86,405,0
136,4,3421.71,855.43,9,0.5,1613,1
347,43,257.84,6.0,6,0.84,553,1
18,6,935.89,155.98,2,0.15,1726,1
135,21,1602.22,76.3,7,0.53,1598,1
40,33,1605.67,48.66,6,0.45,1269,0
340,26,4792.45,184.32,1,0.32,274,1
246,13,1026.82,78.99,1,0.92,360,1
278,6,321.98,53.66,2,0.83,1365,1
260,35,1771.54,50.62,1,0.91,749,0
240,25,680.87,27.23,8,0.64,750,1
282,3,641.64,213.88,1,0.38,191,1
3,9,2043.18,227.02,8,0.76,854,0
316,28,1538.89,54.96,5,0.11,37,1
270,9,467.72,51.97,1,0.85,284,1
270,20,3025.47,151.27,8,0.03,1681,1
144,7,2513.48,359.07,1,0.82,1384,0
292,40,394.73,9.87,9,0.7,1775,1
139,31,4315.09,139.2,0,0.09,1666,1
18,39,1430.72,36.69,6,0.15,1680,0
331,3,4807.29,1602.43,3,0.45,761,1
86,19,4658.38,245.18,5,0.3,485,0
38,14,2176.14,155.44,8,0.87,1259,0
227,31,1150.55,37.11,7,0.19,1144,1
86,41,4175.92,101.85,2,0.42,806,0
313,12,1812.82,151.07,0,0.26,926,1
162,38,826.12,21.74,2,0.13,390,0
2,29,2762.52,95.26,8,0.26,920,0
347,41,2452.12,59.81,5,0.86,1761,0
188,4,4251.59,1062.9,7,0.72,798,1
96,49,3649.11,74.47,4,0.91,958,0
247,22,4381.94,199.18,5,0.41,1719,1
194,14,3676.17,262.58,0,0.24,1561,1
11,9,3214.45,357.16,0,0.03,1449,1
277,49,2505.88,51.14,7,0.5,39,0
147,44,4937.89,112.22,2,0.04,1550,0
255,7,4796.23,685.18,3,0.0,167,1
327,22,4245.78,192.99,3,0.6,92,1
223,36,3878.84,107.75,6,0.16,663,1
245,29,2892.02,99.72,9,0.56,769,1
93,10,1306.17,130.62,7,0.57,246,1
87,18,4378.44,243.25,6,0.72,1103,0
152,19,63.97,3.37,8,0.38,1682,1
311,15,1144.93,76.33,5,0.71,1212,1
191,48,2024.62,42.18,1,0.37,1754,0
127,10,2934.92,293.49,4,0.1,1636,1
284,35,2808.79,80.25,9,0.31,1493,1
311,45,887.32,19.72,7,0.01,329,1
329,39,532.94,13.67,3,0.46,1175,1
109,40,1119.42,27.99,3,0.74,191,0
259,8,1750.06,218.76,9,0.78,1416,1
215,7,80.13,11.45,0,0.23,1633,1
164,39,3465.35,88.86,9,0.11,244,1
145,37,1246.16,33.68,6,0.19,939,0
42,37,1763.51,47.66,8,0.98,258,0
101,21,1681.16,80.06,3,0.31,997,1
201,26,2564.03,98.62,6,0.43,840,1
323,1,4300.4,4300.4,3,0.08,1627,1
316,15,755.46,50.36,0,0.79,518,1
69,26,1710.23,65.78,4,0.45,1375,0
248,7,3463.22,494.75,9,0.09,1210,1
31,7,230.71,32.96,2,0.47,1341,0
246,3,4151.59,1383.86,1,0.71,1755,1
125,11,4809.51,437.23,9,0.47,363,1
164,49,3042.11,62.08,9,0.97,54,0
262,35,4782.98,136.66,8,0.87,1145,0
155,47,2071.18,44.07,9,0.51,249,0
294,13,2081.01,160.08,9,0.94,837,1
195,30,540.18,18.01,9,0.81,965,0
364,44,186.88,4.25,9,0.37,1126,1
233,18,1230.08,68.34,7,0.77,51,1
108,33,2395.86,72.6,3,0.51,1063,0
283,34,2543.34,74.8,4,0.54,1427,1
149,41,1095.7,26.72,3,0.52,77,0
195,48,3067.9,63.91,5,0.8,739,0
50,31,914.22,29.49,6,0.92,647,0
44,29,1637.79,56.48,2,0.32,641,0
210,43,986.59,22.94,0,0.64,851,0
68,34,3486.35,102.54,6,0.63,283,0
364,18,2587.7,143.76,9,0.89,927,1
312,31,3683.14,118.81,8,0.45,168,1
256,27,295.67,10.95,0,0.19,208,1
268,12,2132.56,177.71,5,0.2,993,1
217,26,4835.12,185.97,5,0.05,1642,1
22,31,277.56,8.95,4,0.1,1300,0
143,45,2097.71,46.62,6,0.3,630,1
181,29,211.59,7.3,4,0.1,650,1
334,9,741.8,82.42,9,0.87,908,1
80,49,2318.01,47.31,9,0.36,92,0
181,29,795.99,27.45,6,0.37,1221,1
126,15,2598.59,173.24,4,0.76,270,1
49,37,4614.43,124.71,5,0.3,1320,0
38,19,1010.03,53.16,9,0.72,700,0
133,19,544.86,28.68,3,0.82,708,0
31,42,4128.13,98.29,8,0.36,819,0
25,43,2306.75,53.65,5,0.48,261,0
128,26,4414.23,169.78,0,0.32,460,0
74,19,1537.56,80.92,7,0.42,402,0
202,43,3141.38,73.06,2,0.58,1550,0
7,9,4617.33,513.04,5,0.35,326,0
110,37,866.76,23.43,9,0.46,261,0
165,29,4005.64,138.13,7,0.5,468,0
351,42,3161.27,75.27,6,0.02,792,1
231,21,4066.6,193.65,0,0.16,1113,1
321,41,861.76,21.02,8,0.54,790,1
125,1,2176.09,2176.09,3,0.0,991,1
164,38,652.9,17.18,0,0.7,958,0
154,4,4800.81,1200.2,9,0.91,332,1
324,32,322.83,10.09,1,0.75,43,1
350,10,336.76,33.68,3,0.31,1253,1
351,48,4491.8,93.58,1,0.45,1723,0
274,38,1510.8,39.76,6,0.65,144,0
184,6,2989.13,498.19,8,0.68,1678,1
197,44,1444.5,32.83,5,0.98,1662,0
357,13,3247.3,249.79,8,0.49,1445,1
104,27,970.42,35.94,9,0.25,1046,0
127,5,2299.76,459.95,8,0.36,640,1
327,6,2672.13,445.36,1,0.92,1089,1
141,12,1674.88,139.57,2,0.63,50,1
86,27,1265.99,46.89,2,0.86,543,0
205,27,709.63,26.28,6,0.72,736,1
119,42,3533.66,84.13,8,0.97,948,0
325,9,849.73,94.41,3,0.5,519,1
331,37,1467.71,39.67,6,0.95,795,1
112,1,1691.17,1691.17,1,0.89,1331,0
193,15,2277.29,151.82,5,0.84,1736,1
359,9,3515.82,390.65,7,0.94,1506,1
271,7,2145.45,306.49,3,0.53,166,1
79,29,4356.76,150.23,1,0.74,1087,0
216,45,3402.13,75.6,4,0.56,853,1
226,33,4194.05,127.09,7,0.78,967,0
238,42,3584.61,85.35,9,0.76,1450,1
10,29,751.67,25.92,6,0.76,616,0
109,3,4889.86,1629.95,6,0.43,1007,1
312,17,3935.07,231.47,4,0.8,1622,1
88,41,2867.88,69.95,9,0.88,1044,0
110,3,834.5,278.17,8,0.64,1026,1
118,5,871.68,174.34,9,0.45,1665,1
65,41,3075.51,75.01,8,0.85,82,0
57,4,2086.82,521.71,5,0.78,704,0
127,48,3382.54,70.47,9,0.47,914,0
319,38,1868.41,49.17,6,0.58,33,1
1,33,2569.1,77.85,6,0.69,881,0
104,27,947.91,35.11,6,0.69,1691,0
23,5,784.45,156.89,1,0.31,1444,1
205,21,387.47,18.45,8,0.29,89,1
92,40,4100.0,102.5,3,0.89,1603,0
289,45,2781.38,61.81,6,0.94,1461,0
213,22,4736.23,215.28,8,0.4,1604,1
286,42,3749.94,89.28,1,0.91,280,0
232,39,3846.13,98.62,3,0.47,1639,1
160,3,2550.2,850.07,9,0.17,67,1
314,31,4079.12,131.58,3,0.73,92,1
174,31,4710.9,151.96,6,0.05,666,1
346,27,3611.48,133.76,5,0.11,1493,1
363,38,536.89,14.13,8,0.94,1580,1
215,44,3258.59,74.06,5,0.52,1166,1
246,27,610.96,22.63,4,0.27,96,1
94,16,395.34,24.71,0,0.48,1598,0
297,49,3467.57,70.77,4,0.58,501,1
245,48,4175.58,86.99,5,0.64,1366,0
329,34,802.62,23.61,6,0.35,530,1
98,32,380.0,11.88,7,0.39,1045,1
287,6,4433.75,738.96,7,0.55,200,1
172,20,669.72,33.49,4,0.63,1820,1
68,10,185.08,18.51,0,0.92,196,0
63,26,3608.06,138.77,2,0.39,1745,0
205,41,4240.1,103.42,4,0.87,1660,0
117,12,2577.22,214.77,9,0.99,299,1
38,49,2704.23,55.19,7,0.34,1278,0
156,7,1690.93,241.56,8,0.03,647,1
238,5,1199.93,239.99,9,0.6,588,1
117,48,3778.61,78.72,1,0.9,617,0
348,5,4247.93,849.59,0,0.05,457,1
284,37,1613.01,43.59,5,0.2,1755,1
187,38,1376.36,36.22,2,0.68,106,0
341,17,1346.28,79.19,8,0.81,665,1
158,4,262.47,65.62,4,0.09,674,1
51,16,1412.56,88.28,0,0.36,781,1
14,4,138.0,34.5,2,0.24,570,1
342,33,3944.15,119.52,3,0.96,1221,1
350,44,1287.07,29.25,0,0.68,1676,1
270,49,3453.87,70.49,3,0.48,1226,1
38,40,2720.51,68.01,5,0.86,425,0
107,38,4188.94,110.24,8,0.54,1819,0
15,44,4802.29,109.14,6,0.91,757,0
19,38,1842.79,48.49,0,0.24,586,0
90,32,450.82,14.09,4,0.03,1254,1
209,49,3750.73,76.55,7,0.43,1779,1
24,16,116.3,7.27,3,0.2,606,0
359,21,1122.59,53.46,5,0.84,390,1
166,45,275.72,6.13,9,0.53,1433,1
97,16,4491.76,280.74,1,0.29,886,0
188,15,36.43,2.43,4,0.77,1333,1
288,8,2468.78,308.6,6,0.53,844,1
114,14,2125.76,151.84,7,0.5,93,1
18,30,3267.2,108.91,8,0.18,679,0
19,44,1455.82,33.09,2,1.0,1566,0
311,7,4369.74,624.25,4,0.66,1710,1
41,34,3674.39,108.07,8,0.85,683,0
232,38,2167.15,57.03,8,0.76,1274,1
140,44,1796.55,40.83,8,0.5,202,0
284,37,4081.28,110.3,6,0.01,420,1
23,8,3787.73,473.47,2,0.67,1283,0
327,24,2001.01,83.38,3,0.1,104,1
255,47,1713.45,36.46,6,0.96,1371,0
164,45,204.05,4.53,2,0.25,1758,0
76,31,417.72,13.47,6,0.37,157,0
356,48,279.05,5.81,5,0.55,1075,1
110,33,131.83,3.99,4,0.5,665,0
179,4,772.83,193.21,3,0.66,1184,1
144,45,4287.14,95.27,7,0.78,1637,0
84,9,3992.81,443.65,4,0.76,174,1
152,19,4229.41,222.6,3,0.91,1231,0
56,12,3122.76,260.23,3,0.47,358,0
1,36,3124.07,86.78,4,0.53,988,0
106,2,628.42,314.21,6,0.87,823,1
41,32,3497.84,109.31,9,0.28,934,0
151,43,1407.33,32.73,3,0.25,1404,0
315,39,2601.07,66.69,1,0.01,1122,1
60,16,4774.07,298.38,9,0.74,651,0
1,44,4354.37,98.96,1,0.69,1202,0
41,18,1173.64,65.2,9,0.28,1101,0
185,34,3685.89,108.41,1,0.13,153,1
101,25,529.41,21.18,3,0.04,1131,0
179,4,143.45,35.86,9,0.49,629,1
11,1,150.59,150.59,1,0.19,292,1
122,9,859.53,95.5,1,0.79,975,0
150,46,3477.79,75.6,6,0.95,957,0
158,47,1822.9,38.79,1,0.78,1340,0
201,21,89.55,4.26,0,0.85,806,1
285,48,4940.23,102.92,6,0.99,1363,0
171,3,2671.56,890.52,9,0.74,536,1
307,48,1975.46,41.16,7,0.57,1116,1
193,12,2599.06,216.59,9,0.81,1758,1
95,2,2604.65,1302.32,5,0.56,1082,1
84,38,2356.48,62.01,6,0.43,1253,0
118,19,3068.62,161.51,9,0.03,690,1
218,15,4429.28,295.29,5,0.64,1242,1
89,38,1515.55,39.88,0,0.9,1528,0
333,17,2439.97,143.53,2,0.69,1597,1
175,37,28.18,0.76,6,0.4,1674,0
315,10,4300.47,430.05,8,0.62,580,1
249,5,1536.46,307.29,6,0.81,1549,1
122,16,1363.77,85.24,4,0.76,655,1
84,30,4987.71,166.26,3,0.49,1595,0
271,12,2926.12,243.84,6,0.36,40,1
121,8,623.99,78.0,8,0.4,1661,1
90,37,1334.97,36.08,2,0.91,417,0
339,25,1772.6,70.9,5,0.17,392,1
176,22,4930.44,224.11,4,0.86,1034,0
18,12,2158.8,179.9,2,0.2,952,0
181,1,1158.37,1158.37,4,0.98,312,1
168,3,2852.96,950.99,0,0.45,989,1
315,34,2029.75,59.7,5,0.73,1468,1
260,4,284.25,71.06,1,0.73,901,1
70,13,4305.99,331.23,4,0.77,1073,0
55,45,88.28,1.96,8,0.79,1553,0
220,17,4493.43,264.32,1,0.04,352,1
18,37,3961.37,107.06,2,0.27,613,0
117,17,388.36,22.84,7,0.23,1635,1
51,46,3620.82,78.71,9,0.7,319,0
8,41,3857.0,94.07,9,0.68,485,0
335,24,3015.51,125.65,1,0.3,522,1
33,34,2892.58,85.08,2,0.79,1509,0
4,21,257.94,12.28,9,0.31,286,0
340,47,306.89,6.53,5,0.34,702,1
69,18,3639.17,202.18,8,0.4,756,1
298,41,536.77,13.09,0,0.74,175,1
12,31,1216.8,39.25,1,0.01,239,0
56,32,2499.19,78.1,2,0.91,705,0
41,18,829.18,46.07,0,0.69,187,0
258,41,3951.3,96.37,8,0.59,1787,1
226,37,4038.82,109.16,8,0.24,839,1
174,40,4212.29,105.31,3,0.79,42,0
88,40,257.34,6.43,0,0.87,1109,0
33,8,2145.09,268.14,1,0.5,1385,1
208,43,4236.12,98.51,2,0.29,1120,1
84,42,1822.46,43.39,7,0.38,1055,0
215,12,3482.14,290.18,8,0.42,195,1
251,49,2950.34,60.21,5,0.31,1339,1
310,26,1742.57,67.02,9,0.71,1773,1
180,16,1389.26,86.83,9,0.34,683,1
2,11,3267.19,297.02,7,0.82,248,0
103,18,676.78,37.6,0,0.46,414,0
311,2,4302.01,2151.0,8,0.63,1215,1
195,34,2886.45,84.9,9,0.95,1183,1
226,35,566.4,16.18,5,0.45,1625,1
167,33,3520.6,106.68,5,0.17,758,1
60,27,2161.25,80.05,7,0.55,1618,0
327,18,1028.37,57.13,5,0.5,524,1
282,36,4805.74,133.49,3,0.78,949,0
363,43,3601.04,83.75,6,0.86,1211,1
312,5,2969.04,593.81,7,0.71,528,1
106,19,4245.85,223.47,1,0.97,692,0
93,49,2723.91,55.59,6,0.27,1516,0
91,43,2212.94,51.46,1,0.24,1067,0
335,49,955.34,19.5,5,0.29,1129,1
203,9,775.42,86.16,1,0.67,1149,1
166,23,2165.53,94.15,9,0.23,1449,1
353,7,2285.31,326.47,6,0.09,1773,1
220,43,3669.23,85.33,4,0.98,747,0
332,26,2216.0,85.23,5,0.31,666,1
359,12,2969.86,247.49,6,0.22,1669,1
29,5,4164.27,832.85,1,0.36,890,0
132,37,4966.74,134.24,5,0.16,1698,0
268,40,1619.4,40.48,7,0.04,1612,1
296,44,4510.75,102.52,2,0.31,1353,1
55,48,4032.19,84.0,4,0.34,1322,0
116,40,349.35,8.73,3,0.81,1721,0
200,39,1677.45,43.01,1,0.44,521,0
291,40,1103.02,27.58,9,0.74,844,1
42,49,3325.28,67.86,5,0.74,1009,0
219,23,2780.94,120.91,3,0.79,379,0
108,38,2479.31,65.24,3,0.92,958,0
79,41,3820.18,93.18,6,0.5,1207,0
188,6,1673.21,278.87,1,0.1,933,1
151,34,1919.93,56.47,5,0.04,1202,1
232,17,4329.51,254.68,2,0.19,212,1
116,7,4861.32,694.47,8,0.83,911,1
300,9,3884.02,431.56,7,0.57,1698,1
29,6,1093.18,182.2,7,0.14,497,1
314,44,572.13,13.0,1,0.13,848,1
11,38,1053.93,27.74,0,0.89,1150,0
268,6,2119.58,353.26,4,0.52,1152,1
127,31,1191.12,38.42,3,0.17,354,0
140,33,4506.2,136.55,7,0.9,232,0
7,26,3356.91,129.11,7,0.72,1382,0
256,30,2089.48,69.65,3,0.48,987,1
61,45,1376.32,30.58,1,0.47,1657,0
240,26,1909.5,73.44,3,0.67,1807,1
264,33,2385.49,72.29,5,0.34,329,1
308,28,3571.97,127.57,2,1.0,677,1
258,20,455.81,22.79,3,0.78,1502,0
110,44,4245.68,96.49,2,0.64,558,0
269,21,646.52,30.79,0,0.69,386,1
301,40,1319.63,32.99,6,1.0,310,1
116,30,4968.01,165.6,9,0.01,928,1
46,34,959.14,28.21,9,0.02,715,1
324,38,514.7,13.54,9,0.79,1697,1
54,37,3195.64,86.37,6,0.21,1762,0
217,28,1971.71,70.42,7,0.69,178,1
87,31,468.26,15.11,0,0.5,1651,0
46,25,28.67,1.15,2,0.32,191,0
283,17,405.02,23.82,7,0.23,1320,1
53,36,2618.45,72.73,9,0.78,1750,0
244,44,1162.16,26.41,9,0.17,650,1
253,35,3889.99,111.14,6,0.16,315,1
22,38,4288.97,112.87,1,0.44,148,0
63,41,732.72,17.87,9,0.12,643,0
290,19,1691.73,89.04,3,0.64,1739,1
185,4,741.4,185.35,0,0.99,853,1
45,17,1440.6,84.74,7,0.75,780,0
362,37,1203.63,32.53,1,0.6,42,1
97,40,3936.46,98.41,3,0.39,1226,0
2,26,1733.94,66.69,6,0.99,367,0
337,39,2482.87,63.66,9,0.88,1266,1
7,4,3372.74,843.18,9,0.82,1516,0
202,32,4113.06,128.53,1,0.23,1419,0
362,34,1513.03,44.5,1,0.12,961,1
211,25,1054.01,42.16,8,0.18,1196,1
213,36,4892.48,135.9,3,0.26,737,1
142,25,1607.54,64.3,0,0.08,1302,1
47,26,3358.63,129.18,5,0.89,1254,0
209,30,3392.43,113.08,6,0.19,367,1
327,39,2575.01,66.03,9,0.23,612,1
34,13,1149.95,88.46,4,0.89,1421,0
321,15,715.87,47.72,7,0.96,817,1
152,21,2440.21,116.2,5,0.22,453,1
196,10,2559.54,255.95,9,0.29,1813,1
61,17,3869.1,227.59,4,0.8,1588,0
227,18,3552.07,197.34,6,0.97,1419,0
67,16,4561.09,285.07,9,0.65,787,1
100,21,4854.59,231.17,8,0.44,1024,1
263,25,3641.98,145.68,4,0.67,1727,1
19,35,391.79,11.19,5,0.78,975,0
163,15,2031.54,135.44,5,0.11,1511,1
217,42,3047.92,72.57,1,0.44,1545,0
49,24,2955.07,123.13,2,0.86,1474,0
108,36,915.4,25.43,7,0.71,1108,0
126,6,2918.89,486.48,0,0.15,649,1
242,9,1754.91,194.99,6,0.76,639,1
356,23,1701.24,73.97,4,0.67,1486,1
305,18,4171.69,231.76,4,0.26,779,1
70,25,2115.45,84.62,8,0.34,473,0
7,8,2641.71,330.21,2,0.31,359,1
19,24,2818.74,117.45,7,0.99,1134,0
217,34,2819.35,82.92,7,0.18,1752,1
57,36,1073.48,29.82,9,0.83,709,0
85,13,3001.27,230.87,8,0.53,1200,1
309,17,1679.77,98.81,5,0.88,584,1
319,26,3278.55,126.1,3,0.98,745,0
306,26,737.03,28.35,7,0.96,762,1
93,39,4970.64,127.45,9,0.85,675,0
226,20,3862.5,193.12,2,0.41,1551,1
223,33,2092.08,63.4,3,0.27,1658,1
68,44,1513.75,34.4,4,0.32,512,0
202,15,1945.13,129.68,1,0.65,676,1
192,41,3608.83,88.02,3,0.34,65,0
145,17,3280.48,192.97,1,0.43,1387,1
274,17,3513.44,206.67,7,0.08,1300,1
247,33,4446.11,134.73,4,0.77,1529,0
194,31,2286.91,73.77,6,0.11,1034,1
265,27,3350.91,124.11,0,0.34,1663,1
278,12,2213.12,184.43,5,0.59,283,1
207,5,3194.11,638.82,7,0.53,699,1
98,45,2379.37,52.87,6,0.89,834,0
277,43,3885.55,90.36,7,0.66,1403,1
262,44,36.25,0.82,1,0.79,423,0
358,26,1086.4,41.78,5,0.3,616,1
55,44,1489.22,33.85,4,0.13,198,0
153,24,4727.52,196.98,8,0.74,1724,1
337,4,2540.16,635.04,6,0.15,843,1
188,10,1828.12,182.81,9,0.83,50,1
344,14,2027.52,144.82,0,0.94,452,1
5,19,2264.59,119.19,4,0.28,1053,1
13,47,4340.47,92.35,7,0.76,911,0
290,17,4812.06,283.06,0,0.44,945,1
131,31,4222.38,136.21,6,0.3,141,1
190,14,4209.87,300.7,2,0.43,1605,1
156,32,1003.09,31.35,0,0.65,1518,0
149,28,1350.7,48.24,6,0.99,418,0
342,8,2984.29,373.04,4,0.3,688,1
35,23,3284.13,142.79,4,0.71,186,0
282,6,1021.5,170.25,3,0.33,259,1
324,44,3733.95,84.86,6,0.25,1549,1
240,35,1007.82,28.79,6,0.63,233,0
144,47,1322.42,28.14,6,0.76,658,0
59,43,1540.91,35.84,7,0.72,1813,0
249,11,4231.5,384.68,6,0.94,613,1
171,35,3663.1,104.66,0,0.11,1262,1
55,5,2658.12,531.62,1,0.54,219,1
131,48,4100.55,85.43,9,0.29,1598,1
351,39,4066.51,104.27,2,0.82,1681,1
97,34,1955.27,57.51,4,0.06,1668,0
65,49,3909.37,79.78,3,0.18,1166,0
249,42,1039.15,24.74,9,0.77,1774,1
73,43,2521.11,58.63,8,0.35,1272,0
335,5,600.03,120.01,4,0.68,705,1
313,2,2139.7,1069.85,6,1.0,1641,1
359,48,2606.63,54.3,5,0.46,520,1
333,13,408.79,31.45,6,0.53,1544,1
89,21,2318.44,110.4,9,0.98,1700,0
78,3,3261.84,1087.28,6,0.75,841,0
125,31,3074.3,99.17,1,0.2,446,0
172,41,281.23,6.86,5,0.8,316,0
321,42,485.75,11.57,8,0.52,994,1
267,29,1763.27,60.8,0,0.79,1236,1
235,33,4215.0,127.73,3,0.6,1089,0
320,26,4350.08,167.31,2,0.23,1198,1
236,22,1554.97,70.68,7,0.81,75,1
138,28,3597.27,128.47,1,0.0,114,0
151,46,2891.18,62.85,6,0.89,502,0
189,13,4917.28,378.25,0,0.82,1644,1
33,24,482.27,20.09,9,0.97,934,0
270,30,2743.92,91.46,3,0.04,631,1
238,28,2966.76,105.96,4,0.44,1224,1
267,2,1545.27,772.64,7,0.17,799,1
195,15,244.3,16.29,3,0.37,287,1
285,32,270.0,8.44,1,0.36,952,1
346,35,2273.55,64.96,9,0.6,1281,1
208,36,3465.44,96.26,1,0.44,1667,1
162,49,3503.88,71.51,4,0.97,690,0
39,33,913.04,27.67,1,0.28,336,0
284,29,4291.28,147.98,6,0.42,1583,1
330,17,1892.04,111.3,2,0.7,691,1
255,19,4822.2,253.8,9,0.28,313,1
316,41,599.62,14.62,2,0.72,929,1
314,23,4183.91,181.91,6,0.71,137,1
291,36,4542.61,126.18,0,0.71,1810,0
184,7,4115.15,587.88,1,0.68,1429,1
37,7,4046.12,578.02,2,0.82,819,0
2,11,1812.94,164.81,8,0.99,1008,0
75,10,3569.58,356.96,9,0.06,745,1
157,30,2900.94,96.7,6,0.5,871,1
271,32,2128.15,66.5,3,0.81,1708,1
166,28,4965.63,177.34,3,0.0,1333,1
9,15,1459.37,97.29,2,0.55,1217,0
77,29,2071.59,71.43,3,0.66,1783,0
357,6,4515.28,752.55,4,0.19,323,1
360,24,1452.15,60.51,6,0.4,1660,1
138,8,771.88,96.48,2,0.79,345,0
294,4,1556.9,389.22,0,0.07,495,1
262,9,3798.97,422.11,5,0.13,1186,1
339,6,4300.67,716.78,2,0.82,275,1
324,24,581.08,24.21,4,0.81,868,1
229,27,3112.35,115.27,7,0.59,633,1
144,30,2840.76,94.69,8,0.42,46,1
229,22,3347.3,152.15,5,0.11,359,1
117,9,3358.57,373.17,9,0.81,835,1
127,2,4797.74,2398.87,2,0.24,181,1
222,35,1739.18,49.69,7,0.91,1716,0
208,49,1505.84,30.73,9,0.78,799,0
212,14,2910.31,207.88,2,0.08,1371,1
141,11,2152.8,195.71,7,0.64,397,1
149,16,2374.03,148.38,4,0.92,1032,0
4,11,355.69,32.34,8,0.88,233,0
220,11,749.73,68.16,3,0.61,380,1
210,25,4677.52,187.1,9,0.17,1258,1
341,39,350.77,8.99,7,0.68,632,1
184,35,2954.83,84.42,7,0.67,1793,1
171,48,3775.33,78.65,0,0.59,1818,0
25,18,69.2,3.84,0,0.27,266,0
72,25,1121.51,44.86,6,0.9,1213,0
124,19,1891.59,99.56,4,0.5,1435,1
138,3,2539.02,846.34,3,0.3,525,1
133,20,1714.56,85.73,8,0.26,1540,1
144,13,3248.51,249.89,4,0.28,1354,1
280,24,1139.72,47.49,4,0.46,612,1
48,8,137.16,17.14,3,0.23,193,1
121,37,17.84,0.48,9,0.52,825,0
60,42,1734.1,41.29,3,0.19,695,0
113,48,1814.7,37.81,2,0.27,977,0
250,5,4743.53,948.71,6,0.12,441,1
18,6,233.46,38.91,0,0.36,589,0
124,48,2655.02,55.31,5,0.41,1638,0
9,42,2893.29,68.89,5,0.4,1541,0
348,29,3499.38,120.67,2,0.72,1349,1
265,16,3197.29,199.83,7,0.48,663,1
89,26,50.62,1.95,0,0.69,923,0
73,27,3162.97,117.15,9,0.03,555,1
37,42,1618.72,38.54,8,0.44,762,0
173,26,3866.62,148.72,1,0.09,958,1
275,2,949.94,474.97,4,0.46,1571,1
213,35,3583.87,102.4,1,0.62,1458,1
321,39,3131.22,80.29,6,0.8,380,1
126,15,3264.93,217.66,3,0.55,1727,1
102,6,887.98,148.0,4,0.38,164,1
175,7,3349.18,478.45,9,0.26,115,1
74,42,3687.52,87.8,6,0.96,1558,0
356,22,2452.16,111.46,8,0.2,538,1
68,26,1708.42,65.71,6,0.04,1567,0
175,48,841.11,17.52,4,0.13,153,0
191,3,1456.9,485.63,0,1.0,466,1
21,11,3821.5,347.41,0,0.91,1511,0
171,41,2052.91,50.07,5,0.32,380,1
166,27,3516.54,130.24,5,0.0,962,1
95,2,3703.06,1851.53,5,0.77,1324,1
47,35,3374.11,96.4,8,0.3,656,0
17,7,3370.96,481.57,0,0.02,287,1
4,39,3057.93,78.41,6,0.46,1525,0
176,40,2596.93,64.92,7,0.42,1146,1
33,41,997.11,24.32,6,0.36,1667,0
350,23,4215.59,183.29,2,0.65,1288,1
90,14,4821.68,344.41,4,0.73,1366,0
238,44,2337.76,53.13,0,0.56,1146,1
246,28,4666.86,166.67,1,0.01,1232,1
181,32,4989.99,155.94,8,0.02,796,1
322,7,2436.12,348.02,6,0.88,1693,1
41,31,3624.53,116.92,8,0.19,1495,0
86,29,3222.51,111.12,6,0.4,465,0
92,15,1193.95,79.6,2,0.1,1699,0
50,38,244.98,6.45,8,0.23,450,0
108,7,2272.24,324.61,6,0.49,1296,1
114,36,3938.15,109.39,1,0.24,1682,0
279,48,1632.42,34.01,0,0.66,782,0
110,28,3924.35,140.16,7,0.37,361,0
320,6,3277.46,546.24,7,0.79,1817,1
282,28,3480.75,124.31,0,0.6,1454,1
329,26,1435.85,55.22,4,0.25,836,1
39,28,2355.54,84.13,9,0.81,1809,0
359,14,916.7,65.48,7,0.93,238,1
224,31,1240.44,40.01,8,0.12,976,1
358,13,458.35,35.26,3,0.67,357,1
130,28,642.6,22.95,1,0.63,361,0
347,30,1060.46,35.35,3,0.67,654,1
215,32,2905.37,90.79,6,0.03,1060,1
27,40,2211.64,55.29,8,0.03,337,0
150,44,1342.03,30.5,6,0.29,963,0
51,39,4306.95,110.43,0,0.08,1427,0
343,39,2630.49,67.45,5,0.37,293,1
111,43,4616.32,107.36,1,0.87,55,0
81,12,3178.48,264.87,6,0.35,1370,0
202,15,88.78,5.92,4,0.39,758,1
155,27,4568.24,169.19,5,0.27,371,1
36,23,4288.74,186.47,5,0.42,1606,0
298,35,3180.0,90.86,6,0.8,796,1
308,1,2678.52,2678.52,0,0.83,241,1
271,7,2270.1,324.3,9,0.42,584,1
225,37,2416.05,65.3,5,0.4,1064,1
147,41,3848.41,93.86,5,0.2,552,1
198,15,2570.58,171.37,3,0.98,1706,1
190,16,888.36,55.52,1,0.31,1156,1
61,28,300.31,10.73,6,0.34,158,1
30,24,639.67,26.65,3,0.43,652,0
93,9,1264.69,140.52,9,0.08,657,1
166,25,1844.99,73.8,6,0.33,291,1
59,41,4463.16,108.86,4,0.93,97,0
39,36,1203.05,33.42,0,0.07,231,0
311,41,1604.8,39.14,5,0.24,1254,1
137,32,1122.84,35.09,8,0.22,475,0
213,43,2733.25,63.56,4,0.24,779,1
191,13,3089.26,237.64,6,0.95,286,1
268,3,2665.32,888.44,1,0.71,1730,1
270,6,4759.76,793.29,4,0.92,1800,1
108,49,4976.94,101.57,7,0.86,1270,0
309,32,4188.61,130.89,4,0.62,625,1
136,13,4028.43,309.88,8,0.56,1110,1
305,42,1836.6,43.73,4,0.51,722,1
148,16,2903.12,181.44,8,0.69,1664,1
41,30,1763.85,58.79,6,0.7,1116,0
277,13,3923.94,301.84,9,0.6,262,1
11,5,867.44,173.49,5,0.45,203,0
282,14,1091.19,77.94,4,0.68,1436,1
16,12,203.08,16.92,3,0.16,1336,0
76,28,3048.61,108.88,6,0.55,1339,0
220,2,3445.81,1722.9,9,0.52,627,1
343,12,26.78,2.23,1,0.53,1238,1
149,28,2558.82,91.39,9,0.51,516,0
44,20,1890.6,94.53,9,0.75,1175,0
85,32,3963.98,123.87,7,0.76,619,0
327,33,204.06,6.18,5,0.33,253,1
265,48,252.34,5.26,8,0.35,1523,0
37,41,3104.84,75.73,2,0.02,1491,0
141,12,2962.28,246.86,6,0.11,1436,1
97,34,4157.14,122.27,8,0.26,1170,1
65,31,2965.41,95.66,8,0.77,1176,0
309,30,4747.36,158.25,5,0.8,1414,1
225,40,1578.78,39.47,3,0.25,1041,0
66,8,1995.63,249.45,9,0.87,1602,1
237,19,4888.6,257.29,6,0.38,1405,1
151,40,546.55,13.66,7,0.8,1003,0
23,44,3981.57,90.49,6,0.47,1083,0
164,2,67.73,33.86,8,0.71,1747,1
68,24,2437.7,101.57,4,0.36,936,0
90,13,775.48,59.65,5,0.07,226,1
320,9,2998.32,333.15,8,0.25,1543,1
259,3,3992.87,1330.96,5,0.7,37,1
49,27,174.88,6.48,2,0.92,473,0
310,33,827.23,25.07,7,0.63,622,1
210,27,1719.63,63.69,3,0.77,76,0
319,19,1286.44,67.71,1,0.01,418,1
272,38,1922.27,50.59,3,0.76,345,0
124,32,4759.82,148.74,0,0.84,1023,0
195,45,515.02,11.44,8,0.41,1610,1
194,18,2122.18,117.9,9,0.49,533,1
263,12,2290.89,190.91,2,0.05,731,1
91,23,1408.91,61.26,9,0.17,1265,1
122,25,1399.75,55.99,7,0.06,1240,1
90,23,3576.61,155.5,9,0.73,1726,0
108,41,3093.04,75.44,1,0.8,967,0
59,3,4066.03,1355.34,0,0.11,1410,1
14,26,2031.32,78.13,9,0.92,1547,0
343,22,3037.49,138.07,2,0.84,784,1
28,11,4469.0,406.27,5,0.58,1531,0
324,32,4258.13,133.07,9,0.98,1798,1
2,40,4600.92,115.02,3,0.88,244,0
283,27,1352.19,50.08,0,0.22,1414,1
120,5,4927.25,985.45,7,0.95,1148,1
189,4,4083.79,1020.95,4,0.44,1485,1
103,21,3976.09,189.34,0,0.15,1015,0
179,33,3341.22,101.25,3,0.2,397,1
165,16,4916.51,307.28,5,0.68,799,1
193,16,2213.4,138.34,8,0.99,1262,1
144,43,3710.28,86.29,2,0.45,1639,0
196,1,3497.07,3497.07,5,0.57,156,1
301,4,3663.12,915.78,1,0.3,366,1
159,8,3759.81,469.98,2,0.85,452,0
132,49,961.87,19.63,2,0.12,1091,0
48,25,1751.77,70.07,5,0.58,59,0
131,8,1967.35,245.92,6,0.59,1739,1
46,16,3742.52,233.91,1,0.0,1295,1
67,48,3584.08,74.67,0,0.94,1654,0
347,35,4168.5,119.1,7,0.97,67,1
33,11,3944.71,358.61,2,0.47,522,1
176,12,2984.21,248.68,6,0.73,836,1
304,4,708.34,177.08,0,0.85,1413,1
347,38,3180.92,83.71,6,0.12,1194,1
54,7,4436.43,633.78,9,0.08,780,1
60,15,3219.44,214.63,4,0.69,577,0
136,18,4479.18,248.84,5,0.56,623,1
202,31,4995.27,161.14,2,0.68,689,1
350,30,1802.42,60.08,2,0.57,1267,1
76,40,3619.22,90.48,0,0.73,1588,0
60,15,2704.39,180.29,4,0.15,885,1
93,19,2280.31,120.02,9,0.22,1648,1
319,20,1206.94,60.35,1,0.24,568,1
11,3,1237.11,412.37,4,0.42,1571,1
139,37,933.01,25.22,8,0.76,31,0
44,27,3161.1,117.08,4,0.83,1376,0
58,24,718.84,29.95,7,0.4,1734,0
334,49,2162.62,44.14,3,0.6,528,1
1,9,2621.43,291.27,6,0.3,1253,0
118,48,2196.79,45.77,9,0.48,164,0
334,34,4276.1,125.77,5,0.94,1558,1
222,11,2221.42,201.95,7,0.27,907,1
27,34,423.33,12.45,6,0.79,792,0
170,38,4961.08,130.55,0,0.04,1689,0
354,18,4226.47,234.8,1,0.35,1691,1
146,17,3303.62,194.33,6,0.66,430,1
193,41,3784.05,92.29,3,0.78,1752,0
194,8,649.67,81.21,4,0.59,406,1
241,1,3831.91,3831.91,4,0.87,1487,1
69,33,1046.67,31.72,7,0.82,1429,0
306,45,2449.99,54.44,9,0.62,934,1
360,25,898.13,35.93,9,0.35,1092,1
52,7,3771.39,538.77,0,0.36,737,0
298,27,1237.21,45.82,7,0.62,755,1
298,13,1273.51,97.96,7,0.66,954,1
270,41,555.02,13.54,8,0.39,1578,1
135,30,3605.83,120.19,4,0.4,896,1
171,17,1486.26,87.43,5,0.18,1075,1
306,31,2596.22,83.75,4,0.0,1299,1
56,33,1667.9,50.54,3,0.46,1681,0
302,34,3875.76,113.99,2,0.83,1574,0
336,18,1140.15,63.34,6,0.77,690,1
249,28,4704.76,168.03,0,0.99,1580,0
125,3,1613.49,537.83,7,0.67,827,1
204,20,528.22,26.41,8,0.23,198,1
19,19,1209.12,63.64,2,0.68,163,0
340,27,378.97,14.04,2,0.83,398,1
125,47,2349.01,49.98,5,0.64,690,0
21,47,1258.75,26.78,8,0.48,748,0
290,24,4431.37,184.64,1,0.62,352,1
240,32,2590.47,80.95,4,0.03,349,1
227,6,1174.51,195.75,2,0.27,88,1
20,24,2261.84,94.24,8,0.16,1666,0
274,34,988.01,29.06,8,0.41,489,1
232,34,901.86,26.53,0,0.89,1195,0
289,48,1510.28,31.46,1,0.19,910,1
302,23,550.42,23.93,1,0.07,676,1
78,45,951.35,21.14,8,0.78,474,0
77,48,4690.85,97.73,9,0.87,145,0
337,29,3337.35,115.08,3,0.53,225,1
194,5,4606.3,921.26,1,0.38,1245,1
160,19,1291.67,67.98,6,0.43,840,1
105,38,4286.5,112.8,8,0.66,1767,0
233,29,1817.74,62.68,9,0.83,295,0
275,46,729.53,15.86,4,0.19,1699,1
1,40,4025.49,100.64,7,0.9,184,0
202,4,307.65,76.91,9,0.66,1345,1
362,43,2030.22,47.21,8,0.74,1753,1
103,18,4098.38,227.69,4,0.09,306,1
103,41,3089.75,75.36,2,0.92,884,0
320,25,2595.15,103.81,3,0.53,1681,1
23,23,1774.63,77.16,3,0.36,1470,0
145,4,384.53,96.13,9,0.4,421,1
167,6,4954.95,825.82,7,0.29,336,1
291,30,882.12,29.4,8,0.16,636,1
47,28,1283.99,45.86,7,0.03,858,0
158,28,1187.22,42.4,4,0.26,557,1
56,8,4540.63,567.58,7,0.5,191,1
287,25,3820.81,152.83,6,0.67,923,1
231,3,2292.08,764.03,7,0.73,769,1
181,8,4777.56,597.2,3,0.6,578,1
144,25,273.39,10.94,2,0.12,1513,1
56,31,4469.42,144.17,1,0.43,550,0
336,33,311.53,9.44,2,0.67,1632,1
236,49,1961.74,40.04,9,0.74,50,1
117,42,279.48,6.65,9,0.32,961,0
151,19,4994.86,262.89,1,0.93,1735,0
265,39,4572.8,117.25,5,0.8,544,0
262,5,2928.15,585.63,9,0.85,1205,1
168,43,1097.04,25.51,7,0.67,1346,0
111,19,1391.12,73.22,6,0.41,644,1
241,38,2253.22,59.3,5,0.93,1176,0
240,48,1620.67,33.76,3,0.9,1200,0
219,35,116.36,3.32,9,0.83,874,1
27,46,3284.72,71.41,0,0.89,705,0
173,1,3071.01,3071.01,8,0.92,883,1
224,9,4522.51,502.5,8,0.75,297,1
346,31,2389.5,77.08,2,0.2,915,1
192,27,1730.1,64.08,5,0.54,613,1
125,6,2562.47,427.08,8,0.62,638,1
203,36,981.53,27.26,4,0.77,470,0
65,3,3131.45,1043.82,3,0.5,961,1
34,49,3852.46,78.62,0,0.51,43,0
247,8,775.77,96.97,4,1.0,132,1
359,22,1598.73,72.67,2,0.45,404,1
308,41,4340.33,105.86,8,0.13,1053,1
213,26,2532.6,97.41,8,0.71,491,1
15,37,2663.86,72.0,3,0.36,920,0
360,35,3614.82,103.28,2,0.25,295,1
164,47,2893.69,61.57,2,0.63,784,0
106,23,357.2,15.53,4,0.95,844,0
325,48,4021.77,83.79,6,0.31,611,1
272,26,4614.95,177.5,1,0.37,119,1
273,44,275.85,6.27,9,0.47,1146,1
102,36,615.04,17.08,7,0.69,395,0
362,7,3512.86,501.84,1,0.4,900,1
165,32,3026.32,94.57,3,0.43,1303,0
194,44,1918.76,43.61,7,0.7,211,0
274,7,2700.85,385.84,5,0.99,1248,1
241,42,3519.66,83.8,5,0.32,702,1
63,6,2527.34,421.22,0,0.59,933,1
111,43,709.54,16.5,4,0.79,167,0
132,39,456.29,11.7,6,0.21,926,1
345,8,2199.91,274.99,7,0.82,710,1
261,36,4615.19,128.2,4,0.35,349,1
134,6,2793.32,465.55,5,0.11,986,1
268,28,1797.52,64.2,2,0.02,1197,1
269,46,4544.44,98.79,7,0.03,731,1
144,11,1949.27,177.21,6,0.8,1168,0
147,9,2550.64,283.4,7,0.67,643,1
326,21,591.33,28.16,6,0.79,1520,1
205,19,3689.63,194.19,9,0.75,534,1
55,3,3504.51,1168.17,8,0.38,1463,1
263,23,3973.28,172.75,8,0.93,715,1
215,13,1632.7,125.59,3,0.88,1031,1
186,7,2185.91,312.27,0,0.35,154,1
264,14,850.03,60.72,0,0.77,163,1
331,2,4822.88,2411.44,7,0.82,1814,1
121,45,439.53,9.77,8,0.49,43,0
153,49,3248.58,66.3,6,0.12,1026,0
69,19,3529.23,185.75,7,0.33,850,0
236,43,797.11,18.54,0,0.99,1171,0
147,23,1832.96,79.69,5,0.72,36,1
125,45,225.2,5.0,6,0.77,358,0
254,9,2787.48,309.72,1,0.91,638,1
149,14,4974.74,355.34,7,0.2,1687,1
170,37,2155.13,58.25,3,0.97,657,0
161,11,4950.14,450.01,1,0.52,1055,1
95,41,639.86,15.61,6,0.74,1059,0
46,21,1968.35,93.73,4,0.32,773,1
302,20,4510.81,225.54,5,0.33,1518,1
34,23,4384.71,190.64,5,0.36,1310,0
119,40,1624.72,40.62,6,0.35,827,1
243,1,3396.27,3396.27,4,0.06,576,1
48,37,4431.94,119.78,8,0.31,528,0
239,39,3836.72,98.38,8,0.65,1707,1
267,41,3146.1,76.73,4,0.9,255,0
242,49,771.35,15.74,1,0.04,333,1
112,39,374.28,9.6,2,0.02,499,0
8,26,3076.96,118.34,7,0.59,1525,0
323,23,2506.38,108.97,2,0.7,1265,1
119,20,1197.8,59.89,7,0.61,1765,0
294,41,1470.92,35.88,6,0.97,1325,0
73,20,1966.52,98.33,4,0.23,912,1
60,29,2482.65,85.61,1,0.48,102,0
284,5,1957.39,391.48,5,0.92,1603,1
343,16,1942.59,121.41,6,0.62,1232,1
314,14,587.51,41.96,1,0.58,158,1
274,22,4329.3,196.79,8,0.93,1772,1
90,25,3049.68,121.99,1,0.34,1143,0
333,36,739.05,20.53,4,0.16,1142,1
244,22,2125.13,96.6,5,0.13,669,1
63,8,2089.41,261.18,7,0.82,623,1
48,27,3007.1,111.37,2,0.86,683,0
318,3,3048.26,1016.09,3,0.23,119,1
101,42,3229.66,76.9,8,0.46,838,0
279,38,3492.54,91.91,3,0.58,141,1
51,12,525.74,43.81,6,0.14,1101,1
103,13,1531.56,117.81,3,0.85,401,1
104,2,96.57,48.28,0,0.42,1135,1
103,18,2278.66,126.59,5,0.86,700,0
246,2,2152.86,1076.43,3,0.76,529,1
333,46,3674.29,79.88,2,0.29,289,1
332,7,843.91,120.56,8,0.72,719,1
270,33,3161.16,95.79,7,0.74,154,1
74,28,1540.4,55.01,2,0.31,477,0
350,12,1915.76,159.65,5,0.25,862,1
198,40,3599.24,89.98,7,0.82,1165,0
199,6,367.02,61.17,0,0.68,855,0
256,44,1720.49,39.1,0,0.74,213,0
280,37,1962.7,53.05,5,0.31,1324,1
347,32,3581.59,111.92,9,0.72,790,1
212,44,1004.13,22.82,9,0.71,1155,1
223,20,4737.59,236.88,4,0.33,1786,1
272,14,4988.83,356.34,7,0.27,117,1
93,8,4096.36,512.04,4,0.43,1804,1
113,46,1505.57,32.73,9,0.74,1738,0
228,20,3322.69,166.13,5,0.19,959,1
24,41,424.91,10.36,8,0.87,78,0
117,17,4357.68,256.33,3,0.26,474,1
262,47,2584.8,55.0,9,0.84,435,0
356,43,890.43,20.71,7,0.16,1077,1
190,16,1643.81,102.74,7,0.74,1271,1
146,24,4005.71,166.9,0,0.56,906,0
161,39,4352.43,111.6,8,0.66,668,0
250,12,2603.37,216.95,1,0.97,106,1
199,2,2406.75,1203.38,9,0.05,1715,1
9,15,3756.17,250.41,1,0.15,1805,0
197,29,4132.69,142.51,8,0.08,88,1
146,7,3826.59,546.66,6,0.52,617,1
256,17,1928.3,113.43,3,0.8,1794,1
319,46,3213.21,69.85,8,0.05,746,1
351,4,4288.23,1072.06,3,0.78,1147,1
223,3,767.29,255.76,0,0.43,951,1
132,21,1946.8,92.7,0,0.94,1166,0
162,1,292.53,292.53,8,0.38,1610,1
65,2,2050.3,1025.15,3,0.98,711,0
341,9,3863.69,429.3,8,0.56,1464,1
309,6,993.17,165.53,0,0.99,849,1
311,40,2714.02,67.85,0,0.63,398,0
120,7,192.56,27.51,9,0.35,164,1
118,26,4489.27,172.66,1,0.8,1316,0
312,35,4101.82,117.19,6,0.49,1111,1
199,31,2626.8,84.74,3,0.31,1599,1
257,33,3531.88,107.03,5,0.48,452,1
179,18,528.54,29.36,1,0.87,1312,1
162,44,4227.6,96.08,2,0.73,72,0
231,4,3579.16,894.79,7,0.17,279,1
296,6,608.64,101.44,5,0.84,1096,1
122,42,4903.64,116.75,5,0.43,997,0
295,4,122.43,30.61,9,0.08,1093,1
89,10,3146.27,314.63,4,0.15,1535,1
147,9,867.06,96.34,8,0.07,1526,1
333,2,3599.1,1799.55,7,0.68,381,1
348,6,361.33,60.22,4,0.26,393,1
337,29,414.69,14.3,2,0.1,996,1
116,33,2336.8,70.81,3,0.37,1748,0
307,5,4970.11,994.02,8,0.87,1231,1
341,47,1389.82,29.57,3,0.63,292,1
357,5,3066.52,613.3,6,0.49,1170,1
8,34,2597.81,76.41,1,0.73,636,0
272,40,4212.18,105.3,3,0.08,221,1
363,26,1450.06,55.77,9,0.88,1308,1
279,25,2779.17,111.17,5,0.18,528,1
85,6,4753.61,792.27,8,0.02,1422,1
278,12,1669.6,139.13,2,0.36,1021,1
39,42,2202.63,52.44,7,0.06,831,0
175,18,4445.18,246.95,9,0.17,404,1
228,2,1669.17,834.58,9,0.74,554,1
167,36,1909.56,53.04,4,0.4,629,0
255,34,1527.55,44.93,6,0.01,1274,1
88,4,4049.56,1012.39,8,0.64,775,1
221,3,4652.63,1550.88,8,0.71,91,1
235,6,3159.18,526.53,9,0.9,54,1
231,3,3121.91,1040.64,0,0.15,522,1
106,31,1956.12,63.1,5,0.86,946,0
112,7,72.29,10.33,7,0.71,628,1
94,30,877.95,29.26,7,0.56,1815,0
169,9,745.72,82.86,1,0.26,445,1
214,48,588.25,12.26,5,0.46,762,0
132,36,3273.7,90.94,1,0.2,743,0
150,19,690.38,36.34,0,0.72,522,1
105,22,437.31,19.88,1,0.7,1614,0
80,4,1919.08,479.77,9,0.19,484,1
240,3,1252.62,417.54,2,0.25,49,1
298,27,737.84,27.33,4,0.9,954,0
106,2,739.18,369.59,2,0.47,1169,1
314,32,1288.47,40.26,8,0.55,848,1
208,19,2688.88,141.52,8,0.96,786,0
62,7,3792.9,541.84,6,0.21,1577,1
134,27,4265.36,157.98,8,0.63,701,0
3,28,3759.58,134.27,1,0.77,1177,0
15,37,3144.78,84.99,9,0.32,1533,0
123,10,4539.05,453.9,4,0.31,745,1
166,27,2603.49,96.43,4,0.9,1000,0
291,42,3170.45,75.49,1,0.1,722,1
49,14,2063.99,147.43,8,0.16,1132,1
306,41,1643.65,40.09,1,0.41,1012,1
86,36,1665.24,46.26,8,0.8,1559,0
51,22,750.1,34.1,7,0.45,484,0
255,44,3985.02,90.57,7,0.27,320,1
282,48,286.29,5.96,0,0.42,789,0
221,12,3376.68,281.39,7,0.45,1129,1
43,49,4323.66,88.24,9,0.73,541,0
42,1,2492.17,2492.17,3,0.87,1821,0
142,7,360.3,51.47,4,0.32,955,1
165,3,2147.8,715.93,1,0.71,1487,1
364,19,1722.7,90.67,4,0.7,1011,1
105,46,4927.84,107.13,6,0.77,735,0
71,30,3459.41,115.31,2,0.58,1550,0
345,31,3609.59,116.44,7,0.01,312,1
57,5,2583.98,516.8,0,0.66,480,0
10,26,3549.98,136.54,6,0.61,1403,0
154,19,3615.63,190.3,5,0.61,1653,0
146,24,341.13,14.21,2,0.28,552,1
226,13,1120.81,86.22,3,0.1,990,1
320,10,74.71,7.47,2,0.19,902,1
340,47,2553.94,54.34,6,0.22,1334,1
106,28,4380.24,156.44,6,0.17,926,1
358,21,3051.68,145.32,5,0.24,1127,1
231,4,2506.04,626.51,1,0.07,1231,1
26,38,4630.57,121.86,2,0.27,1518,0
342,24,869.37,36.22,8,1.0,279,1
51,19,382.28,20.12,4,0.51,1220,0
215,33,4587.36,139.01,4,0.34,354,0
288,7,4514.88,644.98,3,0.72,49,1
91,27,3418.03,126.59,9,0.47,1316,1
99,43,1237.44,28.78,2,0.03,730,0
174,23,4849.12,210.83,7,0.55,1316,1
323,1,3829.08,3829.08,7,0.3,1714,1
82,12,3372.73,281.06,2,0.57,261,1
242,3,1122.33,374.11,0,0.17,840,1
165,25,2570.31,102.81,2,0.48,207,1
41,18,4114.66,228.59,2,0.19,1516,0
259,7,4302.7,614.67,7,0.3,1824,1
304,34,2811.54,82.69,5,0.69,1589,1
210,9,2618.74,290.97,4,0.23,1813,1
65,17,3491.44,205.38,4,0.42,626,0
57,49,2645.96,54.0,9,0.07,529,0
155,4,2094.23,523.56,9,0.69,1569,1
185,13,436.24,33.56,0,0.54,1199,1
201,16,638.99,39.94,8,0.81,707,1
89,25,3803.77,152.15,3,0.54,407,1
183,13,133.07,10.24,7,0.99,75,1
108,48,271.0,5.65,9,0.24,98,0
250,1,4524.17,4524.17,5,0.74,1276,1
290,47,3522.95,74.96,6,0.43,503,1
238,27,31.02,1.15,4,0.38,1502,1
1,2,1567.1,783.55,0,0.73,1548,0
362,6,3818.96,636.49,0,0.96,840,1
9,6,2093.83,348.97,3,0.76,568,0
364,15,2349.3,156.62,8,0.33,341,1
12,17,2299.41,135.26,3,0.51,490,0
188,32,1018.65,31.83,4,0.22,1134,1
39,16,3609.74,225.61,5,0.62,1387,0
35,36,524.0,14.56,3,0.4,1355,0
249,15,2541.18,169.41,4,0.23,1750,1
265,13,858.08,66.01,6,0.02,1205,1
44,14,242.2,17.3,8,0.93,941,0
356,17,724.79,42.63,7,0.08,668,1
117,42,4347.98,103.52,8,0.33,633,1
116,13,888.98,68.38,5,0.19,691,1
109,14,1399.06,99.93,6,0.49,1608,1
168,47,699.09,14.87,1,0.19,1015,0
65,33,3680.37,111.53,1,0.74,426,0
155,10,2232.79,223.28,9,0.22,377,1
77,43,4718.74,109.74,6,0.19,80,0
19,9,3324.98,369.44,1,0.22,1548,0
135,8,2661.63,332.7,4,0.3,424,1
245,22,3286.59,149.39,9,0.64,213,1
278,34,211.72,6.23,0,0.21,549,1
129,10,4753.79,475.38,4,0.7,903,1
118,37,4782.58,129.26,8,0.43,1752,0
287,8,1387.94,173.49,9,0.2,1572,1
248,39,3145.19,80.65,3,0.24,336,1
303,5,1017.56,203.51,9,0.53,980,1
330,23,2741.88,119.21,7,0.38,1509,1
299,32,3856.24,120.51,4,0.51,1395,1
341,14,4699.71,335.69,7,0.81,873,1
152,30,1702.69,56.76,8,0.05,460,1
144,34,3470.59,102.08,2,0.39,1439,1
118,32,3584.97,112.03,0,0.42,829,0
86,20,1113.53,55.68,7,0.25,455,1
273,38,3148.87,82.86,0,0.44,1309,1
261,36,3280.55,91.13,7,0.57,1614,1
292,16,3822.74,238.92,3,0.58,1624,1
61,36,4999.74,138.88,7,0.67,1712,0
179,46,210.76,4.58,6,0.08,1184,1
81,41,1019.5,24.87,0,0.46,1408,0
326,36,733.94,20.39,0,0.76,465,1
98,38,780.63,20.54,6,0.46,611,0
53,40,2276.7,56.92,5,0.66,292,0
208,15,4393.9,292.93,0,0.59,175,1
320,36,2249.13,62.48,9,0.46,1540,1
334,10,3345.72,334.57,2,0.08,850,1
35,18,1888.73,104.93,8,0.63,1024,0
119,46,1605.12,34.89,1,0.53,186,0
56,14,4172.83,298.06,2,0.01,360,1
113,42,3281.18,78.12,5,0.21,166,0
195,21,1760.97,83.86,5,0.06,901,1
103,11,4571.66,415.61,6,0.57,1072,0
25,5,2497.57,499.51,1,0.02,256,1
186,27,949.49,35.17,2,0.84,1301,0
20,23,2421.28,105.27,2,0.95,218,0
83,26,3376.75,129.88,4,0.98,1535,0
1,3,1841.89,613.96,9,0.23,1681,0
32,14,4220.49,301.46,4,0.5,1179,0
159,1,2670.39,2670.39,9,0.89,1007,1
310,15,2344.15,156.28,2,0.69,1343,1
282,46,4294.97,93.37,2,0.3,476,1
36,8,2319.96,290.0,1,0.83,1683,0
13,34,2077.91,61.11,2,0.57,1611,0
124,1,527.54,527.54,3,0.73,1278,1
238,28,1818.83,64.96,3,0.97,1822,0
272,46,1991.27,43.29,7,1.0,573,0
300,17,911.31,53.61,4,0.5,1617,1
125,10,2943.24,294.32,6,0.16,91,1
62,28,727.77,25.99,0,0.62,1371,0
10,14,1126.21,80.44,9,0.64,549,0
54,44,2809.85,63.86,1,0.57,1756,0
24,42,1352.23,32.2,0,0.42,1048,0
314,32,3201.94,100.06,4,0.58,384,1
98,32,3455.66,107.99,6,0.53,595,0
300,30,1513.44,50.45,2,0.94,1605,0
202,37,446.06,12.06,1,0.84,1474,0
197,23,2452.36,106.62,8,0.39,673,1
166,48,473.56,9.87,8,0.57,501,1
299,17,2581.03,151.83,7,0.57,87,1
16,1,3633.83,3633.83,2,0.51,251,0
34,35,3105.45,88.73,5,0.06,88,0
155,33,2246.86,68.09,6,0.71,622,0
144,49,4729.83,96.53,4,0.73,367,0
199,20,517.72,25.89,1,0.48,66,1
269,21,4401.21,209.58,8,0.9,1429,1
214,28,4002.64,142.95,9,0.98,1608,0
94,20,2104.5,105.22,1,0.81,1639,0
120,39,772.81,19.82,7,0.93,1532,0
274,21,787.78,37.51,8,0.49,259,1
74,39,4609.81,118.2,5,0.91,325,0
184,21,1176.19,56.01,0,0.94,1547,0
197,12,4371.84,364.32,6,0.62,57,1
274,49,2521.44,51.46,9,0.15,1386,1
261,26,2314.06,89.0,2,0.15,256,1
170,35,3101.36,88.61,1,0.47,123,0
113,29,1083.05,37.35,2,0.74,1430,0
134,18,2147.57,119.31,8,0.5,1342,0
150,48,4693.04,97.77,5,0.8,182,0
80,19,1198.9,63.1,0,0.77,98,0
228,49,4608.7,94.06,5,0.2,1615,1
76,22,4971.11,225.96,8,0.13,501,0
237,2,269.02,134.51,1,0.71,1769,1
274,2,2661.58,1330.79,5,0.32,982,1
351,48,867.38,18.07,2,0.93,1786,0
44,26,3112.35,119.71,0,0.87,1662,0
277,19,4947.82,260.41,4,0.45,1135,1
32,40,4485.44,112.14,7,0.58,219,0
123,31,4624.99,149.19,6,0.85,1640,0
65,33,1074.62,32.56,1,0.87,655,0
60,34,2716.17,79.89,1,0.56,482,0
64,10,1181.81,118.18,5,0.97,1065,0
16,5,4498.13,899.63,3,0.52,671,1
300,36,963.86,26.77,3,0.04,1358,1
23,2,778.25,389.12,4,0.56,505,1
146,36,70.69,1.96,7,0.78,1673,0
255,7,917.92,131.13,5,0.98,208,1
361,13,956.92,73.61,8,0.11,871,1
311,35,396.68,11.33,1,0.44,1754,1
50,31,4340.03,140.0,4,0.59,1539,0
360,39,3902.19,100.06,5,0.88,1502,0
238,30,1279.86,42.66,7,0.72,1137,1
66,3,3918.46,1306.15,5,0.23,1051,1
164,42,2116.6,50.4,9,0.86,396,0
335,11,3879.85,352.71,8,0.66,564,1
144,7,1621.81,231.69,6,0.9,1070,1
67,44,2827.62,64.26,3,0.83,580,0
319,10,1914.24,191.42,3,0.13,593,1
347,27,946.5,35.06,5,0.96,1248,1
356,24,2932.31,122.18,4,0.45,1293,1
348,38,3756.65,98.86,0,0.98,920,1
318,3,3768.0,1256.0,2,0.19,540,1
166,6,1787.88,297.98,8,0.79,346,1
70,21,2598.37,123.73,4,0.3,501,0
225,24,3821.26,159.22,9,0.04,621,1
81,39,281.94,7.23,2,0.99,1726,0
173,30,368.72,12.29,9,0.3,609,1
239,8,1887.35,235.92,8,0.08,1661,1
345,48,1125.12,23.44,3,0.86,996,0
106,23,1879.48,81.72,6,0.43,840,1
92,48,477.83,9.95,9,0.58,510,0
268,49,2964.12,60.49,6,0.98,1404,0
3,3,3361.99,1120.66,9,0.48,1542,0
207,25,3961.28,158.45,1,0.07,1792,1
272,21,3256.11,155.05,1,0.69,1502,1
201,25,1987.94,79.52,0,0.71,189,0
140,16,4675.29,292.21,3,0.19,1608,1
302,28,3634.4,129.8,7,0.55,1118,1
136,25,2643.13,105.73,9,0.37,951,1
259,10,1042.18,104.22,5,0.05,485,1
169,15,3248.39,216.56,4,0.31,939,1
10,8,2962.69,370.34,9,0.91,1466,0
194,42,3419.82,81.42,5,0.3,1087,1
19,34,3907.81,114.94,5,0.22,212,0
339,19,4576.1,240.85,0,0.94,1386,1
219,20,4745.79,237.29,2,0.38,1445,1
136,4,3154.63,788.66,6,0.94,1236,1
177,15,4830.12,322.01,6,0.88,390,1
226,46,4558.0,99.09,4,0.47,559,1
95,2,23.05,11.52,7,0.38,848,1
105,8,3191.71,398.96,6,0.14,1590,1
153,42,900.56,21.44,0,0.19,1490,0
95,26,1483.01,57.04,8,0.23,201,1
276,2,1494.53,747.26,6,0.47,151,1
38,24,2420.82,100.87,2,0.37,119,0
301,37,64.22,1.74,2,0.8,1696,0
127,17,1186.62,69.8,9,0.3,1580,1
205,19,155.31,8.17,2,0.42,420,1
58,31,3256.29,105.04,0,0.12,1674,0
141,30,4447.55,148.25,0,0.27,928,0
275,45,4988.97,110.87,2,0.78,592,0
99,13,2248.3,172.95,6,0.71,1348,1
49,14,1308.1,93.44,4,0.4,153,0
190,8,4266.99,533.37,7,0.58,251,1
60,33,574.66,17.41,2,0.46,489,0
115,27,4871.45,180.42,2,0.9,1122,0
164,18,3577.04,198.72,4,0.39,1535,1
206,35,2524.63,72.13,7,0.72,955,0
233,19,492.29,25.91,5,0.22,818,1
247,10,100.8,10.08,7,0.43,1081,1
308,27,2727.22,101.01,0,0.53,51,1
25,22,2075.11,94.32,4,0.1,1219,1
132,20,4214.9,210.74,4,0.59,1474,0
1,22,3215.1,146.14,0,0.57,785,0
4,45,2165.16,48.11,3,0.16,1192,0
78,11,1137.78,103.43,2,1.0,566,0
218,14,2407.31,171.95,4,0.09,1710,1
326,28,823.34,29.4,1,0.9,360,1
282,3,3338.39,1112.8,2,0.49,277,1
236,8,3032.59,379.07,9,0.22,1715,1
284,28,4052.26,144.72,1,0.11,940,1
63,25,2253.15,90.13,8,0.7,750,0
306,32,1400.46,43.76,5,0.75,1494,1
325,6,4183.61,697.27,0,0.67,536,1
35,42,3458.08,82.34,4,0.42,560,0
172,24,3536.48,147.35,5,0.17,124,1
303,8,2645.14,330.64,2,0.79,960,1
174,16,4381.13,273.82,2,0.87,1378,0
306,12,1146.64,95.55,7,0.39,1800,1
341,23,2014.44,87.58,0,0.84,977,1
173,23,3983.2,173.18,9,0.64,164,1
22,22,673.47,30.61,3,0.53,372,0
124,23,4042.47,175.76,3,0.61,535,0
79,45,1769.45,39.32,1,0.11,1633,0
173,47,636.26,13.54,8,0.13,1072,0
214,25,404.96,16.2,2,0.73,1706,1
169,48,4216.71,87.85,8,0.97,1545,0
72,41,3895.29,95.01,3,0.51,1610,0
110,41,1447.33,35.3,0,0.05,532,0
248,12,590.65,49.22,4,0.07,1036,1
10,22,1243.7,56.53,5,0.47,138,0
78,18,1072.81,59.6,4,0.66,700,1
325,5,3667.95,733.59,9,0.15,591,1
37,4,1085.66,271.42,5,0.03,320,1
151,31,1088.33,35.11,7,0.73,140,0
76,21,171.02,8.14,3,0.15,707,1
39,41,2988.33,72.89,1,0.44,156,0
154,33,3448.01,104.49,4,0.73,1128,0
190,5,3270.92,654.18,5,0.13,527,1
65,42,2847.31,67.79,4,0.44,436,0
29,25,4830.71,193.23,7,0.11,228,1
50,28,2368.97,84.61,9,0.35,862,0
238,48,4302.08,89.63,0,0.91,333,0
314,32,3233.59,101.05,0,0.69,1058,1
66,2,429.97,214.98,2,0.02,1800,1
117,9,4052.34,450.26,5,0.13,1342,1
126,21,2926.1,139.34,0,0.29,238,1
132,2,3271.09,1635.54,1,0.9,193,0
89,9,909.33,101.04,4,0.75,1601,1
21,39,2193.08,56.23,3,0.62,1586,0
192,7,4404.11,629.16,8,0.15,680,1
131,9,1085.0,120.56,5,0.93,848,0
125,25,10.62,0.42,8,0.81,706,0
97,5,1294.97,258.99,7,0.24,1074,1
339,13,2442.84,187.91,4,0.4,404,1
223,46,4108.18,89.31,9,0.43,1717,1
153,31,3220.02,103.87,8,0.59,755,1
75,48,4596.13,95.75,4,0.37,331,0
292,18,2283.27,126.85,8,0.21,570,1
324,31,1960.17,63.23,2,0.67,1617,1
12,12,1164.78,97.06,2,0.68,548,0
339,19,1098.13,57.8,7,0.44,1473,1
255,9,3683.19,409.24,7,0.49,1404,1
37,41,410.99,10.02,2,0.05,1814,0
275,10,1221.14,122.11,7,0.46,304,1
40,11,4430.62,402.78,5,0.8,735,0
19,23,2888.83,125.6,5,0.59,1540,0
42,22,242.47,11.02,8,0.92,257,0
168,16,3524.23,220.26,1,0.72,91,1
226,18,2538.35,141.02,4,0.78,55,1
149,15,4274.06,284.94,2,0.46,177,0
45,45,3415.35,75.9,5,0.17,1452,0
73,29,32.19,1.11,1,0.91,656,0
311,46,1036.64,22.54,1,0.66,275,1
351,49,1297.24,26.47,6,0.91,1293,1
275,32,3514.14,109.82,0,0.62,579,1
38,41,2551.48,62.23,4,0.45,278,0
299,6,3739.76,623.29,9,0.13,1802,1
252,47,2569.21,54.66,9,0.4,1078,1
192,24,1643.65,68.49,1,0.6,823,0
53,35,527.27,15.06,9,0.93,1683,0
363,13,1021.08,78.54,3,0.83,445,1
162,5,2009.89,401.98,1,0.51,1088,1
17,44,2761.76,62.77,5,0.45,1382,0
77,23,4693.8,204.08,4,0.03,40,1
147,7,1206.2,172.31,3,0.35,517,1
23,33,3333.76,101.02,4,0.98,202,0
118,3,771.2,257.07,0,0.74,983,1
171,23,3571.63,155.29,2,0.52,1251,0
346,35,66.59,1.9,1,0.86,312,1
32,36,3283.04,91.2,9,0.02,285,0
210,23,824.46,35.85,4,0.96,857,1
334,19,909.82,47.89,5,0.7,742,1
294,42,2798.95,66.64,4,0.01,224,1
337,10,1883.3,188.33,8,0.71,1253,1
63,4,2361.81,590.45,7,0.08,1417,1
292,8,1551.36,193.92,6,0.64,799,1
357,40,4767.8,119.2,3,0.3,685,1
119,24,1460.37,60.85,3,0.21,317,1
182,2,2714.82,1357.41,9,0.63,602,1
194,9,4273.23,474.8,9,0.43,940,1
180,2,3324.26,1662.13,2,0.06,1813,1
106,40,1620.66,40.52,3,0.82,363,0
354,23,2766.66,120.29,3,0.27,1519,1
349,4,424.13,106.03,7,0.62,931,1
139,11,2732.98,248.45,9,0.61,1024,1
294,31,2162.63,69.76,8,0.06,568,1
145,30,3792.09,126.4,8,1.0,1724,0
290,41,4241.04,103.44,3,0.45,145,1
213,2,1006.09,503.04,3,0.21,409,1
172,4,416.86,104.22,8,0.44,599,1
47,2,1958.88,979.44,3,0.6,1059,1
239,20,2675.41,133.77,2,0.0,789,1
117,36,1890.24,52.51,8,0.3,1697,1
79,33,3146.52,95.35,4,0.54,361,0
71,11,2533.2,230.29,0,0.69,1052,0
358,33,4683.76,141.93,8,0.31,899,1
38,33,2052.86,62.21,2,0.4,582,0
291,10,421.65,42.16,3,0.22,71,1
316,37,1516.66,40.99,5,0.29,1486,1
12,21,3033.41,144.45,2,0.69,389,0
215,3,1287.57,429.19,8,0.34,279,1
211,20,1352.25,67.61,6,0.28,1053,1
131,38,1704.47,44.85,5,0.3,302,0
243,35,3733.25,106.66,2,0.61,1177,1
149,14,4701.26,335.8,4,0.56,1342,1
161,38,1758.38,46.27,2,0.41,442,0
158,20,985.49,49.27,9,0.63,154,1
292,23,2108.98,91.69,7,0.64,203,1
231,5,1765.68,353.14,1,0.01,120,1
138,49,4950.22,101.02,5,0.34,899,0
338,42,2324.7,55.35,7,0.24,710,1
292,10,3399.62,339.96,5,0.83,1425,1
340,28,4569.8,163.21,1,0.28,744,1
266,39,3149.02,80.74,1,0.32,1198,1
143,25,1254.4,50.18,7,0.54,873,1
282,11,3040.98,276.45,5,0.55,798,1
120,48,2015.36,41.99,5,0.81,1359,0
99,14,2117.53,151.25,2,0.39,942,1
165,17,4896.83,288.05,2,0.28,1051,1
353,19,1400.17,73.69,4,0.61,838,1
207,44,2349.99,53.41,5,0.73,1310,0
140,25,807.74,32.31,4,0.99,576,0
169,36,900.94,25.03,8,0.62,119,1
107,45,3021.39,67.14,1,0.49,790,0
240,46,3757.57,81.69,4,0.13,596,0
128,42,3185.93,75.86,2,0.99,1639,0
202,45,1653.13,36.74,0,0.68,1764,0
135,47,307.49,6.54,4,0.17,420,0
117,49,2356.62,48.09,0,0.46,797,0
354,32,2526.31,78.95,3,0.56,806,1
126,7,3855.55,550.79,6,0.22,429,1
26,6,3205.04,534.17,3,0.73,47,0
138,40,4357.58,108.94,6,0.65,1810,0
194,16,3917.08,244.82,2,0.23,1200,1
35,40,1835.73,45.89,4,0.99,768,0
112,46,3164.78,68.8,8,0.95,359,0
61,32,3738.96,116.84,2,0.27,889,0
183,38,4784.83,125.92,5,0.44,519,0
264,14,2117.54,151.25,7,0.89,431,1
353,22,3244.93,147.5,3,0.41,1748,1
142,48,1969.39,41.03,3,0.95,1208,0
315,41,3691.76,90.04,6,0.2,583,1
79,11,4560.85,414.62,0,0.72,401,0
285,46,4596.94,99.93,2,0.6,1410,0
205,25,793.87,31.75,4,0.35,1124,1
276,42,1028.44,24.49,2,0.72,1564,0
276,26,3777.1,145.27,5,0.02,1389,1
194,30,3158.74,105.29,6,0.23,752,1
94,8,4526.49,565.81,9,0.26,1201,1
192,17,1575.86,92.7,6,0.12,713,1
301,36,4241.62,117.82,5,0.03,192,1
354,42,3422.04,81.48,7,0.35,87,1
338,5,985.33,197.07,2,0.22,173,1
67,4,641.21,160.3,4,0.13,1680,1
218,34,3516.59,103.43,8,0.16,1542,1
39,22,800.72,36.4,1,0.83,731,0
244,42,3973.7,94.61,2,0.09,1653,1
362,4,2789.9,697.48,2,0.72,1353,1
20,18,2389.57,132.75,9,0.05,273,0
239,2,1384.89,692.44,3,0.04,435,1
345,35,4919.39,140.55,3,0.44,703,1
309,43,3613.61,84.04,8,0.38,1474,1
143,8,3892.54,486.57,9,0.55,1204,1
38,16,3845.87,240.37,0,0.7,735,0
337,42,2924.24,69.62,8,0.31,1529,1
336,3,4699.1,1566.37,7,0.19,613,1
211,47,2923.27,62.2,8,0.82,1661,0
357,44,2605.03,59.21,0,0.17,1324,1
2,8,1375.82,171.98,0,0.8,1284,0
225,7,1415.86,202.27,3,0.59,187,1
15,34,3687.05,108.44,8,0.29,294,0
341,1,1680.49,1680.49,4,0.31,1795,1
248,25,3646.27,145.85,7,0.37,1409,1
333,4,4764.01,1191.0,2,0.59,491,1
205,27,2202.14,81.56,3,0.98,1571,1
31,18,495.65,27.54,8,0.32,582,0
10,35,3336.07,95.32,4,0.94,660,0
123,44,57.52,1.31,7,0.21,575,0
271,24,3937.15,164.05,6,0.11,917,1
55,32,2633.01,82.28,1,0.53,1397,0
311,30,2453.76,81.79,9,0.98,328,1
88,49,2851.52,58.19,9,0.48,1766,0
181,12,2586.88,215.57,7,0.8,576,1
74,12,1625.65,135.47,4,0.47,1768,0
170,19,1414.73,74.46,4,0.85,1591,0
165,37,2082.33,56.28,2,0.81,1012,0
2,43,4475.6,104.08,6,0.69,189,0
207,14,685.5,48.96,3,0.62,1059,1
287,6,1630.58,271.76,1,0.52,1398,1
341,30,969.58,32.32,0,0.96,1792,1
121,30,2141.41,71.38,4,0.56,205,0
321,19,676.16,35.59,8,0.34,1366,1
320,10,3806.37,380.64,7,0.88,555,1
360,42,526.3,12.53,8,0.66,1376,1
136,42,3329.66,79.28,6,0.56,1075,0
310,37,1345.87,36.37,8,0.68,1585,1
206,29,2366.23,81.59,7,0.35,35,1
22,13,1007.94,77.53,8,0.42,937,1
99,20,3653.82,182.69,5,0.2,1242,0
245,4,4741.9,1185.47,0,0.86,710,1
59,13,1116.51,85.89,3,0.67,597,1
159,23,4766.23,207.23,8,0.82,617,0
283,22,1633.12,74.23,7,0.32,1373,1
55,4,2793.66,698.42,0,1.0,402,0
181,47,3510.93,74.7,0,0.36,1780,0
79,14,1004.35,71.74,6,0.35,405,1
196,25,2229.37,89.17,9,0.96,777,1
88,23,348.46,15.15,7,0.66,1812,0
352,24,3488.3,145.35,9,0.93,83,1
28,42,2088.91,49.74,0,0.62,633,0
351,37,4459.31,120.52,8,0.25,1553,1
289,43,1377.22,32.03,1,0.39,597,1
312,19,4618.77,243.09,8,0.86,522,1
310,13,713.79,54.91,9,0.49,31,1
69,21,3038.76,144.7,5,0.71,296,0
339,28,1545.96,55.21,5,0.17,381,1
217,17,917.09,53.95,4,0.4,1608,1
351,23,478.75,20.82,5,0.84,1010,1
320,8,3281.66,410.21,8,0.94,447,1
211,29,1173.51,40.47,2,0.32,1482,1
137,35,2868.34,81.95,2,0.17,1116,1
43,26,4897.3,188.36,9,0.02,596,1
37,43,1586.65,36.9,8,0.13,485,0
142,49,184.37,3.76,5,0.84,426,0
296,45,722.68,16.06,2,0.46,1308,1
184,5,605.42,121.08,9,0.29,1315,1
176,44,2321.78,52.77,8,0.78,1194,0
89,17,3725.81,219.17,3,0.79,832,1
206,23,1489.26,64.75,5,0.36,943,1
233,21,737.76,35.13,4,0.9,1641,1
358,14,3207.43,229.1,8,0.46,1026,1
266,43,1512.89,35.18,6,0.26,1132,1
222,32,2880.1,90.0,4,0.9,437,0
332,48,4669.59,97.28,9,0.15,847,1
155,47,1463.82,31.15,6,1.0,69,0
341,21,2567.33,122.25,4,0.61,858,1
135,36,4035.99,112.11,9,0.92,1467,0
47,25,3461.67,138.47,4,0.18,1233,0
153,25,3759.88,150.4,4,0.39,1626,1
47,37,3865.12,104.46,3,0.87,640,0
44,34,2704.18,79.53,2,0.84,1426,0
321,45,2684.95,59.67,2,0.87,1344,0
290,38,3597.26,94.66,0,0.28,1300,1
81,31,3491.26,112.62,7,0.62,1464,0
305,46,3353.59,72.9,5,0.39,877,1
26,6,1916.85,319.47,9,0.32,643,1
104,38,4144.43,109.06,6,0.52,1078,0
258,20,1188.65,59.43,0,0.72,719,1
111,22,787.1,35.78,6,0.52,1271,1
266,39,1732.36,44.42,1,0.23,1584,1
319,14,1276.62,91.19,0,0.81,77,1
25,44,3319.28,75.44,6,0.98,1144,0
9,25,1162.78,46.51,0,0.36,790,0
343,18,3285.88,182.55,4,0.85,218,1
190,17,2570.98,151.23,8,0.86,433,1
185,21,770.73,36.7,2,0.26,1511,1
169,47,1299.4,27.65,6,0.71,684,0
158,6,2613.42,435.57,3,0.94,186,1
252,25,3668.2,146.73,1,0.74,1374,0
212,41,1997.28,48.71,1,0.03,455,1
60,24,1171.83,48.83,0,0.6,682,0
229,28,1482.44,52.94,1,0.78,382,0
244,18,484.63,26.92,1,0.62,1356,1
42,7,135.5,19.36,8,0.03,1678,1
138,32,4865.92,152.06,8,0.12,1774,1
288,46,491.09,10.68,3,0.8,164,0
226,26,633.19,24.35,7,0.49,1687,1
50,22,4356.11,198.0,2,0.96,1169,0
15,7,3320.89,474.41,6,0.41,1515,0
212,47,2186.0,46.51,2,0.82,164,0
169,43,3248.63,75.55,6,0.04,1561,1
350,45,4675.57,103.9,3,0.84,618,1
191,18,505.89,28.1,8,0.86,737,1
340,31,1226.12,39.55,8,0.36,1638,1
79,22,4302.9,195.59,3,0.31,1343,1
163,12,3905.39,325.45,0,0.91,949,0
51,11,4971.34,451.94,3,0.78,1227,0
210,19,1576.4,82.97,2,0.6,668,0
69,28,4724.98,168.75,4,0.44,1794,0
180,6,1725.01,287.5,5,0.91,155,1
126,35,3578.32,102.24,9,0.75,1061,0
68,23,4414.89,191.95,0,0.42,109,0
36,44,862.2,19.6,5,0.5,801,0
187,14,1036.14,74.01,1,0.1,942,1
345,3,2908.98,969.66,5,0.81,1532,1
73,16,4220.69,263.79,6,0.84,1714,1
148,48,403.96,8.42,8,0.36,1375,0
82,16,4255.9,265.99,5,0.31,1760,0
295,35,1722.17,49.2,1,0.25,254,1
152,42,2037.07,48.5,9,0.17,973,1
355,14,1705.91,121.85,4,0.95,1100,1
90,32,4558.28,142.45,4,0.76,168,0
30,11,662.66,60.24,6,0.43,1093,0
213,18,2875.63,159.76,2,0.11,106,1
238,15,749.06,49.94,9,0.14,1163,1
361,33,4643.69,140.72,0,0.71,427,1
318,43,3991.68,92.83,1,0.2,1719,1
322,13,1176.76,90.52,9,0.35,615,1
231,15,1495.91,99.73,4,0.96,1110,1
131,41,1913.76,46.68,8,0.58,1123,0
157,23,2033.03,88.39,9,0.81,1591,0
49,26,4088.54,157.25,9,0.1,634,1
157,35,2827.02,80.77,7,0.33,673,0
133,7,2145.47,306.5,6,0.9,1256,0
14,43,3600.03,83.72,6,0.81,132,0
75,18,2294.75,127.49,6,0.72,1024,1
195,33,649.92,19.69,2,0.59,703,1
135,22,546.37,24.84,8,0.27,1785,1
362,37,1636.52,44.23,1,0.59,986,1
175,30,3018.32,100.61,4,0.05,1414,1
349,9,682.86,75.87,3,0.2,1525,1
241,10,2755.17,275.52,7,0.52,292,1
15,43,1355.35,31.52,2,0.0,1164,0
75,26,3480.11,133.85,2,0.23,1250,0
257,14,151.03,10.79,8,0.15,823,1
199,8,2350.43,293.8,4,0.35,386,1
110,7,270.8,38.69,7,0.86,859,1
191,46,1659.23,36.07,8,0.95,121,0
329,48,87.72,1.83,8,0.17,1818,1
142,20,2350.8,117.54,3,0.23,189,1
17,10,3837.41,383.74,1,0.85,283,0
114,21,510.1,24.29,9,0.17,275,1
341,7,3678.76,525.54,3,0.74,398,1
278,27,2925.13,108.34,7,0.09,359,1
305,31,2527.98,81.55,7,0.65,1152,1
332,49,3001.42,61.25,4,0.27,230,1
43,16,1686.13,105.38,1,0.75,1289,0
103,10,3554.59,355.46,4,0.52,761,0
22,7,3900.53,557.22,1,0.18,738,0
2,19,3893.34,204.91,3,0.4,944,0
304,30,1354.6,45.15,3,0.51,87,1
342,4,3273.0,818.25,5,1.0,927,1
57,38,749.0,19.71,1,0.48,967,0
263,23,2482.14,107.92,8,0.15,1374,1
195,39,23.12,0.59,0,0.56,289,0
26,23,976.0,42.43,9,0.22,122,0
334,8,3162.35,395.29,3,0.88,130,1
318,2,4373.06,2186.53,4,0.83,1751,1
207,28,254.65,9.09,8,0.13,648,1
258,27,2797.18,103.6,6,0.59,453,1
145,40,3187.51,79.69,0,0.7,273,0
289,43,4662.63,108.43,6,0.25,490,1
162,8,3279.17,409.9,5,0.63,817,1
361,16,524.13,32.76,9,0.46,1771,1
23,11,742.25,67.48,5,0.48,1397,0
63,6,3182.46,530.41,9,0.55,1558,1
353,1,1085.94,1085.94,5,0.57,114,1
106,5,4642.24,928.45,1,0.71,1060,0
114,26,4604.23,177.09,5,0.45,927,1
289,8,4743.79,592.97,9,0.72,380,1
69,10,1471.83,147.18,0,0.49,922,1
187,6,3587.58,597.93,3,0.66,1079,1
105,36,3318.44,92.18,0,0.26,33,0
73,32,187.66,5.86,8,0.54,1790,0
352,48,1335.17,27.82,5,0.47,1355,1
73,6,1041.77,173.63,7,0.3,1691,1
35,11,1860.33,169.12,9,0.06,191,1
246,23,4765.74,207.21,8,0.51,137,1
316,32,4229.55,132.17,4,0.01,1703,1
47,7,1474.19,210.6,9,0.39,1704,1
258,11,2654.86,241.35,4,0.37,1177,1
197,21,969.41,46.16,9,0.63,390,1
303,1,1394.4,1394.4,9,0.99,546,1
47,20,334.37,16.72,2,0.86,1455,0
356,38,3216.61,84.65,7,0.98,1690,1
226,26,3288.03,126.46,6,0.95,1235,0
307,22,4194.12,190.64,7,0.07,748,1
132,24,4359.04,181.63,1,0.28,1505,1
344,47,808.7,17.21,5,0.3,497,1
228,26,3717.77,142.99,1,0.07,261,1
47,27,682.19,25.27,8,0.85,720,0
336,46,1874.84,40.76,8,0.9,869,0
290,8,2582.53,322.82,5,0.6,1127,1
110,5,256.85,51.37,1,0.89,1265,1
199,23,792.25,34.45,6,0.71,1328,1
142,16,1362.87,85.18,4,0.44,397,1
198,10,646.44,64.64,7,0.15,1217,1
352,6,4671.14,778.52,0,0.96,110,1
328,44,1448.71,32.93,4,0.69,1683,1
79,31,2510.85,81.0,3,0.35,823,0
354,34,4982.71,146.55,9,0.13,1746,1
160,6,2837.55,472.92,2,0.8,1587,1
257,17,2063.36,121.37,9,0.8,383,1
279,31,4649.66,149.99,9,0.54,230,1
176,26,1120.26,43.09,5,1.0,1668,0
167,35,905.71,25.88,1,0.39,912,1
167,33,2681.47,81.26,2,0.94,221,0
314,21,2142.24,102.01,0,0.63,1123,1
141,39,3986.96,102.23,7,0.74,1747,0
102,13,219.63,16.89,7,0.92,1109,1
132,4,3092.45,773.11,3,0.83,495,0
71,45,3556.29,79.03,7,0.29,635,0
143,2,4859.86,2429.93,5,0.87,507,1
42,14,737.36,52.67,8,0.54,996,0
33,6,1238.75,206.46,0,0.04,786,1
264,12,4662.89,388.57,1,0.67,645,1
29,20,3156.84,157.84,8,0.5,356,0
207,7,199.86,28.55,3,0.54,82,1
284,23,395.95,17.22,9,0.41,1515,1
264,46,3929.35,85.42,8,0.06,1471,1
163,7,2841.7,405.96,0,0.18,253,1
71,46,2831.42,61.55,4,0.76,439,0
339,21,4400.53,209.55,7,0.23,818,1
304,30,1213.08,40.44,1,0.63,1099,1
223,22,810.55,36.84,8,0.54,1658,1
32,16,3072.89,192.06,0,0.22,1281,0
13,6,4413.29,735.55,1,0.28,1170,1
115,30,1333.6,44.45,5,0.38,1365,1
58,45,3409.66,75.77,2,0.88,1119,0
314,26,770.37,29.63,6,0.94,1699,1
75,30,867.82,28.93,3,0.39,1815,0
103,32,4508.54,140.89,2,0.05,840,0
356,20,598.65,29.93,8,0.6,70,1
298,6,131.48,21.91,1,0.42,1814,1
80,25,3876.95,155.08,4,0.49,604,0
140,43,1818.92,42.3,1,0.44,511,0
188,16,1989.33,124.33,1,0.65,254,1
242,43,4001.29,93.05,2,0.3,1398,1
341,42,907.88,21.62,2,0.89,361,0
318,12,3255.13,271.26,4,0.42,1761,1
356,29,1574.51,54.29,4,0.34,417,1
15,37,530.3,14.33,1,0.92,159,0
87,25,3440.61,137.62,0,0.36,1155,0
205,35,1600.13,45.72,0,0.08,399,1
18,45,4334.35,96.32,6,0.16,518,0
130,31,4595.99,148.26,9,0.71,218,1
56,42,4246.77,101.11,0,0.56,1222,0
340,40,1618.54,40.46,0,0.53,425,1
24,40,1190.55,29.76,7,0.08,1354,0
55,42,4465.08,106.31,7,0.16,495,0
72,12,2270.21,189.18,7,0.4,751,0
55,1,3541.62,3541.62,1,0.45,913,1
207,8,4137.55,517.19,8,0.38,992,1
133,13,1395.66,107.36,6,0.5,1516,1
333,34,604.3,17.77,1,0.73,267,1
95,25,3127.89,125.12,1,0.64,438,0
196,23,2955.06,128.48,6,0.61,1380,1
241,1,1358.3,1358.3,7,0.56,1565,1
228,34,2927.69,86.11,7,0.2,782,1
290,18,3953.88,219.66,5,0.6,40,1
74,38,1756.55,46.22,5,0.16,1528,0
185,6,1219.17,203.2,6,0.71,1127,1
292,15,3627.76,241.85,1,0.45,974,1
315,3,3931.5,1310.5,3,0.58,728,1
225,14,4771.9,340.85,0,0.86,1280,0
238,46,746.45,16.23,8,0.37,547,1
315,25,4447.43,177.9,6,0.1,673,1
228,22,3827.84,173.99,7,0.89,1410,1
346,14,3512.48,250.89,4,0.36,697,1
47,13,1572.14,120.93,9,0.41,1728,0
127,33,120.74,3.66,9,0.3,813,1
41,49,2542.68,51.89,6,0.42,1039,0
33,37,1435.99,38.81,8,0.52,1171,0
172,37,1456.21,39.36,6,0.84,1284,0
83,24,4636.42,193.18,7,0.72,939,0
149,5,773.31,154.66,2,0.51,681,1
160,36,4671.82,129.77,9,0.76,1473,0
227,40,2524.0,63.1,1,0.85,1315,0
345,26,4193.01,161.27,6,0.06,128,1
310,5,1425.1,285.02,6,0.59,1152,1
138,35,3173.26,90.66,0,0.04,1646,0
119,46,2787.38,60.6,7,0.31,1035,0
281,12,4621.59,385.13,0,0.76,1692,1
46,8,904.7,113.09,5,0.79,730,1
197,37,1030.8,27.86,8,0.88,468,0
154,17,4745.33,279.14,1,0.5,925,1
67,36,498.84,13.86,3,0.08,210,0
225,35,3177.07,90.77,5,0.13,146,1
117,14,312.21,22.3,9,0.24,1056,1
68,3,394.18,131.39,3,0.37,83,0
238,28,2989.77,106.78,1,0.53,145,1
64,20,2761.33,138.07,1,0.65,847,0
245,42,2869.4,68.32,1,0.16,442,1
60,18,2373.52,131.86,8,0.19,352,1
159,13,3714.37,285.72,7,0.17,941,1
295,43,4961.02,115.37,4,0.75,618,0
84,37,1386.15,37.46,8,0.3,1131,0
280,31,1623.96,52.39,9,0.17,793,1
263,47,1622.02,34.51,8,0.43,378,0
329,39,3818.71,97.92,0,0.25,1294,1
62,43,1746.6,40.62,0,0.37,1704,0
261,40,3386.92,84.67,7,0.82,1334,0
341,20,2234.98,111.75,3,0.33,355,1
278,4,3042.95,760.74,1,0.17,1030,1
69,30,4146.79,138.23,6,0.23,305,1
300,38,2575.15,67.77,3,0.03,76,1
40,49,2381.11,48.59,9,0.9,321,0
215,34,1342.2,39.48,5,0.7,1483,1
182,28,2584.36,92.3,2,0.46,1698,1
194,29,1319.44,45.5,9,0.56,1101,0
190,6,4219.42,703.24,6,0.25,1607,1
12,1,1950.43,1950.43,2,0.4,765,1
185,3,654.25,218.08,1,0.32,89,1
341,45,1207.44,26.83,5,0.82,1653,1
159,39,2677.56,68.66,7,0.74,1334,0
101,13,4582.27,352.48,8,0.28,1212,1
363,21,1509.8,71.9,1,0.76,161,1
37,24,1329.29,55.39,4,0.09,1757,0
178,13,2038.73,156.83,9,0.2,165,1
187,21,4839.09,230.43,6,0.11,57,1
174,18,4227.65,234.87,0,0.24,166,1
336,35,756.84,21.62,9,0.23,1719,1
154,38,3072.63,80.86,6,0.9,1519,0
355,5,3961.4,792.28,4,0.33,233,1
25,23,3842.37,167.06,7,0.36,797,0
268,49,2449.34,49.99,6,0.1,978,1
216,43,3661.84,85.16,2,0.07,1029,0
88,39,2922.1,74.93,7,0.22,392,0
83,37,1015.21,27.44,2,0.13,85,0
262,1,289.71,289.71,2,0.34,85,1
233,48,1853.8,38.62,5,0.19,1647,0
223,37,319.08,8.62,0,0.18,1146,0
19,44,1981.12,45.03,6,0.65,1792,0
218,45,4146.11,92.14,5,0.94,1574,0
358,13,4223.03,324.85,7,0.01,452,1
7,1,180.03,180.03,1,0.71,191,0
171,33,356.98,10.82,5,0.66,1208,1
180,23,3352.64,145.77,4,0.59,433,0
327,2,2504.99,1252.49,1,0.69,1248,1
103,14,755.3,53.95,4,0.51,1766,0
174,49,4029.59,82.24,9,0.93,1764,0
262,18,1090.32,60.57,8,0.16,480,1
22,13,399.96,30.77,1,0.47,898,0
292,33,3750.04,113.64,8,0.65,1299,1
300,33,3044.55,92.26,5,0.91,457,0
262,17,1978.27,116.37,0,0.49,1040,1
236,42,3466.7,82.54,9,0.98,676,0
273,29,4557.79,157.17,5,0.66,1060,1
285,8,180.57,22.57,9,0.7,1178,1
329,16,3142.12,196.38,0,0.82,1603,1
156,42,1098.65,26.16,1,0.73,878,0
167,5,2375.95,475.19,9,0.52,545,1
233,1,2125.67,2125.67,2,0.77,172,1
71,33,1956.0,59.27,5,0.04,1285,1
312,22,959.88,43.63,6,0.93,1479,1
281,13,4015.22,308.86,9,0.82,767,1
230,24,1903.81,79.33,3,0.64,1581,1
110,9,4437.11,493.01,7,0.07,881,1
127,19,1779.79,93.67,7,0.29,888,1
159,12,4200.17,350.01,7,0.25,113,1
242,29,2726.89,94.03,5,0.26,969,1
284,34,1934.27,56.89,0,0.67,1097,0
245,45,3523.12,78.29,2,0.88,912,0
339,4,3935.41,983.85,5,0.68,995,1
350,17,2418.63,142.27,4,0.39,980,1
257,13,2132.85,164.07,1,0.97,1284,1
136,29,2891.32,99.7,6,0.86,214,0
219,27,2929.97,108.52,4,0.69,982,0
155,43,2133.14,49.61,7,0.4,808,1
229,46,3790.74,82.41,5,0.68,652,0
296,38,2004.61,52.75,3,0.41,833,1
135,10,2270.46,227.05,1,0.16,1249,1
185,2,3030.54,1515.27,1,0.62,1820,1
17,45,4934.38,109.65,5,0.7,426,0
269,47,1310.82,27.89,3,0.35,117,1
179,13,1167.44,89.8,7,0.93,657,1
168,3,892.67,297.56,6,0.85,590,1
194,34,3450.33,101.48,2,0.58,154,0
79,29,2250.98,77.62,7,0.06,920,1
218,44,1949.15,44.3,5,0.02,960,1
272,29,1028.41,35.46,8,0.64,1550,1
128,38,4456.78,117.28,9,0.81,1284,0
48,39,2221.43,56.96,9,0.5,857,0
141,1,3042.39,3042.39,1,0.02,1210,1
73,8,571.52,71.44,5,0.14,552,1
137,39,548.78,14.07,0,0.21,311,0
229,9,346.1,38.46,8,0.63,990,1
42,11,1843.06,167.55,7,0.49,921,1
273,37,2369.7,64.05,2,0.1,563,1
82,11,1230.44,111.86,6,0.5,1644,0
326,8,1754.89,219.36,5,0.87,1014,1
267,1,41.24,41.24,5,0.44,1048,1
100,24,1761.93,73.41,5,0.15,1268,1
206,32,604.66,18.9,9,0.58,550,1
41,36,650.64,18.07,7,0.93,982,0
37,45,32.49,0.72,4,0.12,1639,0
349,32,3484.94,108.9,7,0.16,1124,1
293,38,4657.11,122.56,1,0.57,1559,0
57,11,3111.51,282.86,2,0.34,99,1
103,17,490.05,28.83,1,0.9,1322,0
72,15,4948.35,329.89,8,0.71,1212,1
144,4,4878.17,1219.54,0,0.15,1641,1
107,48,2346.49,48.89,8,0.87,1770,0
120,12,548.27,45.69,8,0.64,279,1
193,22,3606.49,163.93,9,0.49,912,1
69,18,4807.73,267.1,7,0.26,1703,1
322,3,3895.71,1298.57,4,0.65,1470,1
265,45,3124.77,69.44,8,0.9,211,0
277,11,3058.05,278.0,9,0.04,1015,1
62,5,4889.81,977.96,8,0.38,655,1
258,17,374.87,22.05,7,0.94,1293,1
305,8,756.28,94.54,7,0.38,950,1
64,49,4155.75,84.81,6,0.04,586,0
274,10,734.11,73.41,8,0.1,779,1
131,15,1922.65,128.18,4,0.69,1765,0
287,14,1414.68,101.05,5,0.7,686,1
175,2,1224.79,612.4,8,0.12,416,1
293,1,138.35,138.35,2,0.22,231,1
54,26,2835.59,109.06,7,0.56,315,0
142,12,2012.19,167.68,1,0.69,125,1
100,5,2762.44,552.49,5,0.16,111,1
91,15,1529.5,101.97,0,0.46,987,0
113,14,4707.89,336.28,9,0.56,1001,1
140,21,2960.82,140.99,8,0.05,1458,1
47,49,4806.42,98.09,2,0.22,1140,0
258,16,1756.53,109.78,1,0.92,373,0
201,35,21.42,0.61,6,0.88,1195,0
302,38,3908.52,102.86,9,0.32,826,1
257,3,4138.62,1379.54,3,0.87,339,1
55,25,302.93,12.12,9,0.63,1196,0
26,22,3130.59,142.3,4,0.98,1199,0
154,25,3308.48,132.34,4,0.97,789,0
176,9,737.21,81.91,3,0.62,326,1
88,23,2767.1,120.31,2,0.47,83,0
285,7,1223.56,174.79,3,0.14,1385,1
212,47,92.09,1.96,1,0.53,309,0
273,29,4335.89,149.51,3,0.4,524,1
40,2,2463.56,1231.78,2,0.65,1242,0
297,25,3910.68,156.43,0,0.09,787,1
76,46,3617.24,78.64,3,0.83,1503,0
164,37,4968.59,134.29,0,0.97,689,0
160,14,2195.39,156.81,1,0.21,1631,1
299,44,2143.48,48.72,7,0.63,690,1
101,10,1415.96,141.6,0,0.8,178,0
88,13,3129.48,240.73,3,0.55,1324,1
124,8,2435.7,304.46,6,0.94,1214,1
132,46,3646.52,79.27,0,0.51,1821,0
67,36,1788.99,49.69,7,0.27,208,0
65,26,662.92,25.5,0,0.47,976,0
85,33,4313.55,130.71,0,0.49,1303,0
171,13,4141.95,318.61,1,0.25,749,1
125,4,1761.49,440.37,8,0.79,500,1
143,42,3454.86,82.26,0,0.62,557,0
262,48,2467.09,51.4,0,0.37,49,1
88,2,3807.25,1903.62,9,0.42,1150,1
332,3,1956.76,652.25,6,0.37,1427,1
274,28,2682.84,95.82,5,0.45,839,1
64,3,298.5,99.5,0,0.53,100,0
115,36,882.8,24.52,3,0.33,1417,0
67,47,3911.01,83.21,5,0.82,1660,0
100,14,1914.01,136.72,5,0.93,1119,0
134,15,185.18,12.35,5,0.52,186,1
48,43,846.51,19.69,1,0.71,769,0
6,18,2063.87,114.66,9,0.93,1051,0
160,12,3592.39,299.37,7,0.19,1740,1
256,5,1823.79,364.76,2,0.19,925,1
111,42,3728.48,88.77,9,0.07,50,0
314,46,4291.72,93.3,3,0.44,1294,0
135,4,1712.27,428.07,1,0.33,1267,1
328,40,4003.87,100.1,8,0.56,452,1
86,8,643.13,80.39,1,0.45,767,1
197,7,2082.26,297.47,0,0.19,107,1
278,19,496.84,26.15,6,0.39,248,1
22,22,272.11,12.37,2,0.03,588,0
339,42,331.99,7.9,1,0.54,196,0
133,35,532.71,15.22,1,0.27,525,1
182,8,4180.27,522.53,1,0.11,1195,1
229,29,2722.95,93.89,9,0.07,716,1
235,43,4737.47,110.17,6,0.71,295,0
9,33,2694.62,81.66,8,0.25,1150,0
316,12,3147.27,262.27,6,0.66,1566,1
227,7,930.57,132.94,5,0.82,1089,1
364,23,2707.5,117.72,2,0.5,588,1
172,24,1932.66,80.53,9,0.13,1477,1
224,18,4657.86,258.77,8,0.61,647,1
161,6,4670.27,778.38,5,0.07,57,1
324,6,1000.51,166.75,1,0.82,1214,1
303,26,3104.45,119.4,7,0.76,1319,1
331,47,3194.5,67.97,3,0.4,425,1
184,30,2817.05,93.9,2,0.27,706,0
289,22,630.41,28.65,7,0.71,42,1
131,46,3273.54,71.16,8,0.57,873,0
168,34,3997.44,117.57,6,0.15,830,0
277,36,1732.68,48.13,0,0.76,493,0
30,29,2577.61,88.88,6,0.33,977,0
259,38,590.48,15.54,9,0.89,1248,1
6,25,4654.14,186.17,6,0.83,830,0
212,31,556.59,17.95,2,0.28,1458,1
174,31,1049.8,33.86,6,0.26,852,1
171,37,1499.41,40.52,2,0.4,764,1
180,45,4130.69,91.79,8,0.8,1225,0
180,15,3506.27,233.75,8,0.13,337,1
149,35,45.0,1.29,5,0.32,1548,1
165,2,925.97,462.98,1,0.66,1115,1
207,27,3753.25,139.01,4,0.03,686,1
278,45,2025.13,45.0,1,0.06,450,1
201,32,140.81,4.4,7,0.76,1448,1
234,14,4819.95,344.28,6,0.52,54,1
305,30,764.65,25.49,2,0.56,142,1
361,18,2557.23,142.07,8,0.25,1120,1
40,22,1249.1,56.78,7,0.53,892,0
260,12,3689.97,307.5,9,0.55,338,1
82,31,3885.86,125.35,2,0.41,705,0
72,10,1992.13,199.21,1,0.96,1435,0
289,22,3295.66,149.8,4,0.05,866,1
26,47,4546.28,96.73,2,0.41,977,0
309,38,4075.9,107.26,7,0.86,194,1
281,21,2080.34,99.06,4,0.21,1324,1
363,48,2212.97,46.1,6,0.93,279,1
244,1,4435.52,4435.52,1,0.43,449,1
318,48,181.52,3.78,0,0.16,556,0
44,18,123.83,6.88,9,0.09,803,1
324,41,1036.92,25.29,4,0.33,520,1
59,47,4139.83,88.08,1,0.92,1494,0
115,30,774.53,25.82,8,0.94,721,0
47,30,1433.54,47.78,1,0.56,93,0
147,37,3149.05,85.11,9,0.12,850,1
273,12,929.37,77.45,3,0.46,251,1
98,9,1522.55,169.17,4,0.42,427,1
300,17,2339.89,137.64,2,0.23,1091,1
221,24,1148.27,47.84,0,0.08,1141,1
229,37,4962.14,134.11,4,0.38,1226,1
342,13,825.6,63.51,3,0.37,704,1
158,28,4251.19,151.83,4,0.7,1533,0
126,1,2355.8,2355.8,4,0.39,137,1
363,2,654.33,327.17,6,0.01,710,1
203,48,601.25,12.53,0,0.02,467,0
224,42,2506.48,59.68,3,0.69,104,0
108,43,1774.07,41.26,8,0.66,1035,0
79,17,1180.67,69.45,9,0.16,131,1
62,26,4795.11,184.43,5,0.87,1119,0
82,34,2322.26,68.3,3,0.66,1564,0
72,13,4644.77,357.29,4,0.15,1465,0
272,37,828.36,22.39,7,0.29,1252,1
22,34,925.5,27.22,3,0.97,470,0
230,20,2984.18,149.21,9,0.41,1203,1
346,22,1356.68,61.67,0,0.24,1039,1
279,16,932.84,58.3,6,0.52,917,1
147,40,482.48,12.06,5,0.21,884,1
22,49,390.59,7.97,4,0.79,284,0
304,49,3768.31,76.9,4,0.79,1553,1
2,38,1417.99,37.32,1,0.8,1531,0
249,18,4892.31,271.8,3,0.62,1340,1
245,39,923.77,23.69,3,0.69,1013,1
70,12,1778.69,148.22,6,0.32,266,1
270,44,1880.79,42.75,5,0.88,1169,0
64,14,2505.76,178.98,4,0.14,1750,1
83,20,4354.47,217.72,5,0.25,267,1
296,5,4175.5,835.1,5,0.99,667,1
357,4,59.68,14.92,0,0.96,1655,1
97,20,2052.18,102.61,8,0.51,1743,1
336,27,4141.4,153.39,8,0.5,830,1
333,1,10.99,10.99,3,0.12,541,1
281,42,2672.86,63.64,7,0.66,544,0
51,6,1304.78,217.46,3,0.03,871,1
109,49,2069.72,42.24,0,0.31,603,0
247,14,2107.32,150.52,8,0.42,1018,1
364,19,1964.85,103.41,2,0.89,173,1
297,8,4460.83,557.6,3,0.97,144,1
153,41,2686.95,65.54,5,0.97,38,0
86,36,4519.7,125.55,4,0.8,1314,0
350,4,3636.44,909.11,2,0.29,1687,1
101,6,1762.09,293.68,8,0.05,217,1
125,30,2472.88,82.43,3,0.43,1672,0
352,43,1955.39,45.47,5,0.3,324,1
205,6,4144.59,690.76,6,0.66,116,1
97,11,946.11,86.01,9,0.37,550,1
2,27,4682.7,173.43,4,0.89,555,0
157,6,2906.32,484.39,4,0.37,1754,1
359,15,3062.67,204.18,9,0.38,231,1
158,1,2588.84,2588.84,4,0.76,1776,1
255,25,2776.94,111.08,2,0.59,1577,1
93,36,3341.7,92.82,0,0.26,908,0
283,21,3278.63,156.13,3,0.68,1238,1
283,13,1078.59,82.97,1,0.56,987,1
222,21,2916.38,138.88,3,0.1,1663,1
281,25,1779.59,71.18,5,0.47,410,1
211,9,3188.78,354.31,5,0.92,1745,1
138,6,2743.69,457.28,1,0.21,780,1
269,9,906.6,100.73,4,0.41,1703,1
304,49,3676.32,75.03,4,0.28,1797,1
307,36,2290.5,63.62,0,0.54,1552,1
78,7,2761.69,394.53,2,0.98,1449,1
247,15,3366.49,224.43,7,0.31,810,1
2,21,3267.83,155.61,0,0.83,1281,0
209,9,3747.15,416.35,3,0.84,469,1
208,42,1041.69,24.8,4,0.26,529,0
133,47,560.85,11.93,1,0.77,1360,0
362,12,3349.21,279.1,6,0.99,1399,1
322,1,1187.56,1187.56,7,0.95,499,1
15,14,581.88,41.56,3,0.61,1764,0
77,29,664.88,22.93,2,0.15,1254,1
76,40,1570.87,39.27,7,0.12,1803,0
327,17,4959.02,291.71,2,0.27,889,1
189,14,794.73,56.77,1,0.6,1106,1
266,13,1499.7,115.36,0,0.39,1200,1
295,1,4604.46,4604.46,0,0.7,318,1
280,1,4816.91,4816.91,8,0.79,531,1
33,21,1151.93,54.85,9,0.18,1760,0
52,31,4403.46,142.05,5,0.91,1239,0
144,1,703.2,703.2,9,0.06,1001,1
124,10,3810.07,381.01,7,0.26,34,1
272,45,74.91,1.66,4,0.81,98,1
57,49,2039.03,41.61,7,0.18,1029,0
136,32,1244.2,38.88,4,0.22,176,1
87,26,3523.0,135.5,9,0.98,285,0
69,29,90.12,3.11,8,0.91,1066,0
63,19,2329.86,122.62,8,0.81,1754,0
72,10,3486.68,348.67,5,0.17,1529,1
206,19,243.06,12.79,5,0.26,865,1
150,35,4488.03,128.23,1,0.24,1720,0
159,33,1812.38,54.92,6,0.19,1117,1
175,34,834.68,24.55,1,0.97,1725,0
270,30,1135.07,37.84,5,0.17,456,1
314,3,1701.14,567.05,1,0.75,1068,1
192,31,999.89,32.25,4,0.05,1685,1
234,44,2557.79,58.13,7,0.54,1791,1
269,32,3168.33,99.01,3,0.07,1573,1
252,29,2172.82,74.92,6,0.06,298,1
49,11,2140.89,194.63,2,0.23,1140,1
358,39,3910.68,100.27,2,0.93,199,0
60,23,1512.07,65.74,1,0.64,717,0
150,13,3117.62,239.82,1,0.65,84,0
238,25,4465.68,178.63,3,0.3,1393,1
147,6,1115.36,185.89,1,0.72,1419,1
89,46,3103.3,67.46,8,0.68,195,0
337,35,4740.38,135.44,7,0.46,1675,1
27,17,2653.68,156.1,2,0.68,1536,0
90,39,4884.72,125.25,8,0.87,1537,0
362,3,1557.13,519.04,3,0.96,832,1
266,19,2825.83,148.73,5,1.0,1716,1
32,32,1562.07,48.81,6,0.49,1794,0
275,2,28.56,14.28,7,0.03,1013,1
353,35,4986.57,142.47,0,0.23,709,1
36,41,1207.9,29.46,2,0.2,1399,0
151,30,4865.78,162.19,3,0.3,109,1
171,11,3268.63,297.15,5,0.36,634,1
48,37,4520.63,122.18,8,0.67,37,0
74,17,4836.34,284.49,4,0.53,1406,0
64,37,2843.47,76.85,4,0.65,107,0
68,31,4998.46,161.24,0,0.97,1381,0
147,5,3838.98,767.8,5,0.05,1045,1
169,5,2623.83,524.77,4,0.01,811,1
87,1,3278.17,3278.17,6,0.67,1162,1
106,4,979.41,244.85,8,0.55,108,1
70,15,65.05,4.34,5,0.48,1485,0
290,2,1291.38,645.69,0,0.85,507,1
78,46,2180.5,47.4,8,0.16,1542,0
331,45,1147.98,25.51,4,0.57,1618,0
197,9,2575.04,286.12,4,0.93,1018,1
293,16,3293.14,205.82,8,0.45,1084,1
232,37,3282.41,88.71,5,0.58,1687,0
97,33,4469.88,135.45,7,0.07,757,1
219,29,4831.93,166.62,8,0.35,743,1
100,49,4454.57,90.91,4,0.04,1730,0
44,31,3104.67,100.15,9,0.57,754,0
93,33,1036.76,31.42,1,0.59,687,0
101,25,4717.82,188.71,8,0.95,40,0
50,26,882.55,33.94,8,0.64,618,0
9,15,765.62,51.04,0,0.0,478,0
344,26,1594.67,61.33,1,0.83,1413,1
187,45,2872.29,63.83,0,0.33,927,0
147,19,3410.55,179.5,2,0.71,667,0
339,7,76.33,10.9,9,0.26,1706,1
82,30,3892.33,129.74,1,0.76,830,0
147,39,883.35,22.65,0,0.93,776,0
309,47,1489.46,31.69,4,0.08,1326,1
231,27,1617.21,59.9,3,0.54,498,1
146,39,1668.91,42.79,6,0.54,802,0
94,13,3804.23,292.63,6,0.29,1297,0
13,21,214.31,10.21,8,0.34,608,0
31,21,990.62,47.17,4,0.68,800,0
59,17,121.37,7.14,4,0.29,57,1
287,36,3893.71,108.16,0,0.03,1455,1
233,44,4918.77,111.79,9,0.77,1574,0
158,17,3301.14,194.18,2,0.63,1229,1
285,7,2954.79,422.11,5,0.25,975,1
59,41,4541.25,110.76,8,0.96,1633,0
77,42,1282.22,30.53,6,0.9,1558,0
143,46,341.65,7.43,6,0.96,871,0
334,13,2554.75,196.52,1,0.51,1139,1
224,36,1309.14,36.36,7,0.24,1714,1
310,36,2260.9,62.8,1,0.17,390,1
91,39,2286.94,58.64,6,0.95,1426,0
309,40,1600.97,40.02,5,0.89,681,0
27,47,2436.76,51.85,4,0.74,196,0
83,24,1906.96,79.46,7,0.51,778,0
191,4,574.17,143.54,7,0.38,960,1
19,10,4334.96,433.5,2,0.7,1357,0
313,44,3509.36,79.76,3,0.01,302,1
316,42,216.13,5.15,4,0.52,1013,1
198,1,587.77,587.77,1,0.68,1217,1
112,19,491.61,25.87,3,0.75,1172,0
37,13,318.1,24.47,0,0.45,1524,1
226,16,304.69,19.04,4,0.75,1381,1
196,32,793.99,24.81,2,0.1,865,1
277,25,4240.87,169.63,2,0.23,521,1
220,24,4142.88,172.62,8,0.14,1610,1
47,22,3917.9,178.09,1,0.34,1613,0
45,32,3077.39,96.17,1,0.34,262,0
285,34,3620.23,106.48,3,0.37,843,1
58,3,3695.02,1231.67,0,0.47,1379,0
342,7,4447.67,635.38,8,0.44,1216,1
39,17,3664.39,215.55,9,0.49,1600,1
266,22,3684.93,167.5,8,0.75,421,1
355,49,4022.37,82.09,7,0.14,1719,1
161,44,2786.21,63.32,1,0.35,448,0
21,32,1073.01,33.53,5,0.0,202,0
320,2,431.87,215.94,0,0.03,1349,1
69,5,2101.03,420.21,3,0.61,1695,0
192,23,467.51,20.33,4,0.88,658,0
359,29,854.83,29.48,6,0.31,316,1
272,33,128.96,3.91,2,0.4,1602,1
17,7,1508.03,215.43,2,0.21,200,0
299,44,4850.29,110.23,8,0.14,1223,1
59,25,1900.87,76.03,2,0.88,257,0
273,30,1212.05,40.4,4,0.57,1224,1
227,2,2023.21,1011.6,2,0.7,234,1
105,41,1513.68,36.92,8,0.88,712,0
155,27,3372.65,124.91,5,0.59,864,0
43,11,3175.99,288.73,1,0.18,1650,1
360,16,146.44,9.15,1,0.71,1306,1
87,18,2561.5,142.31,9,0.75,1725,1
113,2,190.64,95.32,9,0.41,999,1
184,47,3390.04,72.13,7,0.62,493,0
245,40,4679.68,116.99,0,0.48,792,1
184,44,4538.36,103.14,7,0.33,953,1
184,18,1036.5,57.58,6,0.67,1042,1
213,28,3715.8,132.71,9,0.25,1657,1
313,23,3967.4,172.5,4,0.33,1640,1
144,24,4323.19,180.13,4,0.41,211,0
303,29,1305.4,45.01,6,0.61,1455,1
287,23,2259.67,98.25,1,0.85,564,1
350,38,1115.31,29.35,7,0.61,1084,1
333,3,131.3,43.77,4,0.73,1743,1
291,10,3298.47,329.85,1,0.29,1613,1
90,44,2163.0,49.16,8,0.59,900,0
282,44,1248.1,28.37,2,0.1,112,1
269,41,4237.05,103.34,8,0.46,1738,1
106,19,2483.45,130.71,2,0.69,1658,0
247,23,4973.34,216.23,4,0.18,712,1
93,2,3968.86,1984.43,4,0.9,276,0
191,14,4347.36,310.53,7,0.42,976,1
291,36,3868.93,107.47,1,0.67,1469,1
69,17,538.57,31.68,2,0.47,845,0
123,24,334.49,13.94,1,0.73,67,0
290,7,4576.24,653.75,2,0.58,850,1
166,25,699.6,27.98,4,0.12,954,1
350,36,1962.22,54.51,5,0.92,1677,1
3,29,3053.46,105.29,8,0.66,1479,0
263,28,1067.37,38.12,4,0.47,1276,1
297,45,1134.17,25.2,4,0.68,756,0
335,12,2336.54,194.71,1,0.26,1727,1
58,15,1810.87,120.72,0,0.77,445,0
359,31,3386.11,109.23,7,0.41,621,1
143,24,384.63,16.03,6,0.81,1549,1
129,48,2448.91,51.02,5,0.27,1814,0
130,3,879.56,293.19,4,0.79,1492,1
233,6,3037.56,506.26,5,0.91,1300,1
240,17,589.9,34.7,8,0.98,1713,1
173,23,996.18,43.31,1,0.78,265,1
26,44,4021.41,91.4,4,0.7,1231,0
360,25,1183.48,47.34,2,0.52,771,1
81,22,3687.96,167.63,1,0.11,1103,1
35,9,1372.58,152.51,6,0.56,476,1
218,22,1182.79,53.76,7,0.56,907,1
151,27,1502.78,55.66,8,0.06,452,1
225,29,4405.85,151.93,0,0.69,1185,0
319,30,1991.86,66.4,1,0.15,1698,1
36,22,1226.37,55.74,5,0.6,135,0
104,8,2687.83,335.98,8,0.47,1753,1
189,8,1934.35,241.79,9,0.88,1213,1
287,8,3953.09,494.14,7,0.23,55,1
219,31,4952.32,159.75,9,0.17,1069,1
140,42,2637.61,62.8,8,0.55,277,0
223,44,2264.23,51.46,3,0.46,1470,1
357,16,1721.75,107.61,5,0.16,528,1
175,4,4866.96,1216.74,6,0.61,133,1
322,31,2421.58,78.12,3,0.91,1551,1
284,2,898.2,449.1,8,0.74,993,1
110,31,4846.39,156.34,7,0.21,1126,1
91,19,4804.8,252.88,5,0.24,1522,0
281,42,2184.27,52.01,4,0.56,1044,0
76,31,1747.45,56.37,7,0.68,1459,0
123,37,3405.38,92.04,2,0.98,1103,0
86,20,4146.33,207.32,2,0.1,79,0
221,42,2497.68,59.47,4,0.55,1736,0
108,26,1660.76,63.88,1,0.99,1752,0
240,31,1513.96,48.84,4,0.11,525,1
341,18,1639.73,91.1,4,0.97,1197,1
302,23,598.98,26.04,5,0.46,251,1
346,42,3895.32,92.75,4,0.72,541,0
9,20,533.75,26.69,8,0.43,1121,0
166,2,1997.59,998.8,2,0.84,654,0
81,19,4176.37,219.81,4,0.91,1769,0
335,20,2026.49,101.32,7,0.17,170,1
260,21,1480.86,70.52,2,0.75,1304,1
117,4,4741.79,1185.45,6,0.02,1129,1
206,7,641.45,91.64,9,0.28,1631,1
221,16,4425.42,276.59,3,0.55,1482,1
181,21,319.76,15.23,2,0.6,1638,0
173,2,2073.51,1036.76,1,0.37,1454,1
21,20,3162.29,158.11,0,0.27,423,0
165,16,1856.49,116.03,2,0.17,792,1
127,2,2677.69,1338.84,8,0.24,1260,1
298,13,1027.97,79.07,2,0.13,1823,1
315,14,2849.48,203.53,9,0.26,1577,1
274,8,681.45,85.18,9,0.82,1196,1
12,37,3982.52,107.64,6,0.29,211,0
307,4,2923.11,730.78,9,0.91,785,1
145,29,2414.84,83.27,4,0.25,1199,0
152,33,282.79,8.57,9,0.49,1415,1
345,40,2503.87,62.6,5,0.17,518,1
316,27,2822.21,104.53,0,0.02,868,1
19,27,1335.68,49.47,8,0.63,1504,0
131,38,3391.18,89.24,9,0.34,1526,1
273,42,393.06,9.36,8,0.35,430,1
197,11,1051.36,95.58,4,0.41,485,1
94,40,3690.37,92.26,1,0.78,700,0
192,23,744.64,32.38,5,0.4,1185,1
316,5,1235.29,247.06,8,0.09,1244,1
82,31,3257.77,105.09,8,0.28,1392,1
272,48,3646.92,75.98,6,0.58,1027,0
268,7,266.93,38.13,7,0.99,1677,1
323,1,641.68,641.68,0,0.14,245,1
109,45,2236.13,49.69,6,0.32,971,0
79,30,2968.05,98.94,1,0.49,434,0
200,11,2274.37,206.76,7,0.94,997,1
194,39,3238.88,83.05,0,0.11,1620,0
150,20,3782.4,189.12,5,0.79,1619,1
284,17,4748.22,279.31,9,0.72,1804,1
291,15,1755.9,117.06,1,0.31,909,1
90,30,823.89,27.46,4,0.77,1275,0
290,7,1327.78,189.68,0,0.57,885,1
84,18,749.34,41.63,7,0.17,47,1
149,15,1977.29,131.82,9,0.29,538,1
10,3,4364.11,1454.7,0,0.33,1364,1
124,38,1741.83,45.84,5,0.32,126,0
349,1,752.63,752.63,7,0.75,1183,1
162,48,2617.94,54.54,0,0.66,853,0
259,5,4959.8,991.96,4,0.82,769,1
40,18,949.02,52.72,1,0.51,1350,0
232,5,3891.6,778.32,9,0.35,439,1
136,18,4118.56,228.81,5,0.07,494,1
271,30,2012.68,67.09,5,0.79,327,1
338,5,3101.56,620.31,9,0.07,224,1
194,26,2167.54,83.37,7,0.3,179,1
38,38,1319.01,34.71,3,0.67,216,0
174,23,2136.33,92.88,6,0.76,1177,0
45,6,485.5,80.92,2,0.07,568,1
164,34,3537.71,104.05,5,0.61,635,0
23,10,4147.67,414.77,8,0.14,1381,0
234,1,1543.93,1543.93,9,0.76,959,1
114,22,2836.72,128.94,9,0.73,168,1
74,14,1168.42,83.46,4,0.75,972,0
7,2,646.03,323.02,8,0.06,1216,1
324,39,3321.46,85.17,8,0.56,1120,1
305,30,679.2,22.64,5,0.24,1588,1
296,45,3912.08,86.94,0,0.5,1097,1
22,24,1366.06,56.92,1,0.99,1488,0
128,22,4094.38,186.11,6,0.09,961,1
354,42,1848.84,44.02,8,0.59,1172,1
211,4,1850.52,462.63,9,0.16,308,1
47,18,3755.36,208.63,2,0.51,1811,0
52,40,2556.23,63.91,8,0.52,78,0
96,15,1012.88,67.53,8,0.46,1767,1
354,44,4253.54,96.67,4,0.64,1064,1
62,14,1707.36,121.95,3,0.97,635,0
329,21,522.86,24.9,4,0.81,789,1
247,44,2085.85,47.41,6,0.96,167,0
336,12,2874.07,239.51,8,0.19,766,1
301,48,3053.33,63.61,1,0.99,157,0
121,3,4179.68,1393.23,3,0.31,801,1
302,14,2711.62,193.69,1,0.03,274,1
62,29,1126.32,38.84,9,0.44,233,1
106,30,1315.71,43.86,4,0.25,1308,1
78,45,513.19,11.4,2,0.76,351,0
49,48,3682.26,76.71,2,0.09,631,0
33,34,538.65,15.84,0,0.55,1218,0
69,33,3033.01,91.91,4,0.29,935,0
44,16,2988.77,186.8,7,0.21,952,1
139,40,3929.66,98.24,3,0.88,823,0
26,32,382.4,11.95,4,0.52,1124,0
23,2,1022.53,511.26,6,0.33,1201,1
361,41,4548.72,110.94,3,0.75,262,1
32,18,2865.46,159.19,7,0.85,1758,0
27,24,2293.87,95.58,3,0.44,1491,0
11,24,3740.9,155.87,4,0.18,791,1
49,41,4513.63,110.09,9,0.99,698,0
193,14,1322.42,94.46,8,0.36,1332,1
302,20,4508.36,225.42,5,0.21,1130,1
268,2,552.39,276.2,3,0.1,1471,1
212,18,4888.64,271.59,9,0.12,865,1
31,5,832.61,166.52,4,0.94,821,1
282,29,1338.52,46.16,3,0.95,870,0
14,44,492.0,11.18,5,0.51,560,0
230,23,4020.35,174.8,4,0.69,1427,1
149,45,4921.32,109.36,8,0.83,1459,0
322,48,1491.91,31.08,2,0.56,228,0
112,3,1634.8,544.93,0,0.67,197,1
233,26,1402.11,53.93,4,0.97,164,1
161,26,782.59,30.1,9,0.17,621,1
191,19,3939.35,207.33,0,0.14,211,1
342,41,312.99,7.63,8,0.75,1052,1
260,20,4839.19,241.96,0,0.7,1816,1
151,3,4637.3,1545.77,5,0.19,1295,1
163,27,601.01,22.26,4,0.3,1694,1
257,10,2652.32,265.23,1,0.69,296,1
126,18,4964.33,275.8,7,0.49,1287,1
62,25,4264.57,170.58,1,0.89,1337,0
171,36,3578.52,99.4,4,0.84,833,0
25,14,122.08,8.72,5,0.49,1368,1
62,19,351.2,18.48,5,0.67,182,0
154,4,3972.15,993.04,0,0.64,1134,1
290,19,1888.46,99.39,4,0.09,1503,1
285,29,3345.48,115.36,6,0.43,735,1
95,31,3698.52,119.31,5,0.44,370,0
154,15,2116.7,141.11,7,0.9,48,1
56,3,725.47,241.82,7,0.89,519,0
275,29,1939.61,66.88,1,0.06,1504,1
90,33,4356.53,132.02,8,0.85,1539,0
292,5,1662.12,332.42,8,0.61,1137,1
307,25,322.62,12.9,8,0.02,491,1
251,5,4796.07,959.21,8,0.38,496,1
121,23,3406.58,148.11,2,0.89,1546,0
347,32,2708.88,84.65,6,0.36,1077,1
250,36,4147.25,115.2,4,0.68,1440,0
236,35,2061.69,58.91,9,0.57,694,1
312,38,4925.73,129.62,8,0.59,1532,1
321,12,4289.29,357.44,1,0.48,875,1
29,42,1409.92,33.57,9,0.48,1240,0
321,18,1861.53,103.42,6,0.9,1558,1
279,19,1385.96,72.95,5,0.41,662,1
76,39,3300.11,84.62,4,0.19,1444,0
112,17,3200.27,188.25,4,0.42,1202,1
274,4,2617.3,654.33,7,0.73,922,1
79,36,4829.54,134.15,7,0.48,1518,0
165,33,2366.65,71.72,5,0.73,819,0
251,29,3920.77,135.2,9,0.24,1375,1
237,8,3293.89,411.74,2,0.58,167,1
332,31,2595.74,83.73,4,0.86,1577,1
41,10,220.05,22.01,5,0.53,1761,0
108,28,3290.9,117.53,1,0.64,1795,0
359,25,3216.55,128.66,4,0.68,1545,1
208,38,633.12,16.66,8,0.74,1268,0
91,48,3981.62,82.95,6,0.35,1360,0
106,10,2340.3,234.03,7,0.63,1695,1
124,6,1627.49,271.25,1,0.42,1340,1
202,28,4121.56,147.2,1,0.39,517,1
104,47,1723.42,36.67,4,0.48,316,0
227,8,3113.04,389.13,3,0.41,1777,1
163,24,3093.39,128.89,0,0.03,279,1
223,20,273.5,13.68,5,0.74,1664,0
57,16,2119.94,132.5,7,0.58,1710,0
227,33,1121.67,33.99,7,0.14,104,1
337,15,1005.86,67.06,1,0.26,1479,1
50,25,3278.26,131.13,7,0.61,1089,0
120,42,66.94,1.59,3,0.52,729,0
253,19,4845.7,255.04,1,0.72,932,1
225,2,1983.0,991.5,4,0.49,799,1
246,44,1501.03,34.11,2,0.84,1494,1
204,14,4600.67,328.62,6,0.08,768,1
249,38,2438.49,64.17,7,0.61,256,1
222,38,3075.48,80.93,7,0.37,742,1
27,26,3482.3,133.93,1,0.31,977,0
274,5,4358.34,871.67,3,0.94,838,1
163,47,657.41,13.99,4,0.86,929,0
19,34,417.45,12.28,9,0.18,1801,0
149,21,4968.62,236.6,5,0.06,739,1
159,42,54.33,1.29,6,0.87,1498,0
32,39,3543.89,90.87,3,0.17,1810,0
363,38,3059.22,80.51,2,0.93,1520,1
81,9,2767.23,307.47,7,0.28,998,1
121,32,3931.28,122.85,8,0.41,1806,0
161,15,4962.44,330.83,0,0.04,771,1
304,4,243.96,60.99,5,0.54,531,1
271,17,3076.51,180.97,7,0.19,1567,1
281,6,3586.72,597.79,1,0.43,1679,1
87,6,1536.64,256.11,6,0.92,279,1
308,36,4465.38,124.04,4,0.25,603,1
303,25,2290.39,91.62,5,0.63,546,1
169,20,830.75,41.54,5,0.2,1501,1
199,10,4273.5,427.35,8,0.61,530,1
14,38,4715.2,124.08,0,0.29,1220,0
277,32,506.58,15.83,2,0.68,1705,0
350,29,3760.89,129.69,3,0.77,1663,1
173,10,1082.92,108.29,8,0.88,1610,0
197,7,43.54,6.22,5,0.92,980,1
182,7,1310.46,187.21,1,0.24,1118,1
31,2,4276.0,2138.0,0,0.13,1332,0
226,48,714.51,14.89,9,0.05,603,1
263,19,662.04,34.84,1,0.72,929,1
338,33,3697.85,112.06,0,0.19,870,1
339,49,2037.73,41.59,4,0.8,1467,0
180,46,750.95,16.32,5,0.96,1055,0
350,16,1157.7,72.36,2,0.15,829,1
193,25,3975.06,159.0,1,0.28,999,1
234,23,3120.11,135.66,0,0.52,338,1
220,2,3807.03,1903.52,4,0.43,489,1
364,38,497.89,13.1,9,0.43,1467,1
269,29,2295.94,79.17,1,0.22,264,1
44,19,3987.56,209.87,5,0.89,1255,0
27,28,1336.31,47.73,1,0.68,1659,0
150,37,854.25,23.09,6,0.15,1257,1
188,1,1915.1,1915.1,0,0.0,1180,1
244,32,1673.57,52.3,2,0.76,1317,1
176,43,935.51,21.76,0,0.02,290,0
188,36,4770.19,132.51,6,0.88,275,0
336,31,2420.66,78.09,7,0.53,1806,1
122,5,3044.3,608.86,1,0.93,796,0
180,37,614.32,16.6,4,0.77,768,0
203,37,3054.08,82.54,2,0.89,314,0
171,25,2781.06,111.24,0,0.74,1345,0
353,29,4660.33,160.7,0,0.58,91,1
351,31,2067.46,66.69,9,0.17,347,1
187,6,3912.49,652.08,6,0.73,432,1
165,13,1527.86,117.53,6,0.59,1704,1
215,39,2898.91,74.33,2,0.45,1735,0
66,48,4635.58,96.57,2,0.56,172,0
156,14,3129.11,223.51,7,0.23,280,1
79,20,3558.68,177.93,4,0.4,1745,1
53,45,4381.16,97.36,1,0.12,1168,0
35,8,4627.87,578.48,4,0.41,1335,0
214,13,1049.29,80.71,5,0.47,1048,1
1,3,987.23,329.08,5,0.86,437,0
236,12,2756.88,229.74,5,0.53,1341,1
158,32,4977.63,155.55,8,0.91,354,0
134,18,2455.86,136.44,2,0.97,82,1
281,49,1661.22,33.9,5,0.05,1532,1
197,44,2690.93,61.16,8,0.6,711,0
267,44,331.33,7.53,9,0.3,101,1
259,36,894.26,24.84,9,0.85,809,1
12,35,753.11,21.52,7,0.49,235,0
79,25,149.3,5.97,1,0.08,875,0
208,49,3613.84,73.75,9,0.22,1237,1
356,5,1634.12,326.82,0,0.67,636,1
57,36,851.0,23.64,5,0.08,168,0
39,7,2566.1,366.59,4,0.38,1628,1
343,17,1623.99,95.53,6,0.87,1001,1
352,13,1971.16,151.63,7,0.03,71,1
61,30,1584.5,52.82,7,0.7,1060,0
147,39,29.88,0.77,2,0.68,1688,0
229,4,3444.76,861.19,7,0.32,62,1
72,30,562.35,18.74,7,0.11,1442,0
119,11,1103.52,100.32,0,0.1,707,1
144,4,959.68,239.92,6,0.97,1300,1
234,21,1663.52,79.22,1,0.68,81,1
113,29,809.39,27.91,5,0.38,1657,1
151,10,1741.29,174.13,2,0.83,1765,1
106,20,1223.89,61.19,3,0.1,1017,1
277,47,315.46,6.71,2,0.13,416,0
56,17,4354.11,256.12,8,0.2,301,0
84,49,1534.85,31.32,9,0.76,1268,0
91,41,485.46,11.84,7,0.41,1454,0
330,19,2612.42,137.5,7,0.64,1239,1
344,29,625.14,21.56,3,0.23,915,1
183,35,3867.74,110.51,1,0.78,1416,0
57,23,317.27,13.79,5,0.8,1353,0
276,20,2328.53,116.43,4,0.41,631,1
180,17,4719.69,277.63,2,0.21,1424,1
310,7,803.26,114.75,2,0.63,360,1
132,2,1014.83,507.42,1,0.26,1502,1
364,17,3006.32,176.84,8,0.15,982,1
294,39,4899.47,125.63,3,0.62,1371,1
82,12,1935.32,161.28,9,0.51,1276,1
265,9,3246.74,360.75,6,0.78,202,1
105,17,770.06,45.3,1,0.29,1385,1
128,30,3210.57,107.02,0,0.23,1437,0
92,11,1270.78,115.53,4,0.64,117,1
249,11,3070.31,279.12,0,0.7,435,1
96,6,452.42,75.4,9,0.41,1381,1
233,17,2629.6,154.68,9,0.44,677,1
213,11,1194.65,108.6,6,0.12,231,1
274,41,3411.73,83.21,2,0.47,1563,1
362,45,3740.87,83.13,8,0.96,971,0
4,19,4242.23,223.28,6,0.11,737,0
361,5,4962.05,992.41,3,0.57,1026,1
40,5,2302.18,460.44,8,0.02,747,1
192,16,3356.27,209.77,2,0.33,258,1
125,23,101.93,4.43,5,0.76,1038,0
233,26,4526.38,174.09,6,0.57,1760,1
263,15,3082.56,205.5,9,0.08,1738,1
314,18,2112.51,117.36,1,0.45,1175,1
147,14,2177.22,155.52,2,0.08,321,1
340,26,3792.4,145.86,8,0.37,431,1
118,35,4169.02,119.11,4,0.77,596,0
75,3,4041.44,1347.15,7,0.26,121,1
139,24,2557.82,106.58,7,0.45,281,0
193,32,1862.02,58.19,3,0.5,1421,1
244,33,4728.24,143.28,3,0.85,800,1
304,28,3174.66,113.38,4,0.12,1540,1
82,26,2722.83,104.72,0,0.55,140,0
111,34,2995.61,88.11,7,0.03,192,0
342,19,3153.03,165.95,1,0.09,1268,1
161,28,3568.23,127.44,9,0.22,492,1
88,16,2770.39,173.15,7,0.72,435,0
359,22,4378.02,199.0,3,0.04,1183,1
164,7,4299.97,614.28,0,0.95,1669,0
359,18,2216.87,123.16,7,0.43,782,1
335,7,851.0,121.57,4,0.84,1398,1
330,12,2887.51,240.63,1,0.22,644,1
212,21,3107.49,147.98,4,0.34,1536,1
291,25,2621.66,104.87,9,0.73,791,1
350,47,4453.98,94.77,6,0.38,302,1
98,2,474.17,237.08,6,0.51,937,1
14,45,1444.22,32.09,5,0.81,555,0
117,17,4330.29,254.72,1,0.65,361,0
232,36,4697.67,130.49,9,0.84,359,0
200,34,2135.37,62.8,7,0.09,726,1
30,48,971.29,20.24,5,0.61,47,0
205,6,2107.44,351.24,7,0.6,155,1
64,48,2286.27,47.63,3,0.61,1088,0
185,4,2602.65,650.66,7,0.59,40,1
210,43,1379.02,32.07,9,0.72,1416,1
232,32,1570.01,49.06,3,0.84,1780,1
151,24,3281.38,136.72,0,0.23,359,1
149,20,3112.75,155.64,7,0.1,128,1
248,5,3313.89,662.78,8,0.07,407,1
273,40,1892.65,47.32,8,0.16,108,1
295,36,1688.92,46.91,9,0.66,513,1
122,46,1764.18,38.35,3,0.42,1627,0
155,36,4756.37,132.12,9,0.35,1501,1
121,47,1982.27,42.18,2,0.91,1781,0
193,44,3034.6,68.97,5,0.9,1486,0
47,21,2618.99,124.71,8,0.54,1545,1
157,35,4382.35,125.21,9,0.46,1092,1
69,13,1851.89,142.45,6,0.27,280,0
194,39,2176.38,55.8,5,0.46,1409,0
310,30,4215.54,140.52,4,0.41,1177,1
359,22,813.18,36.96,8,0.01,1756,1
163,31,2975.53,95.98,8,0.76,1280,0
21,14,2005.54,143.25,2,0.44,1009,0
83,31,4929.1,159.0,1,0.22,1415,0
39,24,3609.71,150.4,8,0.67,1207,0
277,16,62.68,3.92,8,0.45,232,1
359,48,4198.97,87.48,0,0.31,1127,1
202,4,3518.87,879.72,4,0.23,731,1
65,38,2809.19,73.93,5,0.06,322,0
8,11,1188.28,108.03,0,0.5,525,0
356,11,755.09,68.64,6,0.38,1528,1
116,8,3145.71,393.21,9,0.04,1204,1
41,6,2205.3,367.55,2,0.81,134,0
65,7,4309.49,615.64,7,0.81,646,0
93,41,1319.24,32.18,0,0.49,1260,0
239,46,3191.22,69.37,2,0.84,943,0
325,29,1251.73,43.16,5,0.48,1423,1
101,1,3185.22,3185.22,9,0.17,1154,1
251,43,251.24,5.84,8,0.52,96,1
24,30,1964.62,65.49,9,0.31,1584,0
4,26,871.7,33.53,9,0.45,1053,0
20,47,3033.61,64.54,8,0.97,1683,0
337,21,1590.47,75.74,3,0.36,425,1
212,18,3859.95,214.44,1,0.22,1274,1
294,39,581.83,14.92,8,0.13,82,1
8,26,2785.5,107.13,1,0.88,310,0
9,36,2972.45,82.57,5,0.01,1614,0
309,35,120.3,3.44,7,0.91,1625,1
38,42,189.57,4.51,0,0.06,1742,0
57,16,1548.12,96.76,9,0.75,397,0
189,4,3049.29,762.32,3,0.29,1631,1
221,24,4813.52,200.56,2,0.25,125,1
84,32,463.01,14.47,3,0.18,749,0
162,41,3518.78,85.82,4,0.13,814,1
246,14,3466.65,247.62,4,0.07,1452,1
162,37,3350.68,90.56,1,0.16,1258,0
140,41,2585.58,63.06,1,0.59,674,0
27,40,4834.46,120.86,4,0.57,298,0
165,40,2513.86,62.85,2,0.28,685,0
293,49,4193.1,85.57,6,0.68,567,0
229,33,1319.98,40.0,8,0.77,1232,1
326,19,4033.48,212.29,0,0.98,173,1
46,22,4982.76,226.49,0,0.44,768,0
5,37,4551.33,123.01,6,0.37,1139,0
200,12,1527.32,127.28,0,0.97,1190,1
66,30,4232.33,141.08,6,0.94,1301,0
217,29,485.33,16.74,4,0.93,543,0
330,33,3391.76,102.78,4,0.61,962,1
123,21,1717.31,81.78,6,0.62,206,1
201,37,3296.76,89.1,8,0.93,827,1
249,4,2067.12,516.78,1,0.48,1792,1
55,37,55.08,1.49,1,0.21,1551,0
327,40,1164.07,29.1,6,0.99,1147,1
74,44,221.51,5.03,0,0.84,782,0
295,46,2142.08,46.57,4,0.06,1646,1
241,18,4201.96,233.44,4,0.11,822,1
52,3,3692.6,1230.87,3,0.88,1400,1
264,33,3946.67,119.6,5,0.3,1066,1
72,5,4037.93,807.59,1,0.7,68,0
219,14,1865.98,133.28,2,0.12,1293,1
350,35,2535.07,72.43,0,0.17,1633,1
347,30,2547.17,84.91,9,0.75,1424,1
318,30,574.91,19.16,8,0.98,1133,1
180,37,2994.73,80.94,2,0.5,103,0
204,9,3603.7,400.41,0,0.04,71,1
110,39,3058.73,78.43,2,0.23,1557,0
336,29,3732.37,128.7,9,0.21,882,1
174,21,603.27,28.73,8,0.94,840,0
281,23,3809.43,165.63,6,0.42,1180,1
131,25,1048.62,41.94,9,0.95,1656,0
270,27,4385.37,162.42,1,0.86,813,0
82,17,1232.21,72.48,5,0.45,992,0
268,11,2465.04,224.09,7,0.02,1032,1
17,9,2441.46,271.27,0,0.97,884,0
39,17,1351.56,79.5,4,0.01,1208,1
129,13,1814.93,139.61,3,0.86,380,0
176,26,936.13,36.01,1,0.41,699,1
259,45,2854.8,63.44,2,0.3,872,1
131,6,4566.01,761.0,9,0.41,962,1
7,16,1589.87,99.37,5,0.36,914,0
119,3,2545.23,848.41,0,0.69,781,0
160,48,4310.78,89.81,6,0.57,1635,0
198,35,2267.97,64.8,5,0.26,1467,0
235,12,4157.99,346.5,3,0.53,1622,1
91,21,2237.49,106.55,3,0.4,1097,1
223,36,2206.81,61.3,5,0.92,903,0
230,47,794.63,16.91,9,0.89,803,0
283,29,633.64,21.85,7,0.62,1587,1
191,14,3061.37,218.67,4,0.97,1225,1
296,35,4138.39,118.24,2,0.38,1563,1
81,34,685.68,20.17,1,0.09,1555,0
260,32,4551.37,142.23,1,0.05,1732,1
17,3,1800.81,600.27,1,0.83,1008,0
38,35,2132.03,60.92,8,0.38,679,0
315,1,4473.32,4473.32,5,0.86,1660,1
173,45,4482.52,99.61,0,0.46,410,0
226,44,2629.05,59.75,9,0.01,609,1
220,28,1391.06,49.68,1,0.53,1724,1
253,32,867.98,27.12,6,0.59,1311,1
90,4,1365.18,341.3,0,0.45,1079,0
65,43,3905.33,90.82,5,0.84,982,0
16,14,1629.71,116.41,5,0.64,867,0
315,13,3475.86,267.37,9,0.36,1638,1
82,35,984.05,28.12,6,0.72,768,0
210,47,2397.73,51.02,4,0.32,890,0
166,25,1767.01,70.68,5,0.84,182,0
60,25,2523.03,100.92,6,0.28,235,0
151,27,2854.03,105.7,4,0.67,396,0
31,15,4954.77,330.32,7,0.42,567,0
65,30,4500.48,150.02,5,0.1,553,0
51,48,3482.37,72.55,9,0.63,1226,0
301,19,777.18,40.9,1,0.38,1019,1
207,38,4595.95,120.95,7,0.63,37,0
337,38,4464.0,117.47,8,0.54,957,1
159,42,4434.65,105.59,7,0.04,177,1
74,36,2400.29,66.67,9,0.2,1004,0
222,46,861.83,18.74,4,0.7,120,0
339,36,3774.47,104.85,5,0.47,167,1
194,48,1948.69,40.6,1,0.47,1512,0
7,36,1729.4,48.04,3,0.0,47,0
111,42,1960.0,46.67,1,0.3,1775,0
337,44,2799.76,63.63,7,0.67,861,1
189,49,1674.26,34.17,7,0.89,1513,0
347,30,3452.7,115.09,1,0.57,377,1
186,35,3242.14,92.63,8,0.54,867,1
5,48,2549.22,53.11,3,0.47,1630,0
318,19,279.33,14.7,7,0.68,168,1
278,6,4683.35,780.56,9,0.8,803,1
261,44,2064.36,46.92,8,0.22,250,1
354,31,2252.77,72.67,1,0.71,661,1
72,21,2285.6,108.84,1,0.24,1772,0
330,36,1831.49,50.87,1,0.03,1006,1
85,2,3376.19,1688.1,8,0.07,629,1
354,24,79.45,3.31,5,0.05,1158,1
70,14,4368.81,312.06,1,0.28,535,0
201,15,521.17,34.74,5,0.13,177,1
288,48,4998.57,104.14,5,0.09,1044,1
29,27,3144.13,116.45,5,0.15,1360,1
25,7,340.57,48.65,6,0.04,350,1
310,18,2816.56,156.48,1,0.34,276,1
22,12,1663.23,138.6,3,0.82,1103,0
224,45,4765.69,105.9,7,0.55,724,0
342,15,3779.8,251.99,9,0.06,1709,1
224,18,2540.0,141.11,2,0.37,670,1
176,17,2154.59,126.74,5,0.43,734,1
152,9,4979.39,553.27,9,0.17,1051,1
233,39,3340.25,85.65,6,0.37,1785,1
209,29,2574.51,88.78,2,0.34,1267,0
183,22,1995.74,90.72,5,0.49,1225,0
56,20,1629.67,81.48,0,0.7,1467,0
242,33,3530.04,106.97,4,0.48,1494,1
270,5,2943.55,588.71,5,0.07,976,1
259,46,4242.44,92.23,0,0.06,544,1
28,28,2772.27,99.01,2,0.89,308,0
256,12,2915.83,242.99,9,0.69,1048,1
266,27,2392.01,88.59,6,0.66,1279,1
67,42,3815.48,90.84,4,0.91,687,0
310,9,2080.81,231.2,2,0.54,889,1
191,26,4261.18,163.89,1,0.07,829,1
172,30,1641.95,54.73,4,0.71,1087,0
264,40,3466.2,86.66,5,0.16,1499,1
186,28,4465.92,159.5,1,0.67,826,0
199,37,3847.68,103.99,8,0.4,962,1
114,38,1719.61,45.25,4,0.03,777,1
338,44,3534.63,80.33,0,0.06,571,1
353,18,1042.85,57.94,1,0.39,1288,1
48,35,300.24,8.58,8,0.59,1137,0
267,13,3958.99,304.54,3,0.17,970,1
9,42,4041.97,96.24,3,0.11,559,0
135,47,124.43,2.65,1,0.38,1587,0
354,15,4739.5,315.97,8,0.8,1474,1
64,28,2235.04,79.82,8,0.78,1364,0
138,41,4527.31,110.42,2,0.68,1493,0
80,2,3942.99,1971.5,7,0.43,884,1
266,35,4504.26,128.69,4,0.44,1157,0
169,41,4168.54,101.67,1,0.23,414,0
216,43,4870.24,113.26,7,0.14,1435,1
344,10,3149.21,314.92,0,0.02,61,1
190,38,1144.02,30.11,8,0.86,942,0
268,39,1953.92,50.1,0,0.5,398,1
36,1,3761.88,3761.88,3,0.0,1099,1
79,35,793.28,22.67,2,0.53,534,0
345,31,4649.91,150.0,2,0.26,1761,1
313,48,1034.34,21.55,4,0.43,242,1
240,3,4381.11,1460.37,7,0.67,1506,1
138,48,2423.78,50.5,3,0.81,1231,0
73,28,4204.69,150.17,5,0.7,1817,0
311,14,4791.9,342.28,9,0.9,615,1
286,19,2116.52,111.4,4,0.23,1295,1
88,38,3486.06,91.74,7,0.66,84,0
215,49,1141.32,23.29,3,0.89,1245,0
226,16,4005.92,250.37,0,0.31,814,1
174,49,4101.43,83.7,2,0.8,1333,0
338,31,1483.28,47.85,1,0.94,1437,0
46,10,130.46,13.05,9,0.64,903,1
94,30,2161.71,72.06,0,0.16,639,0
35,40,858.3,21.46,8,0.26,1309,0
253,3,4094.57,1364.86,1,0.68,1649,1
235,4,1312.88,328.22,1,0.87,675,1
360,1,4719.03,4719.03,5,0.02,1560,1
198,28,4859.33,173.55,0,0.33,826,1
55,3,4545.09,1515.03,0,0.23,1626,1
165,46,3002.08,65.26,7,0.42,1194,1
33,7,1344.47,192.07,0,0.77,1228,0
245,4,4038.22,1009.56,5,0.5,1265,1
246,13,3510.96,270.07,1,0.52,1477,1
313,38,4886.07,128.58,0,0.61,1575,0
124,45,1892.49,42.06,6,0.52,728,0
113,13,303.25,23.33,3,0.69,1368,1
26,26,4991.95,192.0,0,0.11,1274,0
152,38,4192.94,110.34,6,0.02,1091,1
174,40,1115.23,27.88,9,0.83,431,0
275,8,3630.88,453.86,5,0.48,865,1
275,42,13.44,0.32,3,0.3,397,1
52,43,2793.47,64.96,8,0.45,275,0
104,37,1820.56,49.2,3,0.65,1723,0
187,26,1912.85,73.57,6,0.12,1329,1
122,20,1230.15,61.51,4,0.52,1015,1
10,44,1381.48,31.4,7,0.11,823,0
308,43,2278.8,53.0,5,0.86,158,0
267,26,1248.24,48.01,4,0.56,660,1
190,37,2337.54,63.18,4,0.81,384,0
116,20,2890.97,144.55,2,0.72,996,0
307,37,3558.45,96.17,4,0.82,858,1
13,5,3388.96,677.79,0,0.34,1759,1
163,45,1217.53,27.06,3,0.14,1548,0
292,26,205.56,7.91,0,0.89,1108,1
347,30,4165.08,138.84,3,0.88,1638,1
92,10,4362.84,436.28,3,0.88,621,0
237,26,4894.66,188.26,0,0.99,233,0
70,1,4798.96,4798.96,2,0.6,1036,1
43,44,3172.73,72.11,6,0.51,141,0
129,37,4472.42,120.88,9,0.8,1722,0
323,23,2245.56,97.63,6,0.11,248,1
251,41,3938.8,96.07,7,0.78,1567,0
179,40,4777.12,119.43,6,0.81,1235,0
103,6,3983.43,663.9,9,0.58,472,1
52,3,2084.67,694.89,9,0.39,986,1
99,13,1895.02,145.77,1,0.66,1006,0
56,1,1464.8,1464.8,4,0.92,1354,0
69,29,1841.65,63.51,9,0.16,796,0
251,26,4104.68,157.87,8,0.31,1095,1
49,27,3510.49,130.02,5,0.67,776,0
18,4,1256.9,314.23,4,0.83,202,0
198,45,3560.56,79.12,0,0.65,1305,0
105,48,1903.18,39.65,4,0.59,492,0
166,29,2793.28,96.32,5,0.09,530,1
51,1,1858.14,1858.14,6,0.43,625,1
77,20,2612.93,130.65,5,0.89,1046,0
161,36,3651.72,101.44,2,0.36,1300,1
252,37,3658.34,98.87,9,0.38,1492,1
151,12,3768.38,314.03,2,0.36,1101,1
198,41,1961.28,47.84,3,0.36,744,0
190,48,3455.57,71.99,5,0.4,1729,1
98,25,1201.17,48.05,2,0.77,882,0
102,19,2392.37,125.91,0,0.46,291,0
155,26,2919.7,112.3,6,0.61,1468,0
12,2,3435.55,1717.78,2,0.44,1714,0
250,26,4560.86,175.42,8,0.87,551,1
224,2,1530.8,765.4,7,0.18,425,1
112,2,4227.98,2113.99,4,0.12,661,1
137,28,1562.51,55.8,4,0.41,646,1
120,26,2764.03,106.31,9,0.97,375,0
238,49,4142.22,84.54,0,0.7,92,0
277,25,3618.52,144.74,3,0.62,366,1
40,49,4315.72,88.08,0,0.39,562,0
151,40,4076.26,101.91,1,0.3,368,1
6,17,1388.97,81.7,9,0.96,388,0
165,46,4964.75,107.93,1,0.43,1723,0
91,24,4685.62,195.23,9,0.71,419,0
123,30,2156.57,71.89,7,0.81,1504,1
167,5,245.58,49.12,6,0.66,1057,1
118,11,1524.45,138.59,7,0.23,812,1
144,26,4182.4,160.86,1,0.29,1431,0
279,14,4754.84,339.63,1,0.02,60,1
295,30,4160.04,138.67,3,0.97,1367,0
3,4,1989.75,497.44,7,0.83,776,0
138,13,292.12,22.47,3,0.4,1518,1
309,33,2592.74,78.57,1,0.89,1757,1
194,30,1888.15,62.94,7,0.15,1342,1
75,49,623.63,12.73,6,0.04,235,0
217,45,538.21,11.96,5,0.14,1782,0
53,40,773.65,19.34,4,0.88,1393,0
8,1,1037.06,1037.06,7,0.16,63,1
231,30,3771.39,125.71,7,0.07,371,1
188,12,1914.7,159.56,3,0.19,1803,1
276,14,2190.32,156.45,1,0.42,1531,1
126,11,2995.92,272.36,8,0.5,765,1
311,23,4801.07,208.74,1,0.24,1746,1
154,7,3784.78,540.68,4,0.81,887,0
269,27,3232.11,119.71,8,0.96,1586,1
37,9,3721.72,413.52,4,0.29,1066,1
36,25,3599.27,143.97,8,0.93,1215,0
285,31,3454.34,111.43,4,0.82,45,1
304,9,2487.07,276.34,7,0.89,1771,1
344,6,2838.57,473.1,5,0.06,356,1
119,40,2312.84,57.82,2,0.83,412,0
9,37,1980.84,53.54,8,0.59,830,0
357,13,1361.13,104.7,4,0.04,1385,1
219,44,1782.51,40.51,4,0.75,1411,0
90,11,2148.36,195.31,6,0.24,1154,1
279,46,2901.1,63.07,9,0.8,1591,0
330,6,2504.38,417.4,8,0.63,1274,1
104,33,548.67,16.63,3,0.49,295,0
281,1,1706.47,1706.47,2,0.02,1436,1
287,10,1887.21,188.72,3,0.89,502,1
183,20,3537.56,176.88,2,0.15,962,1
231,5,1671.13,334.23,2,0.83,1120,1
99,23,49.7,2.16,4,0.69,733,0
339,12,430.84,35.9,0,0.07,677,1
358,5,2490.02,498.0,5,0.54,510,1
358,48,950.59,19.8,8,0.96,564,0
269,49,2478.17,50.57,4,0.92,1800,0
16,48,2875.28,59.9,0,0.15,718,0
134,8,4667.86,583.48,3,0.17,878,1
162,19,3281.34,172.7,3,0.15,1289,1
350,17,164.89,9.7,5,0.76,476,1
200,16,1909.85,119.37,2,0.16,386,1
196,21,3969.35,189.02,3,0.06,407,1
54,25,1310.21,52.41,7,0.39,141,0
289,24,4625.62,192.73,1,0.97,840,0
123,15,2649.76,176.65,9,0.31,36,1
34,49,471.31,9.62,2,0.72,709,0
360,49,1215.94,24.82,8,0.14,975,1
70,17,4532.43,266.61,0,0.62,493,0
6,11,4957.38,450.67,3,0.58,478,0
29,27,4316.45,159.87,3,0.9,1108,0
165,19,1610.18,84.75,4,0.72,1038,1
38,49,3846.41,78.5,0,0.12,1445,0
307,22,1118.92,50.86,2,0.4,1611,1
187,2,1928.77,964.38,8,0.0,475,1
118,7,3488.87,498.41,9,0.24,557,1
2,4,4844.82,1211.2,4,0.97,971,0
175,19,2201.6,115.87,1,0.46,359,1
56,16,2484.22,155.26,2,0.87,1337,0
357,42,1108.64,26.4,9,0.02,32,1
106,44,2022.08,45.96,9,0.88,689,0
173,7,324.46,46.35,8,0.89,1791,1
7,47,4294.34,91.37,8,0.65,1347,0
48,29,126.44,4.36,7,0.12,957,0
76,16,3420.79,213.8,6,0.88,36,0
19,20,1373.38,68.67,7,0.9,1469,0
265,22,2385.79,108.44,6,0.2,830,1
345,9,1414.98,157.22,3,0.94,1570,1
359,43,2006.35,46.66,6,0.88,1436,1
97,1,2738.42,2738.42,2,0.2,1816,1
288,4,3208.06,802.02,6,0.39,241,1
184,14,4702.03,335.86,3,0.34,1573,1
17,8,1667.68,208.46,4,0.5,1307,1
34,4,2928.44,732.11,1,0.89,557,0
200,19,4509.59,237.35,9,0.87,1545,1
155,19,1458.26,76.75,7,0.18,1043,1
4,7,4326.6,618.09,1,0.55,1214,0
339,40,4788.2,119.7,4,0.53,1758,1
266,44,4238.99,96.34,4,0.45,1058,1
183,36,2853.6,79.27,8,0.71,1166,1
360,26,3613.36,138.98,7,0.65,1583,1
354,47,2410.52,51.29,8,0.28,1410,1
355,18,2990.31,166.13,4,0.35,1180,1
95,21,4872.63,232.03,1,0.89,1657,0
321,1,1263.09,1263.09,7,0.33,1664,1
184,35,3964.81,113.28,2,0.44,1131,0
265,5,2536.1,507.22,6,0.97,206,1
313,33,892.6,27.05,4,0.86,1272,1
60,39,3221.24,82.6,3,0.7,627,0
164,11,3964.21,360.38,1,0.3,1085,1
47,30,2848.09,94.94,8,0.63,706,0
102,15,4188.79,279.25,6,0.64,637,1
151,20,1835.68,91.78,3,0.41,1779,0
312,26,4569.7,175.76,7,0.04,476,1
315,13,3245.12,249.62,9,0.37,318,1
142,40,4017.77,100.44,7,0.51,1167,0
120,20,1372.2,68.61,9,0.95,1186,1
194,23,2236.18,97.23,4,0.73,1791,1
332,40,4548.99,113.72,3,0.11,133,1
356,12,263.97,22.0,8,0.3,1674,1
83,23,2025.87,88.08,6,0.52,1537,1
68,49,3903.79,79.67,6,0.45,406,0
258,20,3721.64,186.08,6,0.01,1499,1
110,6,4259.6,709.93,9,0.94,1542,1
73,14,3699.56,264.25,6,0.9,236,1
12,47,4735.99,100.77,8,0.92,67,0
147,38,2496.32,65.69,0,0.43,1216,0
143,40,3125.21,78.13,7,0.83,1088,0
205,13,4240.05,326.16,3,0.71,1579,1
73,42,3511.44,83.61,1,0.51,1699,0
261,20,519.26,25.96,2,0.08,216,1
248,39,1841.31,47.21,8,0.17,1752,1
169,44,2767.43,62.9,8,0.24,1561,0
67,11,3776.04,343.28,3,0.9,1112,0
185,46,2722.4,59.18,1,0.67,678,0
246,31,3889.97,125.48,4,0.98,1162,0
136,36,4189.67,116.38,3,0.57,1043,0
96,38,1332.99,35.08,4,0.08,729,1
185,9,3084.33,342.7,7,0.48,170,1
130,37,2789.98,75.4,3,0.11,1328,1
146,11,1144.31,104.03,1,0.9,578,0
127,14,2454.49,175.32,1,0.28,471,1
111,6,2747.36,457.89,6,0.2,703,1
261,9,4088.53,454.28,1,0.51,90,1
168,48,2310.34,48.13,2,0.81,733,0
170,17,413.77,24.34,8,0.51,1529,1
238,19,2441.61,128.51,0,0.04,1342,1
132,24,4191.38,174.64,6,0.74,138,0
37,35,2860.56,81.73,0,0.03,622,0
311,29,1601.14,55.21,9,0.6,1223,1
21,27,4605.65,170.58,7,0.62,1701,0
209,42,786.7,18.73,8,0.21,814,1
97,25,1641.12,65.64,6,0.45,1804,0
78,38,2191.3,57.67,4,0.01,107,0
16,45,3692.51,82.06,9,0.28,1664,0
328,34,4180.38,122.95,7,0.62,316,1
157,2,302.22,151.11,0,0.28,1339,1
125,13,3962.26,304.79,5,0.05,210,1
270,31,3605.44,116.3,5,0.67,1806,0
15,24,4474.32,186.43,2,0.74,414,0
206,14,4503.21,321.66,4,0.86,690,1
181,17,3889.85,228.81,9,0.88,1170,0
202,4,959.11,239.78,0,0.5,120,1
46,12,1576.22,131.35,9,0.41,1054,1
347,39,4682.24,120.06,7,0.59,554,1
87,1,2994.88,2994.88,1,0.79,807,1
247,42,2698.42,64.25,3,0.48,627,0
272,17,4579.39,269.38,8,1.0,1543,1
126,40,4372.25,109.31,7,0.64,849,0
48,13,3640.21,280.02,0,0.31,1381,1
108,41,4412.44,107.62,1,0.79,104,0
294,29,578.04,19.93,9,0.15,1255,1
330,42,3790.14,90.24,1,0.94,718,0
342,4,4828.54,1207.14,6,0.34,1104,1
83,40,254.39,6.36,9,0.69,1549,0
221,14,1123.0,80.21,1,0.63,1279,1
55,18,3971.9,220.66,0,0.1,664,1
259,3,2605.04,868.35,8,0.72,436,1
152,47,442.23,9.41,9,0.31,1622,1
260,32,1347.11,42.1,5,0.38,496,1
250,49,1627.06,33.21,2,0.1,93,0
362,28,1612.1,57.58,0,0.81,565,1
178,8,4389.59,548.7,9,0.86,49,1
125,17,3313.56,194.92,7,0.13,1360,1
192,22,3677.24,167.15,8,0.81,1626,1
60,8,77.71,9.71,7,0.9,805,1
41,46,2143.28,46.59,4,0.1,1131,0
189,47,1595.92,33.96,4,1.0,1752,0
301,28,4261.11,152.18,3,0.0,1690,1
195,29,4769.81,164.48,7,0.84,102,1
285,35,2122.47,60.64,1,0.56,153,1
65,34,4865.57,143.1,0,0.96,717,0
164,4,81.65,20.41,9,0.34,530,1
224,27,1635.34,60.57,3,0.36,307,1
127,39,3876.91,99.41,0,0.84,301,0
6,40,1806.9,45.17,6,0.71,1495,0
27,30,4605.6,153.52,3,0.6,378,0
338,44,1100.14,25.0,2,0.64,890,1
221,29,3980.38,137.25,4,0.68,110,1
97,19,1016.49,53.5,4,0.05,1142,1
95,22,993.55,45.16,6,0.12,1360,1
15,34,2234.29,65.71,9,0.18,1103,0
344,44,4725.25,107.39,8,0.18,541,1
40,12,2931.42,244.28,8,0.84,171,0
277,15,3178.81,211.92,4,0.39,748,1
88,32,58.57,1.83,5,0.49,1436,0
123,38,292.51,7.7,1,0.09,244,0
100,20,344.0,17.2,5,0.87,1505,0
301,32,4100.01,128.13,6,0.01,1669,1
12,1,1191.89,1191.89,8,0.08,1120,1
129,15,1650.9,110.06,0,0.81,1545,0
102,47,3053.66,64.97,8,0.13,534,0
100,29,2923.93,100.83,5,0.79,1145,0
71,43,2058.54,47.87,0,0.35,1329,0
333,11,31.46,2.86,9,0.78,1313,1
138,15,2253.52,150.23,4,0.05,1287,1
153,48,3697.02,77.02,4,0.34,378,0
141,49,1183.84,24.16,1,0.48,1668,0
357,43,3544.71,82.44,0,0.63,1254,0
124,16,85.61,5.35,0,0.84,240,0
125,40,4540.96,113.52,2,0.24,1177,0
120,23,4750.7,206.55,2,0.66,1663,0
120,42,22.28,0.53,4,0.15,72,1
33,42,2294.51,54.63,6,0.8,1622,0
220,22,2074.97,94.32,9,0.93,622,1
10,15,4211.0,280.73,7,0.05,564,0
83,48,2708.2,56.42,4,0.08,905,0
74,23,3060.71,133.07,9,0.79,1315,0
107,22,1020.5,46.39,5,0.88,214,0
276,33,394.55,11.96,4,0.65,503,1
219,46,3464.73,75.32,2,0.46,1479,1
361,7,3107.17,443.88,4,0.77,451,1
128,49,4163.32,84.97,0,0.3,657,0
338,21,4224.97,201.19,1,0.99,1181,1
17,2,3158.87,1579.44,9,0.85,479,1
184,16,2696.42,168.53,1,0.89,119,1
291,23,4570.9,198.73,5,0.85,976,1
194,34,4008.31,117.89,1,0.93,203,0
340,28,4413.3,157.62,6,0.06,723,1
115,7,4979.25,711.32,9,0.91,1214,1
13,24,2023.49,84.31,4,0.25,1357,0
282,12,3587.5,298.96,1,0.36,1738,1
25,14,3443.46,245.96,0,0.37,1594,0
279,35,878.97,25.11,7,0.23,91,1
267,40,3186.38,79.66,1,0.44,903,1
308,8,2146.17,268.27,3,0.51,71,1
175,30,2258.67,75.29,8,0.15,1468,1
326,21,908.89,43.28,5,0.36,164,1
62,17,3726.25,219.19,8,0.35,1425,1
159,35,3492.73,99.79,8,0.67,32,1
45,13,2666.13,205.09,6,0.58,229,0
280,38,792.03,20.84,9,0.72,1696,1
260,20,2788.76,139.44,0,0.78,364,1
294,5,509.67,101.93,2,0.67,880,1
279,39,1703.47,43.68,2,0.24,964,1
113,42,1868.07,44.48,9,0.5,1272,0
25,28,4418.29,157.8,6,0.47,1708,0
339,36,2083.65,57.88,2,0.07,777,1
180,8,2996.36,374.54,2,0.89,1113,1
35,17,4375.15,257.36,8,0.09,1820,0
338,18,2134.54,118.59,8,0.98,224,1
362,38,4419.68,116.31,0,0.03,891,1
163,18,690.94,38.39,3,0.73,574,0
281,36,1830.57,50.85,5,0.29,1715,1
14,16,482.69,30.17,2,0.9,1133,0
34,30,2809.04,93.63,7,0.82,1196,0
101,11,4786.84,435.17,7,0.03,366,1
239,28,3288.19,117.44,8,0.02,1731,1
49,4,3134.12,783.53,7,0.6,150,1
13,37,1398.01,37.78,8,0.15,918,0
244,2,4656.22,2328.11,3,0.01,1285,1
281,49,2362.96,48.22,2,0.97,1607,0
270,42,1342.34,31.96,3,0.63,520,1
291,29,4938.62,170.3,8,0.01,629,1
293,45,2121.39,47.14,6,0.49,98,1
220,40,1863.78,46.59,3,0.16,1216,1
190,7,184.46,26.35,7,0.81,383,1
312,37,899.69,24.32,2,0.03,1137,1
127,19,4047.86,213.05,2,0.37,182,1
36,42,2418.65,57.59,0,0.24,903,0
274,43,4774.82,111.04,9,0.98,889,1
101,47,428.59,9.12,2,0.08,930,0
357,23,3083.56,134.07,7,0.72,584,1
151,10,3602.72,360.27,1,0.48,335,1
311,7,3109.7,444.24,0,0.82,1422,1
16,9,2654.09,294.9,6,0.21,1656,0
240,49,2895.71,59.1,0,0.86,526,0
164,29,3450.85,118.99,1,0.95,845,0
169,18,4317.69,239.87,3,0.21,225,1
97,23,1688.36,73.41,5,0.24,301,1
354,9,2303.67,255.96,0,0.96,662,1
143,28,3183.19,113.69,1,0.43,1294,0
310,21,1577.94,75.14,3,0.84,1237,1
155,40,902.13,22.55,7,0.84,1335,0
18,2,4831.18,2415.59,0,0.31,189,1
321,46,981.7,21.34,2,0.18,110,1
68,3,1171.34,390.45,1,0.37,523,0
99,21,3097.24,147.49,3,0.59,627,0
314,17,396.07,23.3,2,0.5,952,1
326,36,179.9,5.0,6,0.74,1078,1
334,33,329.43,9.98,0,0.55,367,1
156,10,625.09,62.51,9,0.81,1504,1
276,25,2151.69,86.07,2,0.1,1370,1
120,27,4148.01,153.63,9,0.44,587,0
270,23,1716.44,74.63,7,0.02,1189,1
183,2,2143.38,1071.69,3,0.12,567,1
19,9,3005.25,333.92,3,0.33,138,1
153,25,1517.7,60.71,9,0.9,1352,0
171,13,2168.36,166.8,9,0.38,184,1
94,27,1937.7,71.77,6,0.27,423,0
137,9,1716.0,190.67,0,0.67,573,0
183,37,1948.08,52.65,9,0.7,1638,0
19,10,65.48,6.55,4,0.48,1082,0
56,32,4432.44,138.51,0,0.29,1448,0
280,41,4886.96,119.19,8,0.3,1659,1
129,18,4313.86,239.66,0,0.19,1633,1
222,7,38.65,5.52,3,0.36,1123,1
206,1,3756.92,3756.92,0,0.17,664,1
201,18,2869.77,159.43,4,0.64,754,1
151,6,479.93,79.99,8,0.89,327,0
176,44,4664.97,106.02,1,0.25,1086,0
300,48,3883.32,80.9,1,0.24,1080,1
352,49,735.03,15.0,9,0.9,1775,1
94,46,4820.57,104.79,1,0.57,370,0
244,29,639.73,22.06,1,0.73,1388,1
353,16,2278.85,142.43,5,0.89,507,1
3,22,803.29,36.51,2,0.66,171,0
286,13,759.45,58.42,9,0.74,749,1
181,42,4839.35,115.22,1,0.39,1760,0
353,22,2864.89,130.22,5,0.94,860,1
211,19,1303.28,68.59,9,0.7,363,1
306,34,3884.23,114.24,7,0.07,608,1
61,19,4377.47,230.39,0,0.6,1277,0
52,18,4588.84,254.94,1,0.09,541,0
338,12,4665.6,388.8,1,0.52,445,1
192,4,4528.85,1132.21,9,0.09,472,1
204,2,3198.27,1599.14,2,0.63,177,1
62,20,1718.91,85.95,0,0.46,1268,0
83,49,4628.58,94.46,3,0.55,605,0
298,13,621.26,47.79,2,0.65,579,1
111,32,852.31,26.63,1,0.25,619,0
213,16,2174.8,135.93,4,0.32,1276,1
116,15,1425.49,95.03,9,0.48,1599,1
96,8,3082.51,385.31,2,0.57,1363,0
61,28,4527.46,161.7,9,0.92,1049,0
339,33,2460.25,74.55,6,0.35,1312,1
343,18,2773.81,154.1,3,0.59,437,1
42,26,2121.44,81.59,6,0.92,1671,0
129,24,3540.77,147.53,3,0.72,1129,0
206,14,512.44,36.6,2,0.33,1743,1
140,34,252.46,7.43,2,0.41,510,0
263,28,3210.28,114.65,0,0.88,293,1
95,4,2679.04,669.76,6,0.44,1312,1
22,25,2042.72,81.71,0,0.25,605,0
123,20,1676.62,83.83,1,0.52,403,1
218,40,268.52,6.71,0,0.19,1443,0
66,16,3405.98,212.87,0,0.58,986,0
297,47,2113.12,44.96,9,0.99,1433,0
5,31,2231.89,72.0,0,0.97,467,0
25,7,4468.29,638.33,6,0.61,157,0
186,20,3690.36,184.52,3,0.89,765,0
187,44,1105.02,25.11,1,0.82,1756,0
108,13,3289.26,253.02,2,0.95,1081,1
95,35,669.95,19.14,0,0.87,1566,0
26,39,978.38,25.09,3,0.9,1543,0
242,34,3573.6,105.11,8,0.23,1644,1
138,5,638.19,127.64,6,0.16,853,1
44,19,1408.17,74.11,8,0.04,396,1
146,18,4491.32,249.52,6,0.66,1645,1
342,17,3694.19,217.31,9,0.93,929,1
96,44,4648.0,105.64,1,0.99,604,0
326,1,4410.35,4410.35,1,0.85,820,1
95,27,1569.77,58.14,4,0.83,1434,0
68,49,3165.56,64.6,5,0.52,676,0
95,43,1899.69,44.18,7,0.45,1522,0
118,30,3488.55,116.29,1,0.64,438,0
44,49,1748.8,35.69,1,0.02,600,0
214,20,16.57,0.83,7,0.79,280,0
122,30,478.75,15.96,5,0.66,1593,0
262,27,3857.35,142.86,4,0.17,1592,1
179,3,429.19,143.06,2,0.64,401,1
162,2,3001.12,1500.56,6,0.6,982,1
172,44,4290.31,97.51,8,0.79,1450,0
57,9,3708.1,412.01,0,0.84,1108,0
260,18,2073.06,115.17,0,0.25,1188,1
38,31,1050.94,33.9,7,0.81,499,0
263,29,4613.46,159.08,8,0.18,82,1
364,26,2836.33,109.09,2,0.39,1708,1
279,48,2033.05,42.36,7,0.49,1669,1
166,39,4710.87,120.79,8,0.8,1710,1
115,47,1082.94,23.04,1,0.9,107,0
318,33,2216.99,67.18,1,0.02,1235,1
94,48,552.14,11.5,1,0.74,480,0
176,30,633.15,21.1,7,0.88,605,0
281,27,1999.0,74.04,7,0.95,770,0
336,40,3501.31,87.53,1,0.27,447,1
336,43,1701.08,39.56,1,0.17,1097,1
32,4,3451.09,862.77,6,0.5,1098,1
327,45,4027.9,89.51,8,0.9,1696,1
42,34,4389.11,129.09,7,0.32,1525,0
213,44,233.15,5.3,1,0.51,1290,0
339,36,3870.92,107.53,3,1.0,1765,1
239,46,744.24,16.18,0,0.46,798,0
345,14,3494.33,249.6,2,0.63,152,1
126,10,1864.6,186.46,5,1.0,1608,1
115,10,3541.89,354.19,3,0.37,629,1
119,13,1076.98,82.84,6,0.27,831,1
130,11,3228.5,293.5,2,0.28,732,1
249,22,636.32,28.92,5,0.62,1665,1
165,10,857.03,85.7,6,0.16,692,1
269,8,3076.17,384.52,1,0.16,1257,1
152,26,1690.49,65.02,0,0.26,1228,1
113,39,3521.85,90.3,3,0.54,1027,0
70,7,3428.95,489.85,0,0.84,1012,0
201,26,3111.95,119.69,1,0.53,159,1
328,33,3655.4,110.77,2,0.78,1630,1
313,35,3971.74,113.48,3,0.96,628,1
93,6,4558.0,759.67,2,0.74,429,0
174,36,411.77,11.44,0,0.64,423,0
257,2,2862.03,1431.02,1,0.01,746,1
223,12,3746.4,312.2,8,0.45,1149,1
25,16,1092.54,68.28,7,0.27,1001,0
216,42,1325.47,31.56,4,0.51,1529,1
15,10,1342.15,134.22,0,0.95,1496,0
43,39,2865.94,73.49,3,0.32,632,0
238,49,1837.19,37.49,9,0.16,1507,1
38,48,3333.81,69.45,8,0.83,1253,0
124,15,3055.1,203.67,7,0.99,1572,1
215,5,3288.99,657.8,2,0.78,30,1
239,11,1269.06,115.37,4,0.14,961,1
163,38,3839.18,101.03,0,0.55,1152,0
35,10,3323.54,332.35,8,0.41,463,0
291,32,661.94,20.69,1,0.63,1206,1
346,19,1008.86,53.1,6,0.67,1333,1
324,38,1511.82,39.78,2,0.81,279,1
273,30,4680.85,156.03,5,0.24,1743,1
147,29,1638.49,56.5,8,0.96,1727,0
319,39,109.2,2.8,3,0.21,542,1
178,47,716.71,15.25,0,0.12,388,0
50,18,170.54,9.47,6,0.83,386,0
310,26,2020.17,77.7,5,0.46,95,1
117,31,3987.8,128.64,1,0.49,70,0
342,41,2257.67,55.07,0,0.32,590,1
135,24,4196.58,174.86,5,0.05,1226,1
317,19,247.17,13.01,6,0.19,1252,1
196,42,2353.92,56.05,1,0.76,1008,0
171,47,3937.51,83.78,5,0.22,1196,1
109,28,3376.86,120.6,4,0.99,271,0
305,6,4265.6,710.93,1,0.79,1815,1
23,15,1376.44,91.76,6,0.85,388,0
171,23,2509.25,109.1,6,0.87,688,0
135,35,3387.62,96.79,1,0.72,1218,0
198,33,850.76,25.78,6,0.47,258,1
93,41,4080.88,99.53,2,0.92,812,0
242,2,1564.24,782.12,5,0.43,1706,1
141,23,475.6,20.68,8,0.1,448,1
69,35,3830.85,109.45,9,0.6,1142,0
72,49,3528.04,72.0,2,0.11,1117,0
254,7,4419.56,631.37,3,0.66,168,1
96,44,4461.45,101.4,0,1.0,124,0
112,1,1399.84,1399.84,9,0.68,292,1
229,10,3210.4,321.04,3,0.21,59,1
121,42,4995.62,118.94,8,0.14,984,0
142,39,1226.59,31.45,9,0.36,498,1
89,48,2369.65,49.37,4,0.15,1104,0
126,30,4551.73,151.72,6,0.57,549,0
253,31,524.37,16.92,4,0.78,658,0
195,27,4641.97,171.92,5,0.66,217,0
364,26,2445.9,94.07,2,0.62,1457,1
281,26,4466.27,171.78,8,0.44,236,1
7,15,3110.64,207.38,1,0.17,1668,1
138,42,3360.46,80.01,6,0.64,331,0
106,18,3867.2,214.84,9,0.42,1808,0
214,30,345.01,11.5,8,0.31,1330,1
97,33,3142.56,95.23,7,0.66,1507,0
352,27,4620.45,171.13,6,0.38,1477,1
109,30,4781.06,159.37,9,0.17,829,0
191,3,4841.92,1613.97,8,0.48,355,1
45,16,3232.71,202.04,2,0.29,1244,0
332,22,3170.1,144.1,6,0.73,1208,1
332,20,2766.8,138.34,4,0.05,1478,1
289,45,3041.69,67.59,2,0.85,449,0
128,44,3064.47,69.65,8,0.46,1500,0
22,35,221.62,6.33,0,0.02,1609,0
259,18,453.47,25.19,1,0.13,1342,1
157,3,3100.89,1033.63,1,0.95,512,1
361,38,1577.94,41.52,2,0.54,473,1
255,44,1514.11,34.41,5,0.77,262,0
197,24,975.27,40.64,9,0.88,1518,1
360,41,4007.34,97.74,9,0.32,818,1
292,46,4822.0,104.83,9,0.55,580,1
167,27,3142.51,116.39,7,0.65,306,0
7,11,4727.65,429.79,4,0.84,916,0
34,2,4420.58,2210.29,7,0.42,386,1
162,38,1097.46,28.88,2,0.95,1530,0
205,28,776.09,27.72,6,0.61,638,1
11,8,1065.82,133.23,0,0.87,830,0
47,3,490.08,163.36,9,0.08,1215,1
257,48,2918.57,60.8,9,0.46,1285,1
274,16,1420.42,88.78,7,0.18,239,1
11,17,4565.45,268.56,1,0.91,167,0
185,31,3070.9,99.06,2,0.23,539,0
30,18,1804.46,100.25,7,0.71,1370,0
264,45,4923.36,109.41,4,0.06,1570,1
304,34,4766.44,140.19,5,0.2,1775,1
317,18,3895.29,216.4,4,0.32,521,1
218,14,3960.5,282.89,8,0.78,1400,1
229,43,4886.58,113.64,1,0.25,332,1
338,29,3006.28,103.66,4,0.82,369,1
223,45,4401.3,97.81,2,0.79,987,0
163,17,333.49,19.62,6,0.99,205,0
275,2,2774.77,1387.38,2,0.68,89,1
216,45,2517.56,55.95,2,0.64,1816,0
307,12,198.24,16.52,1,0.6,1473,1
191,42,443.89,10.57,8,0.11,1243,1
317,35,118.98,3.4,2,0.51,429,1
17,12,1477.13,123.09,8,0.85,167,0
14,38,277.02,7.29,9,0.02,268,0
37,4,2121.57,530.39,9,0.13,786,1
203,20,4065.6,203.28,3,0.6,1480,1
259,18,3073.01,170.72,6,0.85,1095,1
79,33,3372.21,102.19,8,0.31,1542,0
57,27,167.22,6.19,0,0.87,1661,0
314,30,4199.24,139.97,0,0.34,1348,1
274,24,739.49,30.81,2,0.47,209,1
237,37,1520.23,41.09,9,0.95,451,0
178,8,2588.8,323.6,0,0.42,635,1
153,36,4650.67,129.19,7,0.6,975,0
8,3,4990.76,1663.59,8,0.94,1453,0
69,5,3915.48,783.1,9,0.26,1769,1
327,36,3649.28,101.37,5,0.09,1794,1
124,8,2643.13,330.39,5,0.96,887,1
257,38,3331.48,87.67,7,0.56,1809,1
257,7,730.68,104.38,6,0.97,1734,1
113,8,1353.29,169.16,7,0.87,329,1
75,46,4923.37,107.03,3,0.59,1244,0
252,9,4898.28,544.25,9,0.47,817,1
35,45,1621.63,36.04,4,0.48,1546,0
181,18,1212.83,67.38,2,0.17,1588,1
324,40,1155.3,28.88,7,0.45,375,1
259,47,2429.47,51.69,6,0.82,1113,1
279,6,1126.6,187.77,0,0.99,1693,1
31,17,3246.0,190.94,1,0.96,1227,0
73,29,383.35,13.22,0,0.96,1561,0
101,43,527.35,12.26,5,0.02,1328,0
107,10,1391.9,139.19,8,0.52,1439,1
71,10,3889.44,388.94,3,0.2,1550,1
354,19,1623.21,85.43,1,0.62,1719,1
61,11,2359.38,214.49,8,0.95,385,1
258,14,3286.54,234.75,7,0.88,1446,1
214,7,3944.81,563.54,5,0.87,719,1
223,41,1542.47,37.62,1,0.37,1065,0
79,40,3657.54,91.44,6,0.5,1209,0
112,8,1437.48,179.68,3,0.28,1194,1
221,27,3225.89,119.48,2,0.55,383,1
109,32,2259.89,70.62,2,0.3,1503,0
253,31,4633.87,149.48,0,0.81,1313,0
15,49,4910.65,100.22,4,0.46,1374,0
27,32,3872.87,121.03,7,0.7,1136,0
266,34,4578.17,134.65,8,0.87,1092,1
225,2,691.16,345.58,7,0.3,528,1
16,4,3275.78,818.94,8,0.62,1103,0
328,31,999.86,32.25,9,0.85,533,1
2,45,1392.07,30.93,2,0.95,1610,0
348,20,2618.89,130.94,4,0.16,120,1
266,32,3712.52,116.02,3,0.68,47,0
360,11,3610.26,328.21,6,0.44,1338,1
346,23,4348.6,189.07,8,0.29,1318,1
114,37,2800.78,75.7,8,0.16,1034,1
276,33,4632.45,140.38,0,0.59,1045,1
77,6,4440.56,740.09,5,0.33,92,1
172,44,4246.8,96.52,1,0.67,1534,0
88,46,1155.31,25.12,3,0.28,1550,0
177,24,2661.93,110.91,4,0.0,398,1
318,17,3683.82,216.7,6,0.77,57,1
159,27,4880.75,180.77,7,0.16,972,1
34,40,68.12,1.7,9,0.25,483,0
119,23,1642.3,71.4,3,0.24,259,1
287,2,1718.33,859.16,5,0.34,232,1
190,4,1449.79,362.45,0,0.49,1213,1
204,40,4088.95,102.22,1,0.81,674,0
157,39,234.91,6.02,9,0.65,1400,0
107,38,1803.58,47.46,9,0.15,594,0
218,7,3561.31,508.76,9,0.18,1149,1
231,9,2039.63,226.63,2,0.85,518,1
327,20,728.88,36.44,6,0.25,1025,1
225,12,3058.15,254.85,2,0.22,1284,1
363,19,2617.83,137.78,6,0.0,646,1
301,28,4909.38,175.34,4,0.77,1623,1
29,14,3745.15,267.51,9,0.74,1178,0
143,7,4931.02,704.43,3,0.35,391,1
141,20,939.9,47.0,6,0.01,1644,1
2,36,3810.36,105.84,6,0.79,925,0
66,31,2762.67,89.12,7,0.1,1324,1
278,16,3565.42,222.84,0,0.46,650,1
129,16,2343.08,146.44,4,0.84,71,0
54,29,1069.83,36.89,4,0.24,1041,1
105,9,238.23,26.47,2,0.38,943,1
100,41,4193.06,102.27,8,0.66,1329,0
64,43,4075.89,94.79,8,0.67,1351,0
37,2,821.07,410.54,0,0.46,1265,1
279,48,3229.45,67.28,6,0.43,934,1
301,2,3691.29,1845.64,8,0.42,40,1
181,23,2792.55,121.42,2,0.49,1091,1
225,33,1592.97,48.27,6,0.35,1734,1
335,17,4405.92,259.17,6,0.26,1666,1
307,10,3215.78,321.58,0,0.32,176,1
12,3,3603.89,1201.3,8,0.48,1598,1
347,36,3264.05,90.67,7,0.38,289,1
25,2,3609.23,1804.62,2,0.59,175,0
10,24,733.89,30.58,3,0.63,77,0
147,20,4613.75,230.69,7,1.0,946,0
272,48,1436.2,29.92,8,0.62,347,0
30,46,4184.39,90.96,0,0.73,1147,0
107,41,4467.99,108.98,3,0.1,868,0
96,36,3259.61,90.54,6,0.76,1559,0
145,27,2995.52,110.95,1,0.51,407,0
359,18,554.15,30.79,9,0.87,506,1
121,9,2186.74,242.97,2,0.97,959,0
77,48,3062.11,63.79,8,0.23,281,0
45,19,418.53,22.03,0,0.93,852,0
73,22,566.2,25.74,8,0.67,1101,0
49,7,4967.47,709.64,0,0.74,1137,0
209,14,1667.85,119.13,6,0.47,869,1
154,32,1755.17,54.85,3,0.35,211,0
182,21,1265.13,60.24,4,0.8,492,1
303,29,3233.64,111.5,1,0.02,158,1
212,11,2370.65,215.51,6,0.54,1722,1
57,5,3954.25,790.85,6,0.07,1073,1
138,44,2567.35,58.35,3,0.25,600,0
114,22,86.93,3.95,4,0.73,571,0
301,18,2418.61,134.37,5,0.75,129,1
112,15,285.38,19.03,6,0.89,878,1
51,33,4135.66,125.32,5,0.72,135,0
268,28,577.15,20.61,0,0.67,1289,1
156,20,1092.6,54.63,5,0.95,390,0
35,46,2305.23,50.11,3,0.54,209,0
252,45,983.97,21.87,4,0.65,239,0
77,10,2700.71,270.07,3,0.87,80,0
317,32,2308.89,72.15,3,0.76,738,1
304,48,4763.09,99.23,2,0.77,135,1
135,24,450.98,18.79,3,0.54,174,0
203,2,2887.89,1443.94,7,0.53,423,1
207,7,3604.79,514.97,2,0.65,1037,1
238,33,646.86,19.6,7,0.7,425,1
26,45,3185.95,70.8,4,0.55,763,0
119,7,4322.55,617.51,6,0.19,800,1
62,27,3939.9,145.92,1,0.25,1103,0
254,25,4676.5,187.06,2,0.49,113,1
26,14,3605.72,257.55,9,0.2,1805,0
189,31,1975.99,63.74,8,0.42,196,1
265,44,4603.05,104.61,0,0.15,1810,1
346,12,1134.53,94.54,9,0.15,541,1
105,3,2922.67,974.22,8,0.84,778,0
3,18,3830.63,212.81,1,0.54,150,0
264,16,4362.68,272.67,2,0.78,688,1
1,36,4583.55,127.32,1,0.01,1643,0
25,27,434.03,16.08,8,0.29,1253,0
361,1,3633.04,3633.04,8,0.02,1148,1
314,17,1028.48,60.5,7,0.0,689,1
258,37,3897.81,105.35,2,0.03,1692,1
305,24,3506.44,146.1,9,0.52,1427,1
28,28,914.95,32.68,8,0.09,482,1
33,13,4165.82,320.45,8,0.8,1109,0
110,16,2314.33,144.65,3,0.52,741,1
9,7,2723.84,389.12,7,0.25,388,1
324,4,4857.3,1214.32,6,0.84,1207,1
21,2,3286.56,1643.28,1,0.51,774,0
199,31,2946.93,95.06,5,0.35,205,0
311,8,93.65,11.71,5,0.57,1580,1
268,29,1004.08,34.62,5,0.67,1118,1
86,47,142.56,3.03,3,0.56,1023,0
172,35,1673.23,47.81,6,0.93,1824,0
200,29,1729.1,59.62,8,0.35,1304,1
280,6,2656.35,442.72,6,0.41,1787,1
156,24,3451.94,143.83,8,0.86,1304,0
104,44,904.93,20.57,7,0.64,333,0
290,19,3012.26,158.54,3,0.97,895,1
323,41,4585.71,111.85,7,0.79,943,1
178,35,933.19,26.66,6,0.51,560,1
11,14,3298.85,235.63,9,0.63,585,0
183,7,237.49,33.93,3,0.41,1100,1
324,1,2660.43,2660.43,1,0.13,768,1
361,14,3710.28,265.02,6,0.41,232,1
146,17,179.87,10.58,6,0.28,1073,1
55,33,1674.99,50.76,6,0.68,1102,0
209,29,4391.01,151.41,7,0.67,1496,0
303,24,1135.14,47.3,5,0.94,214,1
344,36,3617.14,100.48,0,0.08,850,1
19,38,3065.07,80.66,8,0.47,1648,0
106,35,826.8,23.62,2,0.4,505,0
174,44,3711.12,84.34,2,0.53,1365,0
36,18,2665.08,148.06,8,0.12,646,1
323,41,569.01,13.88,7,0.49,355,1
41,21,4747.36,226.06,5,0.66,1306,0
243,10,2464.89,246.49,6,0.31,1438,1
335,8,3727.95,465.99,0,0.65,1672,1
250,5,1096.32,219.26,2,0.27,1332,1
278,47,694.54,14.78,2,0.37,580,1
96,9,3709.12,412.12,4,0.91,1337,0
302,41,3372.38,82.25,3,0.03,88,1
153,39,1377.8,35.33,0,0.27,631,1
23,22,3733.95,169.72,6,0.94,412,0
134,45,2529.91,56.22,5,0.15,968,1
128,45,1749.5,38.88,3,0.4,1268,0
190,46,3936.59,85.58,8,0.45,1081,0
97,25,3087.75,123.51,3,0.65,355,0
169,15,2541.27,169.42,1,0.61,706,1
156,3,3867.8,1289.27,8,0.63,192,1
119,42,2728.69,64.97,1,0.94,1035,0
254,43,4693.29,109.15,0,0.39,1363,1
112,27,4092.1,151.56,4,0.49,468,1
279,4,1797.36,449.34,5,0.96,977,1
92,41,2329.95,56.83,2,0.13,1600,0
315,15,4787.09,319.14,8,0.95,235,1
133,27,4477.07,165.82,2,0.95,1753,0
15,33,964.02,29.21,9,0.95,625,0
55,8,1378.78,172.35,6,0.07,616,1
294,4,1828.46,457.12,1,0.58,1311,1
318,4,4400.45,1100.11,4,0.84,644,1
78,47,4637.81,98.68,0,0.31,759,0
220,47,4013.68,85.4,8,0.59,418,1
210,21,1385.79,65.99,6,0.26,272,1
49,21,4436.45,211.26,4,0.13,1582,0
165,20,174.08,8.7,6,0.85,204,0
253,18,2119.79,117.77,6,0.98,323,1
353,27,1894.37,70.16,5,0.07,1510,1
309,18,2680.85,148.94,3,0.12,1463,1
36,31,2807.6,90.57,3,0.59,417,0
87,19,1134.77,59.72,2,0.09,1524,0
159,31,1030.73,33.25,7,0.63,1331,0
55,47,4019.8,85.53,4,0.72,597,0
208,11,390.22,35.47,4,0.41,172,1
4,4,2471.5,617.88,7,0.76,1424,0
42,26,966.32,37.17,5,0.11,1251,0
18,6,1604.64,267.44,9,0.3,843,1
108,12,1393.7,116.14,2,0.81,521,0
278,39,3545.53,90.91,0,0.09,655,1
65,21,2285.54,108.84,4,0.29,519,0
360,27,1504.21,55.71,5,0.62,1633,1
99,39,4158.45,106.63,8,0.25,395,1
17,7,438.12,62.59,6,0.48,844,1
123,24,3834.14,159.76,9,0.84,1180,0
273,2,1249.08,624.54,0,0.27,129,1
39,25,4590.92,183.64,5,0.44,930,0
27,11,37.74,3.43,8,0.02,1168,1
310,45,2787.75,61.95,5,0.71,977,1
216,13,3115.1,239.62,2,0.36,1211,1
125,10,2890.73,289.07,7,0.86,906,0
276,1,4076.93,4076.93,8,0.09,1169,1
308,7,569.7,81.39,2,0.78,1784,1
131,11,2083.62,189.42,5,0.81,676,1
205,12,4320.05,360.0,8,0.78,670,1
4,37,4444.79,120.13,1,0.73,1248,0
112,44,2496.74,56.74,0,0.24,190,0
217,42,2794.25,66.53,7,0.42,552,1
72,47,3821.9,81.32,7,0.39,329,0
361,45,3900.26,86.67,1,0.24,863,1
354,23,4441.53,193.11,5,0.49,248,1
94,20,4220.85,211.04,7,0.7,418,0
145,32,2077.97,64.94,9,0.48,792,0
69,16,3252.27,203.27,8,0.97,1130,0
184,30,2421.34,80.71,2,0.71,802,0
46,49,598.63,12.22,5,0.44,1484,0
143,10,4110.19,411.02,7,0.4,1465,1
203,38,3012.8,79.28,2,0.58,205,1
223,46,299.45,6.51,1,0.43,1278,0
218,27,3387.57,125.47,4,0.22,78,1
81,18,1422.67,79.04,7,0.52,341,0
289,13,355.63,27.36,5,0.67,1396,1
252,9,3036.88,337.43,6,0.36,1076,1
275,16,3663.72,228.98,6,0.28,609,1
171,37,2591.25,70.03,9,0.22,305,1
325,26,38.18,1.47,6,0.36,611,1
142,11,2888.64,262.6,1,0.24,1428,1
294,27,42.98,1.59,4,0.76,1043,1
75,40,4632.78,115.82,1,0.64,263,0
91,1,1343.85,1343.85,7,0.29,903,1
192,2,4356.32,2178.16,9,0.99,391,1
203,48,70.43,1.47,7,0.65,248,0
272,37,495.11,13.38,2,0.14,185,1
109,29,2262.53,78.02,6,0.83,1394,0
318,45,3795.45,84.34,0,0.75,317,1
121,29,4713.38,162.53,2,0.5,346,0
195,26,2610.26,100.39,3,0.23,1584,1
340,11,1783.75,162.16,4,0.81,1512,1
197,40,232.33,5.81,3,0.12,931,1
249,38,2922.71,76.91,4,0.42,1402,1
331,15,1906.42,127.09,0,0.82,71,1
355,37,4546.58,122.88,8,0.8,330,1
182,36,2405.5,66.82,3,0.63,664,0
152,5,3829.58,765.92,8,0.01,1390,1
72,8,4242.57,530.32,0,0.33,192,0
196,30,500.41,16.68,8,0.85,1216,1
335,31,2209.82,71.28,6,0.72,156,1
178,33,4469.65,135.44,2,0.81,1792,0
127,19,2128.03,112.0,7,0.06,404,1
40,41,2830.12,69.03,7,0.94,1307,0
142,22,4366.79,198.49,7,0.23,1147,1
87,11,1170.64,106.42,8,0.33,730,1
356,6,4473.96,745.66,9,0.84,1400,1
193,44,1991.17,45.25,1,0.41,1143,0
50,35,2969.24,84.84,2,0.64,838,0
25,23,1646.92,71.61,0,0.55,1218,0
310,11,2640.32,240.03,0,0.87,545,1
340,5,255.94,51.19,1,0.16,1368,1
278,8,335.65,41.96,6,0.1,1287,1
46,6,2079.47,346.58,6,0.63,871,1
36,26,1681.41,64.67,0,0.84,1211,0
73,10,3082.8,308.28,4,0.92,1515,0
274,7,199.17,28.45,1,0.4,1182,1
279,14,846.67,60.48,1,0.73,545,1
305,35,1055.86,30.17,0,0.39,526,1
36,25,2208.05,88.32,5,0.32,1759,0
56,8,1241.71,155.21,0,0.02,1481,1
328,37,696.94,18.84,7,0.25,587,1
339,24,2991.89,124.66,9,0.17,1316,1
265,10,3721.92,372.19,8,0.27,97,1
39,34,3429.49,100.87,8,0.29,1273,0
25,49,1388.14,28.33,7,0.86,389,0
21,27,4273.68,158.28,9,0.2,588,0
252,8,3062.99,382.87,8,0.82,1694,1
308,16,3077.19,192.32,2,0.86,279,1
230,30,1072.11,35.74,6,0.46,1448,1
96,49,1218.64,24.87,3,0.72,753,0
276,46,2379.0,51.72,8,0.32,818,1
22,46,1196.73,26.02,0,0.02,858,0
302,41,3443.51,83.99,4,0.71,1654,1
325,29,1549.69,53.44,3,0.61,927,1
262,32,768.06,24.0,8,0.46,472,1
321,36,766.55,21.29,2,0.9,43,1
214,36,644.87,17.91,8,0.73,449,0
171,32,2204.35,68.89,4,0.43,314,1
118,7,25.17,3.6,6,0.05,261,1
336,44,2716.44,61.74,5,0.88,1812,0
254,1,1498.53,1498.53,4,0.98,824,1
70,21,2766.87,131.76,3,0.63,1823,0
349,22,4677.77,212.63,2,0.77,952,1
22,49,4346.55,88.71,6,0.51,423,0
214,5,2886.38,577.28,3,0.24,290,1
70,24,2096.17,87.34,8,0.91,1393,0
242,18,3494.83,194.16,1,0.69,235,1
151,5,4616.47,923.29,2,0.55,123,1
160,11,2452.84,222.99,0,0.68,730,0
245,21,505.55,24.07,8,0.51,596,1
276,45,3832.78,85.17,4,0.06,447,1
139,20,62.29,3.11,0,0.66,952,0
364,44,3825.55,86.94,0,0.01,1060,1
182,36,433.73,12.05,9,0.22,809,1
59,41,542.02,13.22,8,0.16,971,0
3,42,3910.72,93.11,2,0.34,1229,0
74,35,3450.71,98.59,6,0.91,321,0
252,36,2813.9,78.16,2,0.08,693,1
197,8,4104.72,513.09,8,0.36,53,1
123,36,4258.33,118.29,7,0.76,1768,0
176,3,2292.99,764.33,4,0.86,1187,1
306,37,4981.53,134.64,9,0.74,1471,1
209,33,1794.32,54.37,2,0.97,1417,0
22,38,865.82,22.78,9,0.7,40,0
18,32,4231.42,132.23,2,0.74,906,0
176,19,2083.7,109.67,8,0.42,1591,1
148,19,4373.75,230.2,8,0.3,1063,1
310,30,315.22,10.51,5,0.46,1103,1
213,24,564.15,23.51,1,0.77,1756,0
276,17,210.96,12.41,7,0.65,1375,1
214,24,3014.03,125.58,6,0.77,1408,1
126,27,4161.0,154.11,8,0.63,1463,0
240,12,2019.28,168.27,2,0.73,629,1
227,32,462.57,14.46,2,0.16,1777,1
263,16,1873.61,117.1,3,0.32,1556,1
69,14,1746.75,124.77,3,0.56,89,0
234,21,3220.92,153.38,0,0.02,1014,1
104,6,3264.24,544.04,1,0.91,474,1
288,30,524.09,17.47,4,0.24,966,1
291,36,2106.68,58.52,9,0.09,1481,1
228,47,3216.15,68.43,1,0.66,1271,0
345,14,1301.72,92.98,2,0.19,1465,1
196,27,2041.33,75.6,8,0.56,800,0
10,25,3072.34,122.89,0,0.25,168,0
221,36,2020.32,56.12,0,0.17,1610,1
284,31,164.0,5.29,8,0.73,171,1
37,40,1120.85,28.02,2,0.39,330,0
39,42,3882.64,92.44,3,0.57,1326,0
100,6,1250.04,208.34,0,0.22,787,1
308,18,4090.38,227.24,4,0.55,885,1
192,33,2339.87,70.91,9,0.42,146,1
356,27,2369.88,87.77,9,0.05,336,1
318,24,3854.88,160.62,6,0.73,1296,1
202,9,1922.63,213.63,6,0.55,1046,1
248,29,1200.02,41.38,6,0.93,515,1
121,37,534.11,14.44,6,0.81,748,0
33,2,3362.83,1681.42,5,0.57,793,1
146,29,2355.01,81.21,2,0.04,1686,1
216,45,4048.94,89.98,8,0.75,1621,0
67,29,2293.8,79.1,8,0.55,891,0
81,47,2079.91,44.25,1,0.84,364,0
6,18,1501.27,83.4,0,0.58,1048,0
268,1,1005.15,1005.15,7,0.0,34,1
328,34,4153.88,122.17,0,0.81,1191,1
302,11,485.1,44.1,8,0.8,1067,1
139,1,4511.62,4511.62,9,0.1,1643,1
217,9,144.28,16.03,0,0.68,815,1
350,46,2616.04,56.87,7,0.53,1038,1
216,39,301.06,7.72,1,0.59,128,0
108,14,3900.24,278.59,2,0.89,1510,0
124,30,1065.37,35.51,5,0.25,561,1
265,17,2833.95,166.7,6,0.01,1389,1
163,9,4583.07,509.23,0,0.21,459,1
305,49,3249.8,66.32,1,0.92,653,0
315,40,899.82,22.5,2,0.21,497,1
14,18,3985.42,221.41,6,0.67,1643,0
264,18,2212.98,122.94,4,0.79,1447,1
135,40,75.75,1.89,2,0.81,1293,0
190,23,2438.96,106.04,1,0.01,577,1
97,19,4064.3,213.91,9,0.01,1346,1
135,19,2155.49,113.45,7,0.99,908,0
121,22,3794.56,172.48,9,0.53,1313,0
19,26,3530.57,135.79,4,0.06,506,0
285,2,2289.99,1144.99,8,0.03,998,1
53,24,1623.18,67.63,6,0.81,1736,0
137,22,3635.43,165.25,5,0.9,170,0
71,14,1850.9,132.21,4,0.52,1419,0
59,18,858.73,47.71,5,0.37,1282,0
136,21,1611.11,76.72,4,0.7,789,1
335,18,4385.43,243.64,6,0.02,1663,1
344,45,1424.11,31.65,4,0.9,1334,1
139,26,1182.45,45.48,9,0.26,976,1
184,25,675.77,27.03,8,0.19,595,1
359,13,285.34,21.95,4,0.31,1262,1
86,45,4883.69,108.53,3,0.06,177,0
344,2,2688.52,1344.26,7,0.39,491,1
39,27,3650.93,135.22,6,0.71,802,0
83,9,3867.14,429.68,2,0.5,432,0
124,38,1768.06,46.53,8,0.67,1043,0
14,19,3996.54,210.34,6,0.21,1594,0
297,15,4807.81,320.52,6,0.4,657,1
312,3,3711.39,1237.13,7,0.52,760,1
140,39,3561.55,91.32,2,0.57,750,0
305,20,2166.85,108.34,7,0.19,1330,1
282,13,4208.19,323.71,1,0.81,1312,1
292,42,453.3,10.79,7,0.09,450,1
293,1,3750.92,3750.92,5,0.1,1637,1
209,23,1816.35,78.97,5,0.25,1192,1
41,8,2834.21,354.28,7,0.65,1634,1
337,7,4465.89,637.98,3,0.08,1601,1
222,2,3029.05,1514.52,7,0.01,1063,1
329,10,137.65,13.76,0,0.47,1293,1
350,47,3615.8,76.93,6,0.35,1159,1
69,22,4645.83,211.17,7,0.16,1123,1
147,49,3213.64,65.58,0,0.66,986,0
71,14,4308.49,307.75,6,0.64,444,1
19,38,4128.23,108.64,7,0.12,696,0
352,5,4307.85,861.57,5,0.23,1296,1
337,6,1727.06,287.84,6,0.36,1354,1
340,1,2376.08,2376.08,0,0.99,869,1
322,45,4241.69,94.26,9,0.77,229,1
237,33,4552.89,137.97,9,0.34,270,1
191,37,742.74,20.07,7,0.97,1634,0
361,46,915.85,19.91,0,0.45,256,1
202,17,1740.68,102.39,4,0.38,539,1
234,36,3853.79,107.05,8,0.94,142,1
78,25,4376.16,175.05,6,0.74,422,0
272,27,2905.4,107.61,9,0.55,1536,1
299,33,575.21,17.43,6,0.6,521,1
247,24,1525.7,63.57,7,0.97,1529,0
182,2,4286.54,2143.27,3,0.15,1487,1
73,4,1744.3,436.08,8,0.35,1286,1
13,25,523.01,20.92,5,0.42,512,0
229,28,1517.32,54.19,8,0.98,1819,0
249,36,4035.46,112.1,2,0.08,1124,1
282,29,2472.46,85.26,2,0.11,1411,1
346,10,866.15,86.62,0,0.44,645,1
182,18,1570.04,87.22,6,0.17,1220,1
302,22,4768.37,216.74,7,0.68,1208,1
261,49,2165.47,44.19,2,0.36,1101,1
101,27,2213.58,81.98,3,0.85,1091,0
308,32,773.82,24.18,5,0.75,1291,1
20,37,1529.73,41.34,7,0.47,1820,0
218,18,4075.28,226.4,3,0.84,1590,0
343,48,3933.13,81.94,4,0.1,588,1
240,34,2183.14,64.21,1,0.58,1625,1
342,42,4469.32,106.41,8,0.61,657,1
21,37,1907.49,51.55,8,0.25,476,0
194,31,4323.0,139.45,7,0.05,386,1
285,2,167.51,83.76,8,0.54,1292,1
234,29,1742.68,60.09,7,0.51,862,1
321,7,4276.79,610.97,8,0.65,1516,1
169,30,4507.53,150.25,4,0.21,1533,1
249,35,3784.56,108.13,2,0.18,996,1
153,27,3352.63,124.17,9,0.98,408,0
318,16,4079.37,254.96,0,0.11,230,1
44,3,3540.72,1180.24,4,1.0,1755,0
93,33,1278.56,38.74,7,0.72,581,0
36,35,2336.52,66.76,7,0.63,53,0
256,24,3306.92,137.79,6,0.34,742,1
85,36,2943.14,81.75,4,0.87,1475,0
116,39,4426.64,113.5,9,0.91,194,0
305,26,2374.48,91.33,2,0.72,1271,1
132,3,898.16,299.39,1,0.71,776,1
54,43,1080.76,25.13,6,0.49,1654,0
8,23,4231.82,183.99,3,0.08,835,0
83,33,53.52,1.62,4,1.0,966,0
333,45,4346.96,96.6,4,0.02,849,1
200,18,287.38,15.97,2,0.5,1252,1
363,31,1964.38,63.37,9,0.37,157,1
79,1,4002.88,4002.88,3,0.78,118,0
128,44,2044.0,46.45,6,0.74,1075,0
60,3,4113.52,1371.17,1,0.63,737,0
146,27,510.49,18.91,9,0.07,330,1
206,18,2562.6,142.37,9,0.24,1413,1
295,2,2916.55,1458.28,0,0.09,1375,1
134,23,4455.43,193.71,6,0.98,225,0
281,46,477.17,10.37,5,0.13,360,1
228,9,1699.62,188.85,1,0.97,1434,1
107,15,3300.15,220.01,7,0.11,888,1
333,10,4899.85,489.98,7,0.86,583,1
159,7,4242.89,606.13,8,0.57,980,1
55,12,4234.01,352.83,6,0.83,663,0
351,29,2590.74,89.34,7,0.63,198,1
333,39,2825.85,72.46,7,0.77,1192,1
19,34,4294.31,126.3,7,0.73,1279,0
329,38,4349.43,114.46,5,0.26,170,1
345,36,4013.35,111.48,7,0.94,477,1
302,19,4094.67,215.51,0,0.64,1151,1
93,45,4399.35,97.76,6,0.2,1389,0
230,9,577.77,64.2,2,0.31,1670,1
196,35,1470.27,42.01,4,0.53,1113,0
226,6,4880.81,813.47,7,0.88,198,1
225,38,2728.43,71.8,1,0.8,663,0
233,5,890.55,178.11,7,0.3,484,1
188,11,2520.25,229.11,2,0.69,1802,1
252,20,3232.46,161.62,7,0.0,54,1
192,35,4142.83,118.37,7,0.33,704,0
6,3,4062.76,1354.25,0,0.84,959,0
13,13,255.72,19.67,2,0.15,567,0
349,17,2273.09,133.71,8,0.35,1342,1
331,36,112.64,3.13,3,0.0,265,1
214,48,4441.9,92.54,4,0.02,1692,1
64,31,877.79,28.32,0,0.15,748,0
285,25,3128.12,125.12,6,0.1,690,1
53,17,2857.39,168.08,0,0.49,1687,0
138,41,3131.39,76.38,2,0.9,297,0
121,6,2821.45,470.24,4,0.08,871,1
5,7,3580.79,511.54,7,0.87,82,0
294,10,3134.29,313.43,4,0.67,948,1
186,14,460.6,32.9,9,0.17,613,1
116,23,1840.17,80.01,5,0.29,1358,1
185,47,2737.5,58.24,2,0.19,949,1
1,32,1632.74,51.02,1,0.79,1152,0
160,19,3804.05,200.21,7,0.73,1646,0
190,11,1596.31,145.12,4,0.3,1736,1
124,32,4145.13,129.54,6,0.05,418,1
303,13,742.2,57.09,3,0.17,931,1
91,48,3849.27,80.19,2,0.63,1432,0
51,24,925.49,38.56,5,0.09,258,1
193,27,2644.8,97.96,2,0.54,893,1
323,45,1609.42,35.76,9,0.61,1030,1
137,15,3190.3,212.69,7,0.69,1587,1
17,24,1071.57,44.65,8,0.13,188,1
354,27,3979.09,147.37,2,0.46,1579,1
162,14,2872.18,205.16,0,0.46,456,1
63,3,4786.79,1595.6,0,0.84,1569,0
225,14,3561.73,254.41,8,0.47,1205,1
117,6,3040.9,506.82,8,0.41,750,1
342,34,4147.5,121.99,6,0.12,270,1
108,1,1106.22,1106.22,5,0.69,651,1
201,16,3167.38,197.96,2,0.62,1358,0
198,44,1958.12,44.5,7,0.72,402,0
89,28,3721.52,132.91,5,0.66,1232,0
182,33,132.1,4.0,6,0.88,440,0
40,33,2144.28,64.98,0,0.88,175,0
235,15,3261.99,217.47,5,0.31,1136,1
277,31,2308.59,74.47,6,0.18,1488,1
346,11,1197.48,108.86,7,0.93,1756,1
119,32,2327.1,72.72,1,0.71,930,0
104,34,4250.23,125.01,0,0.97,1117,0
200,43,1042.13,24.24,8,0.5,1253,1
253,46,1842.19,40.05,3,0.96,770,0
362,2,4951.77,2475.89,4,0.12,95,1
10,15,4564.96,304.33,6,0.59,465,0
87,27,179.5,6.65,4,0.5,710,0
96,16,2656.36,166.02,9,0.0,1200,1
93,31,336.41,10.85,8,0.19,577,1
169,42,4620.29,110.01,3,0.15,408,0
318,13,2213.31,170.25,1,0.06,1654,1
12,44,2098.0,47.68,9,0.95,197,0
297,44,1372.0,31.18,7,0.97,1444,1
225,45,2848.41,63.3,7,0.89,197,1
224,4,733.54,183.38,4,0.99,605,1
247,15,3996.79,266.45,4,0.83,1556,1
43,7,2461.14,351.59,1,0.93,1541,0
272,6,2836.65,472.78,4,0.2,716,1
91,3,4205.62,1401.87,5,0.26,61,1
189,22,933.89,42.45,1,0.86,1717,1
247,5,884.16,176.83,6,0.48,1625,1
220,15,2109.8,140.65,6,0.72,921,1
118,49,3932.78,80.26,8,0.56,81,0
145,44,302.14,6.87,0,0.31,1271,0
174,46,3977.9,86.48,2,0.28,1435,0
16,2,2508.78,1254.39,4,0.75,1514,0
265,33,2813.2,85.25,8,0.53,1342,1
37,32,2826.29,88.32,2,0.36,1599,0
167,7,290.28,41.47,9,0.62,946,1
239,45,1256.36,27.92,9,0.42,321,0
30,20,3778.93,188.95,0,0.48,1267,0
363,48,2067.22,43.07,3,0.68,418,1
138,6,2806.98,467.83,2,0.46,1160,1
6,32,4724.89,147.65,4,0.95,299,0
240,7,240.9,34.41,9,0.49,100,1
203,47,2253.91,47.96,3,0.96,829,0
234,30,1812.76,60.43,6,0.85,1092,1
274,4,541.18,135.29,1,0.89,308,1
174,11,4754.46,432.22,5,0.76,1438,1
301,18,4807.68,267.09,3,0.6,1198,1
135,1,1564.33,1564.33,9,0.53,1466,1
199,1,4734.12,4734.12,7,0.55,681,1
58,46,185.52,4.03,2,0.2,1213,0
226,49,4904.67,100.1,6,0.21,1760,1
96,27,4181.3,154.86,3,0.03,357,0
254,45,1079.51,23.99,4,0.75,1495,0
292,33,3001.74,90.96,4,0.12,1159,1
313,2,3993.51,1996.76,8,0.58,1330,1
339,36,1603.3,44.54,2,0.14,1153,1
45,1,1775.22,1775.22,0,0.07,1266,1
51,41,3148.57,76.79,1,0.53,1429,0
338,18,744.0,41.33,8,0.87,101,1
139,7,599.87,85.7,2,0.36,87,1
10,13,1256.53,96.66,0,0.92,180,0
105,34,3708.89,109.08,4,0.01,1698,0
305,42,1839.33,43.79,8,0.47,805,1
130,28,2541.72,90.78,8,0.15,1809,1
28,8,985.3,123.16,9,0.32,1671,1
263,45,978.59,21.75,6,0.02,649,1
71,39,3255.75,83.48,8,0.04,198,0
129,21,550.79,26.23,7,0.71,1543,0
2,28,3342.53,119.38,0,0.65,784,0
220,48,2009.5,41.86,4,0.21,564,1
163,19,3359.64,176.82,5,0.9,1455,0
316,2,1914.83,957.42,4,0.69,895,1
122,8,4231.8,528.98,8,0.34,604,1
75,30,287.23,9.57,9,0.41,741,0
61,49,4467.55,91.17,5,0.29,1698,0
73,37,1350.62,36.5,0,0.83,572,0
165,31,222.29,7.17,3,0.49,1707,1
32,16,2816.4,176.02,1,0.14,1087,0
147,22,1129.53,51.34,4,0.2,132,1
312,2,2301.42,1150.71,2,0.3,232,1
280,19,4013.55,211.24,0,0.4,1136,1
232,31,3959.82,127.74,1,0.59,275,0
326,45,3005.92,66.8,4,0.96,291,0
284,46,4889.58,106.3,1,0.26,860,1
238,41,2324.12,56.69,0,0.33,821,0
315,2,206.55,103.28,2,0.02,1719,1
46,40,4098.93,102.47,6,0.37,1641,0
298,11,1114.26,101.3,6,0.68,1699,1
108,31,889.43,28.69,3,0.96,161,0
267,47,359.35,7.65,6,0.74,1472,1
333,44,1646.22,37.41,1,0.12,1712,1
181,33,1637.53,49.62,7,0.89,1128,0
33,15,1520.83,101.39,0,0.84,1815,0
135,26,2970.03,114.23,1,0.19,1471,0
149,35,3760.2,107.43,9,0.93,1233,0
341,26,4689.46,180.36,4,0.71,758,1
344,20,479.31,23.97,5,0.78,669,1
207,20,760.41,38.02,3,0.46,739,1
347,30,2953.31,98.44,6,0.2,480,1
159,2,499.7,249.85,7,0.8,1068,1
150,49,1860.11,37.96,7,0.48,806,0
305,6,3126.52,521.09,2,0.97,563,1
243,49,3904.92,79.69,6,0.15,352,0
191,2,1095.82,547.91,7,0.36,956,1
167,26,3343.25,128.59,4,0.74,66,1
257,21,3232.89,153.95,3,0.57,700,1
275,29,4299.48,148.26,6,0.43,142,1
179,22,1575.6,71.62,5,0.7,632,0
12,44,3752.96,85.29,2,0.73,1221,0
38,1,3762.48,3762.48,9,0.58,1174,1
53,49,1203.58,24.56,5,0.32,67,0
169,34,3109.58,91.46,5,0.62,1301,0
224,39,3379.06,86.64,2,0.55,571,0
293,7,1379.4,197.06,6,0.8,884,1
85,4,2264.48,566.12,9,0.65,1244,1
287,20,2184.53,109.23,7,0.5,95,1
243,16,3869.81,241.86,5,0.02,343,1
19,39,13.45,0.34,6,0.17,326,0
128,44,2510.12,57.05,2,0.34,626,0
111,21,929.86,44.28,0,0.6,58,0
323,38,3237.74,85.2,6,0.79,86,1
336,3,3405.04,1135.01,1,0.96,949,1
299,37,2510.62,67.85,0,0.6,231,1
193,5,2714.73,542.95,7,0.73,811,1
180,33,1582.14,47.94,4,0.62,435,1
114,19,1573.48,82.81,8,0.43,1816,1
282,21,3728.13,177.53,8,0.61,256,1
32,14,667.34,47.67,1,0.4,891,0
99,20,3859.8,192.99,7,0.45,877,0
50,43,3278.52,76.24,3,0.91,1355,0
180,40,4423.53,110.59,7,0.56,257,1
110,17,1308.12,76.95,0,0.1,1761,1
72,15,2535.83,169.06,4,0.52,577,0
138,25,204.56,8.18,6,0.95,92,1
314,34,4563.41,134.22,4,0.1,1328,1
204,9,3380.2,375.58,5,0.97,1003,1
300,36,3118.15,86.62,0,0.99,1203,0
333,47,3666.12,78.0,0,0.56,1666,0
329,42,1428.8,34.02,6,0.33,717,1
128,27,3023.26,111.97,4,0.01,1659,1
320,16,4006.6,250.41,5,0.02,1701,1
332,16,460.57,28.79,3,0.39,1013,1
350,37,4794.5,129.58,0,0.78,1443,1
128,23,4460.52,193.94,7,0.94,90,0
84,6,4815.46,802.58,1,0.15,1119,1
213,34,4043.66,118.93,7,0.49,174,1
340,7,1478.61,211.23,0,0.5,814,1
328,49,2911.96,59.43,9,0.38,1376,1
208,21,609.61,29.03,2,0.54,137,1
55,17,3773.29,221.96,8,0.93,759,0
154,3,776.66,258.89,0,0.44,771,1
260,9,4335.45,481.72,4,0.14,457,1
204,47,1210.38,25.75,4,0.67,1008,0
126,27,810.46,30.02,1,0.03,1480,1
125,45,363.81,8.08,4,0.94,1808,0
22,47,3559.71,75.74,2,0.94,1656,0
106,3,939.16,313.05,4,0.09,1738,1
244,19,996.36,52.44,3,0.55,395,1
88,42,856.79,20.4,1,0.8,231,0
362,25,1535.92,61.44,7,0.46,358,1
31,25,4706.65,188.27,5,0.48,1787,0
215,28,2438.24,87.08,8,0.97,422,0
181,35,1311.78,37.48,8,0.23,1384,0
304,46,860.25,18.7,2,0.53,758,1
324,44,104.32,2.37,2,0.11,1254,1
198,31,1831.31,59.07,9,0.3,1381,1
230,29,559.21,19.28,3,0.85,1651,0
255,18,144.79,8.04,0,0.72,185,1
190,6,523.87,87.31,5,0.61,613,1
68,35,1599.42,45.7,9,0.11,242,0
157,1,3756.81,3756.81,2,0.85,746,1
88,35,344.26,9.84,6,0.3,685,1
170,25,3396.58,135.86,3,0.53,1593,0
224,39,3106.51,79.65,3,0.23,1292,0
77,47,4411.13,93.85,4,0.52,216,0
91,28,928.1,33.15,1,0.56,829,0
300,29,3973.4,137.01,3,0.34,1302,1
138,24,4325.68,180.24,2,0.51,1360,1
73,19,4882.66,256.98,8,0.41,1483,1
260,5,4044.66,808.93,2,0.7,433,1
261,2,627.6,313.8,8,0.54,1618,1
301,36,4736.17,131.56,0,0.88,1651,0
277,45,4076.81,90.6,4,0.05,423,1
362,3,1069.5,356.5,2,0.03,1214,1
210,17,834.34,49.08,4,0.19,1249,1
105,30,4682.71,156.09,7,0.12,1608,1
315,35,786.94,22.48,9,0.53,183,1
97,37,3887.75,105.07,7,0.2,447,1
106,35,2032.24,58.06,5,0.02,1575,0
302,5,3621.79,724.36,5,0.28,94,1
321,13,468.34,36.03,9,0.51,894,1
124,23,3628.04,157.74,9,0.71,556,1
266,4,2564.44,641.11,7,0.44,1150,1
336,17,4502.89,264.88,1,0.96,879,1
291,19,950.11,50.01,2,0.2,1558,1
2,48,555.69,11.58,2,0.51,168,0
242,16,989.14,61.82,2,0.25,938,1
62,48,402.09,8.38,9,0.81,960,0
309,35,4900.95,140.03,1,0.19,943,1
25,34,623.05,18.32,8,0.96,168,0
362,41,1012.25,24.69,8,0.72,864,1
65,42,4050.33,96.44,5,0.56,1610,0
153,11,1241.3,112.85,3,0.53,1108,1
86,21,1119.24,53.3,2,0.36,225,1
297,26,3364.83,129.42,6,0.02,1317,1
144,48,1999.84,41.66,6,0.92,1696,0
272,2,4179.04,2089.52,5,0.79,1475,1
25,24,3194.96,133.12,5,0.13,198,0
165,11,1448.19,131.65,8,0.12,83,1
332,11,2993.64,272.15,7,0.31,346,1
338,38,4333.64,114.04,7,0.76,654,1
76,10,1828.77,182.88,2,0.5,1690,0
144,39,3684.99,94.49,0,0.65,806,0
149,49,2085.01,42.55,4,0.01,1771,1
206,39,2719.94,69.74,3,0.92,207,0
196,9,3671.16,407.91,3,0.17,1396,1
39,7,312.03,44.58,5,0.32,1379,1
278,22,2280.2,103.65,9,0.95,1752,1
83,28,485.12,17.33,8,0.73,968,0
115,39,3627.78,93.02,6,0.51,1117,0
307,21,3042.95,144.9,7,0.86,33,1
252,9,1641.38,182.38,4,0.06,1612,1
145,49,390.64,7.97,5,0.08,1163,0
333,45,4629.75,102.88,4,0.16,1288,1
144,33,1581.87,47.94,8,0.26,638,1
206,35,1384.13,39.55,9,0.71,169,0
90,46,514.01,11.17,4,0.53,1334,0
67,24,2890.99,120.46,7,0.43,1345,1
179,8,1335.61,166.95,0,0.78,352,1
205,30,4215.84,140.53,4,0.32,1510,1
294,23,3417.01,148.57,8,0.09,32,1
143,40,29.54,0.74,6,0.4,1201,0
326,38,2832.72,74.55,5,0.77,185,1
222,24,1166.86,48.62,2,0.47,1379,1
26,19,86.68,4.56,8,0.98,820,0
270,21,3100.64,147.65,9,0.86,617,1
210,31,1032.52,33.31,3,0.79,1372,0
142,32,4499.18,140.6,8,0.77,1472,0
171,26,2871.17,110.43,5,0.58,1114,0
110,27,1053.83,39.03,3,0.9,1346,0
224,49,4895.85,99.92,3,0.59,56,0
207,13,2736.74,210.52,5,0.37,1504,1
163,9,835.71,92.86,4,0.2,1091,1
104,40,2591.04,64.78,6,0.81,312,0
146,46,4797.15,104.29,1,0.37,895,0
182,30,2126.81,70.89,4,0.79,1155,1
172,20,2132.47,106.62,7,0.98,1459,1
113,18,2311.02,128.39,8,0.4,959,1
212,23,1407.72,61.21,2,0.34,490,1
83,3,817.3,272.43,6,0.17,486,1
183,26,2898.85,111.49,3,0.48,1320,0
45,14,4472.06,319.43,7,0.65,1577,0
172,14,3681.29,262.95,3,0.31,1164,1
286,28,489.98,17.5,6,0.49,1464,1
298,48,2010.24,41.88,4,0.54,1148,1
253,11,36.43,3.31,2,0.28,911,1
272,45,1546.62,34.37,5,0.02,757,1
25,26,3350.19,128.85,6,0.22,908,1
125,48,1458.27,30.38,6,0.8,53,0
239,19,4204.39,221.28,7,0.28,1068,1
292,49,2392.15,48.82,6,0.01,366,1
213,33,3349.15,101.49,8,0.42,1645,1
311,33,4420.49,133.95,4,0.68,1545,1
100,28,3417.22,122.04,5,0.75,916,0
56,23,4487.66,195.12,4,0.41,1137,0
32,26,4042.25,155.47,5,0.57,97,0
213,42,2839.65,67.61,1,0.75,1067,0
243,39,1493.19,38.29,8,0.89,1555,0
104,2,1497.73,748.86,5,0.64,973,1
286,35,4377.9,125.08,5,0.69,1574,1
270,41,278.88,6.8,8,0.1,168,1
132,37,4707.77,127.24,4,0.42,1779,0
87,25,1642.03,65.68,4,0.89,654,0
271,17,3696.97,217.47,5,0.16,78,1
245,33,1656.85,50.21,9,0.31,1141,1
63,33,4766.97,144.45,2,0.68,1133,0
93,19,192.01,10.11,1,0.9,255,0
177,20,1773.06,88.65,1,0.06,652,1
187,19,4338.63,228.35,7,0.87,1683,1
61,3,1377.54,459.18,0,0.22,369,1
346,2,1385.34,692.67,7,0.86,160,1
142,5,4494.77,898.95,8,0.89,1504,1
139,21,4154.61,197.84,6,0.78,1250,0
23,26,537.8,20.68,1,0.92,925,0
319,21,2905.1,138.34,6,0.96,570,1
86,47,1124.74,23.93,4,0.93,1593,0
360,12,1083.54,90.3,0,0.51,1580,1
181,20,3080.87,154.04,1,0.46,31,1
319,13,628.09,48.31,7,0.11,1514,1
66,15,2354.2,156.95,5,0.22,878,1
61,29,1286.55,44.36,4,0.65,628,0
292,16,4271.07,266.94,7,0.13,655,1
299,16,2776.93,173.56,5,0.94,859,1
198,33,1083.39,32.83,9,0.23,1059,1
12,41,4633.06,113.0,0,0.09,1751,0
344,11,4116.25,374.2,2,0.24,74,1
144,6,1333.81,222.3,1,0.05,1121,1
341,12,4805.64,400.47,4,0.17,147,1
317,29,1346.02,46.41,9,0.59,40,1
310,48,1470.29,30.63,4,0.29,574,1
251,8,1935.96,242.0,3,0.8,1425,1
246,3,832.38,277.46,0,0.4,650,1
194,26,3438.21,132.24,3,0.71,678,1
10,49,2791.11,56.96,2,0.71,1649,0
142,28,4473.37,159.76,1,0.14,525,1
266,46,1211.97,26.35,1,0.06,1408,1
296,32,859.45,26.86,6,0.84,1523,1
204,2,1799.53,899.76,7,0.7,1192,1
259,21,739.08,35.19,7,0.17,1766,1
8,38,4731.29,124.51,0,0.68,1795,0
171,25,3590.06,143.6,9,0.33,141,1
185,10,3983.0,398.3,5,0.06,335,1
325,9,3742.74,415.86,5,0.23,730,1
114,33,1221.67,37.02,8,0.76,1225,1
84,23,711.88,30.95,2,0.39,532,0
129,29,2152.87,74.24,5,0.54,1174,0
63,19,4146.81,218.25,0,0.14,1641,0
204,17,1659.27,97.6,4,0.09,41,1
234,33,57.72,1.75,2,0.24,1587,1
292,1,3303.7,3303.7,1,0.47,902,1
354,22,1008.31,45.83,6,0.85,1647,1
27,19,2718.75,143.09,1,0.76,1251,0
91,39,84.25,2.16,9,0.16,106,0
110,36,2549.16,70.81,2,0.07,1649,0
91,21,1974.11,94.01,0,0.23,119,1
302,13,4403.26,338.71,4,0.85,479,1
51,12,3611.85,300.99,3,0.52,1019,0
11,11,189.78,17.25,6,0.81,1652,0
314,14,3949.72,282.12,6,0.37,329,1
350,38,3958.22,104.16,5,0.59,996,1
83,3,3320.41,1106.8,5,0.59,232,1
122,2,4647.19,2323.59,7,0.63,639,1
184,27,4018.24,148.82,6,0.47,497,1
192,11,1102.3,100.21,1,0.24,798,1
361,41,1913.91,46.68,4,0.43,1303,1
148,37,1756.12,47.46,6,0.97,1323,0
5,38,2529.49,66.57,2,0.27,1235,0
154,23,4769.03,207.35,8,0.72,79,1
203,22,3081.84,140.08,4,0.94,1439,0
189,21,1571.57,74.84,3,0.57,1190,1
187,10,4708.17,470.82,3,0.49,142,1
336,28,3504.35,125.16,6,0.12,1729,1
294,43,1337.74,31.11,7,0.75,1405,1
92,13,4533.5,348.73,2,0.91,1271,0
130,3,1727.62,575.87,1,0.98,910,0
243,28,2585.89,92.35,0,0.2,1456,1
150,20,2401.32,120.07,4,0.92,591,0
156,40,4618.92,115.47,9,0.37,1331,0
62,42,1335.66,31.8,9,0.62,1125,0
93,47,1673.2,35.6,5,0.22,1125,0
270,20,3304.2,165.21,5,0.25,1465,1
307,45,4434.21,98.54,5,0.62,340,1
286,6,583.27,97.21,2,0.48,216,1
113,19,1057.32,55.65,4,0.96,1026,0
50,14,4740.69,338.62,9,0.26,1479,0
59,46,3888.71,84.54,6,0.88,485,0
144,30,1736.89,57.9,2,0.46,1052,0
189,18,1794.6,99.7,0,0.13,1748,1
326,8,2352.97,294.12,7,0.24,1142,1
328,39,3372.26,86.47,9,0.76,171,1
1,33,2809.6,85.14,1,0.83,1607,0
258,42,3882.84,92.45,3,0.04,1782,1
109,22,280.29,12.74,8,0.41,1304,1
72,8,4097.01,512.13,2,0.49,1125,0
203,17,299.68,17.63,1,0.62,1077,1
13,31,4406.06,142.13,3,0.65,1148,0
122,12,225.84,18.82,3,0.83,633,0
202,4,647.88,161.97,4,0.27,1187,1
100,41,909.12,22.17,9,0.11,946,1
216,26,1123.02,43.19,9,0.19,1451,1
168,20,2014.79,100.74,5,0.94,1531,0
291,28,3280.86,117.17,0,0.55,1304,1
67,37,4464.09,120.65,2,0.22,1817,0
21,1,2627.27,2627.27,1,0.79,835,0
193,22,2667.12,121.23,0,0.59,1387,1
94,13,1603.33,123.33,3,0.37,645,1
258,5,4005.4,801.08,0,0.02,1448,1
34,2,561.33,280.67,5,0.78,509,1
210,22,1512.5,68.75,2,0.72,1285,0
361,27,493.94,18.29,7,0.26,55,1
34,25,1078.76,43.15,5,0.27,1406,0
110,39,2937.12,75.31,9,0.27,551,0
308,23,638.54,27.76,4,0.67,466,1
195,29,512.08,17.66,1,0.29,629,0
64,40,4131.29,103.28,9,0.31,790,0
78,33,600.31,18.19,3,0.38,260,0
279,45,3044.19,67.65,7,0.98,1028,0
314,11,1766.54,160.59,7,0.46,252,1
132,39,4482.87,114.95,9,0.38,1016,1
173,35,3540.67,101.16,6,0.47,691,1
285,29,306.56,10.57,5,0.72,1102,1
65,1,4478.39,4478.39,3,0.88,301,0
76,27,2075.36,76.87,4,0.99,1777,0
282,43,1498.15,34.84,7,0.49,56,1
68,32,3367.18,105.22,5,0.46,1565,0
281,1,3592.69,3592.69,0,0.33,661,1
181,15,1523.22,101.55,3,0.78,1515,1
361,28,1764.77,63.03,9,0.66,1100,1
12,40,790.09,19.75,2,0.36,1520,0
345,22,2971.28,135.06,4,0.52,1026,1
83,42,4784.98,113.93,8,0.21,1454,1
13,39,2088.96,53.56,2,0.69,1206,0
264,14,4981.07,355.79,6,0.25,1249,1
194,10,890.31,89.03,7,0.35,1055,1
305,45,3982.54,88.5,3,0.07,490,1
40,29,4641.26,160.04,8,0.22,1553,0
30,42,3443.39,81.99,4,0.19,1566,0
207,46,555.54,12.08,2,0.74,1327,0
322,21,1639.44,78.07,2,0.69,532,1
148,3,437.47,145.82,2,0.54,761,1
291,45,3012.72,66.95,5,0.39,1331,0
330,29,4990.76,172.1,2,0.89,365,1
317,6,1880.03,313.34,3,0.88,229,1
186,26,823.1,31.66,7,0.6,752,1
255,2,1350.51,675.26,8,0.66,1012,1
192,15,2858.3,190.55,6,0.8,1634,1
246,18,2849.12,158.28,5,0.72,602,1
207,23,1156.81,50.3,6,0.22,418,1
192,28,3756.02,134.14,4,0.5,1294,0
159,42,449.18,10.69,2,0.15,1600,0
238,18,3118.97,173.28,7,0.81,1565,1
274,37,2134.24,57.68,1,0.65,1165,0
335,47,644.6,13.71,9,0.98,57,1
224,37,3175.58,85.83,4,0.14,1201,0
37,13,3368.52,259.12,8,0.51,235,0
214,34,2205.7,64.87,0,0.72,1443,0
115,14,3991.98,285.14,4,0.87,1691,0
10,24,2551.49,106.31,4,0.85,1126,0
27,32,1435.91,44.87,3,0.2,459,0
216,15,4768.47,317.9,5,0.98,566,1
344,1,4720.78,4720.78,6,0.98,1341,1
185,42,487.15,11.6,9,0.97,1394,0
163,36,4730.95,131.42,8,0.61,1488,0
33,7,3879.66,554.24,2,0.83,212,0
246,19,542.15,28.53,9,0.08,1359,1
21,13,2601.43,200.11,4,0.26,1753,0
307,48,184.41,3.84,4,0.09,87,1
298,47,2948.4,62.73,0,0.51,803,1
361,34,4666.61,137.25,6,0.96,1350,1
104,22,1847.37,83.97,8,0.65,979,0
59,3,2548.04,849.35,2,0.46,1756,1
110,13,1145.53,88.12,8,0.79,1243,0
292,5,2709.32,541.86,0,0.55,691,1
80,39,4014.85,102.94,9,0.46,1146,0
324,5,1084.14,216.83,2,0.63,1304,1
57,34,2771.9,81.53,4,0.51,1432,0
18,47,1779.67,37.87,0,0.64,526,0
80,16,3741.88,233.87,8,0.8,1674,0
275,34,3513.17,103.33,5,0.46,1820,1
220,44,3496.96,79.48,9,0.42,417,1
130,21,1895.24,90.25,3,0.56,403,1
239,22,3000.4,136.38,0,0.9,720,0
237,10,3258.92,325.89,6,0.42,578,1
202,21,3407.26,162.25,1,0.85,364,1
188,43,2880.53,66.99,6,0.62,331,0
37,33,4335.36,131.37,0,0.01,1304,0
95,10,1251.5,125.15,1,0.48,1744,1
193,26,288.48,11.1,6,0.21,201,1
50,35,4812.89,137.51,6,0.15,1055,0
174,4,313.06,78.26,1,0.23,532,1
43,38,4515.75,118.84,1,0.71,473,0
287,10,3065.3,306.53,8,0.63,1056,1
38,15,4594.51,306.3,0,0.54,271,0
34,21,2829.12,134.72,2,0.5,179,0
233,25,4106.83,164.27,9,0.39,1600,1
81,45,3609.24,80.21,5,0.89,830,0
128,11,2630.31,239.12,0,0.93,142,1
115,13,1822.98,140.23,8,0.76,1603,0
79,19,24.27,1.28,3,0.29,1184,1
278,43,1262.02,29.35,7,0.91,1355,0
252,48,4759.32,99.15,6,0.82,1125,0
87,23,1384.55,60.2,3,0.12,880,1
251,34,3761.74,110.64,3,0.34,1415,1
260,45,2547.4,56.61,5,0.33,648,1
197,42,1549.49,36.89,3,0.73,1253,0
211,34,4955.56,145.75,1,0.52,1613,0
341,27,244.4,9.05,7,0.27,1531,1
166,49,2914.56,59.48,6,0.23,1025,0
141,12,2312.98,192.75,6,0.46,98,1
197,18,391.87,21.77,7,0.67,57,1
305,35,1078.34,30.81,5,0.51,802,1
259,2,3474.27,1737.14,9,0.26,1219,1
28,25,550.56,22.02,8,0.62,175,0
168,42,4007.12,95.41,9,1.0,767,0
270,9,3129.05,347.67,1,0.18,757,1
82,40,513.28,12.83,1,0.53,853,0
360,21,1441.2,68.63,4,0.38,1036,1
295,43,694.52,16.15,6,0.22,531,1
309,32,3990.03,124.69,2,0.88,1095,1
30,8,2669.47,333.68,1,0.96,842,0
211,37,24.12,0.65,0,0.35,1689,0
193,3,2719.09,906.36,5,0.35,612,1
229,12,2419.19,201.6,9,0.09,1684,1
310,44,3218.95,73.16,4,0.62,1757,1
129,43,183.87,4.28,7,0.03,586,1
195,3,186.77,62.26,0,0.5,761,1
248,19,1753.35,92.28,2,0.15,1284,1
275,5,3445.81,689.16,6,0.67,853,1
281,14,3336.12,238.29,4,0.93,1309,1
123,48,1398.54,29.14,0,0.09,495,0
364,10,1088.18,108.82,2,0.78,1748,1
4,32,3418.8,106.84,7,0.83,1283,0
180,40,145.29,3.63,6,0.18,180,0
222,44,2788.35,63.37,8,0.92,466,0
23,18,2126.25,118.12,3,0.62,1137,0
165,35,1203.04,34.37,9,0.53,555,0
217,24,2606.29,108.6,9,0.67,761,1
222,6,1093.67,182.28,3,0.29,1190,1
44,11,2825.96,256.91,2,0.03,653,1
102,37,753.38,20.36,9,0.44,1652,0
90,34,2034.41,59.84,3,0.74,1138,0
233,26,2557.03,98.35,4,0.92,783,0
120,39,168.19,4.31,9,0.43,531,0
209,34,3057.48,89.93,2,0.26,560,1
267,17,3754.07,220.83,8,0.13,94,1
291,15,4780.81,318.72,1,0.94,184,1
67,47,1023.6,21.78,2,0.23,1426,0
329,48,1051.39,21.9,3,0.91,1409,0
61,2,1531.11,765.56,4,0.18,185,1
8,39,4454.91,114.23,2,0.02,1021,0
17,7,2040.22,291.46,8,0.22,619,1
74,43,1515.95,35.25,6,0.49,1282,0
318,29,3708.49,127.88,6,0.35,1097,1
76,34,199.57,5.87,7,0.91,1465,0
253,35,2748.58,78.53,6,0.55,1149,1
153,30,2256.45,75.21,6,0.12,388,1
15,13,3128.04,240.62,6,0.63,1225,0
162,40,3658.19,91.45,7,0.39,1528,0
11,28,1631.69,58.27,9,0.68,1815,0
174,27,3185.72,117.99,1,0.79,1293,0
204,16,2626.4,164.15,5,0.99,750,1
190,1,678.5,678.5,1,0.58,943,1
103,28,4409.81,157.49,1,0.37,276,0
280,17,3775.4,222.08,9,0.43,1173,1
218,33,4609.05,139.67,4,0.4,277,1
93,18,3604.82,200.27,7,0.45,497,1
159,48,1231.58,25.66,7,0.03,945,1
40,34,2158.33,63.48,0,0.25,888,0
337,23,1940.47,84.37,4,0.99,718,1
275,35,188.75,5.39,1,0.93,1191,1
105,32,2058.64,64.33,3,0.05,1669,1
246,31,1734.39,55.95,1,0.98,1686,0
248,29,29.58,1.02,6,0.79,947,0
222,46,4237.15,92.11,1,0.0,1020,1
20,16,727.93,45.5,4,0.91,841,0
320,22,2509.75,114.08,3,0.96,1640,1
348,13,3925.54,301.96,9,0.63,1577,1
355,28,3026.36,108.08,7,0.79,127,1
357,49,855.06,17.45,3,0.33,1459,1
339,30,3094.87,103.16,2,0.57,83,1
270,11,3790.41,344.58,7,0.73,1311,1
21,46,4275.27,92.94,6,0.56,637,0
170,39,1600.08,41.03,5,0.3,976,1
90,22,179.27,8.15,0,0.65,1435,0
81,8,3043.66,380.46,0,0.84,451,0
303,20,1136.58,56.83,6,0.84,268,1
296,40,3906.67,97.67,4,0.13,1048,1
191,29,3402.61,117.33,8,0.45,1534,1
269,10,3868.2,386.82,0,0.04,237,1
48,8,4837.98,604.75,1,0.63,725,0
81,48,2926.89,60.98,7,0.24,993,0
314,22,4522.52,205.57,9,0.93,438,1
165,34,3213.05,94.5,7,0.62,1558,1
199,18,916.9,50.94,0,0.4,1104,1
169,5,3998.55,799.71,0,0.73,954,1
74,21,3471.56,165.31,8,0.21,279,1
301,34,4889.92,143.82,4,0.09,152,1
277,17,1224.73,72.04,4,0.09,327,1
249,30,1672.3,55.74,9,0.58,86,1
129,22,4109.24,186.78,2,0.89,989,0
235,17,323.82,19.05,2,0.22,1574,1
347,13,3169.67,243.82,6,0.76,1390,1
237,13,2682.03,206.31,9,0.04,432,1
180,13,852.42,65.57,3,0.35,382,1
99,36,833.96,23.17,1,0.65,973,0
191,17,4052.89,238.41,0,0.83,1425,0
136,37,87.07,2.35,0,0.94,1424,0
223,16,3736.74,233.55,3,0.63,966,1
17,17,3666.01,215.65,5,0.46,484,0
70,46,3251.9,70.69,4,0.06,897,0
287,43,2053.49,47.76,2,0.28,1353,1
139,20,151.32,7.57,6,0.92,1609,0
158,14,4010.87,286.49,8,0.58,165,1
198,36,637.28,17.7,2,0.34,1419,1
160,4,1411.13,352.78,6,0.25,1373,1
277,23,4734.45,205.85,5,0.11,412,1
90,30,1516.29,50.54,6,0.75,144,0
277,34,1283.14,37.74,0,0.41,584,1
77,6,4867.12,811.19,6,0.94,527,0
135,1,438.8,438.8,7,0.45,233,1
214,14,811.85,57.99,6,0.82,490,1
323,6,2197.2,366.2,8,0.13,381,1
85,25,3940.49,157.62,7,0.15,1630,0
214,46,4422.95,96.15,9,0.27,184,0
24,15,3780.62,252.04,6,0.19,989,1
28,23,4881.11,212.22,4,0.98,615,0
280,11,94.06,8.55,8,0.81,1543,1
262,3,3101.34,1033.78,6,0.35,881,1
138,35,590.57,16.87,5,0.52,1075,0
227,13,4552.71,350.21,5,0.53,740,1
139,27,4677.18,173.23,3,0.61,1478,0
101,34,1522.11,44.77,6,0.1,1228,0
157,42,4140.27,98.58,4,0.35,1019,0
114,10,3155.08,315.51,1,0.09,741,1
297,29,511.44,17.64,4,0.92,837,1
150,45,3017.81,67.06,9,0.4,483,0
117,24,4880.52,203.36,3,0.73,1211,1
196,2,1547.39,773.7,6,0.92,559,1
276,13,15.69,1.21,4,0.31,544,1
100,39,4884.19,125.24,2,0.09,867,1
342,39,2075.78,53.23,3,0.34,1679,1
169,16,2160.35,135.02,9,0.67,818,1
241,10,3565.93,356.59,1,0.5,1660,1
349,15,3025.88,201.73,6,0.07,975,1
158,12,1516.91,126.41,8,0.07,160,1
73,37,508.89,13.75,1,0.7,1078,0
273,42,4138.54,98.54,7,0.74,1675,1
3,3,2422.05,807.35,6,0.11,1613,1
167,37,3365.65,90.96,3,0.79,356,0
357,37,4303.92,116.32,1,0.35,511,1
151,31,98.43,3.18,9,0.07,1252,1
250,43,4298.33,99.96,1,0.33,814,1
192,2,3761.46,1880.73,9,0.73,1507,1
79,35,4734.64,135.28,6,0.66,964,0
116,7,1175.62,167.95,8,0.48,463,1
191,44,1618.89,36.79,2,0.28,625,1
38,25,3310.78,132.43,0,0.42,232,0
152,5,4629.71,925.94,6,0.38,543,1
152,37,4963.42,134.15,3,0.39,1387,0
304,37,2089.52,56.47,5,0.49,428,1
46,23,2700.76,117.42,4,0.46,824,0
307,16,861.05,53.82,3,0.1,352,1
150,1,3472.94,3472.94,7,0.29,903,1
238,45,4188.48,93.08,5,0.13,1763,1
203,10,3995.26,399.53,6,0.6,1397,1
110,42,1735.76,41.33,6,0.42,1401,0
339,29,4816.69,166.09,6,0.67,485,1
82,34,610.53,17.96,3,0.09,581,0
14,35,2474.91,70.71,7,0.34,204,0
274,43,2777.44,64.59,2,0.18,1683,1
227,2,2687.2,1343.6,9,0.09,1749,1
325,49,3791.87,77.39,8,0.77,638,0
167,3,3051.94,1017.31,5,0.13,1285,1
7,49,394.88,8.06,1,0.17,408,0
8,13,907.46,69.8,9,0.37,1200,1
158,42,2665.87,63.47,5,0.29,200,0
91,5,3475.79,695.16,8,0.92,627,1
336,23,2575.73,111.99,0,0.99,735,1
44,27,1783.98,66.07,3,0.42,1817,0
321,47,265.16,5.64,2,0.2,868,1
79,7,3931.55,561.65,8,0.5,429,1
44,2,2491.0,1245.5,4,0.5,114,0
100,32,2698.56,84.33,1,0.47,349,0
53,3,2350.1,783.37,6,0.02,464,1
147,39,1334.07,34.21,1,0.13,601,0
121,2,1389.1,694.55,4,0.14,274,1
193,48,326.87,6.81,9,0.35,1356,1
196,27,3540.92,131.15,4,0.58,724,1
1,47,1366.65,29.08,4,0.88,455,0
46,7,1499.82,214.26,0,0.22,973,1
59,14,4967.57,354.83,4,0.77,591,0
71,23,1935.2,84.14,9,0.23,1257,1
35,2,2558.38,1279.19,9,0.03,980,1
115,6,1938.5,323.08,9,0.65,1703,1
201,17,1458.05,85.77,3,0.21,1196,1
113,37,39.2,1.06,0,0.92,688,0
120,35,4275.88,122.17,2,0.93,297,0
171,5,2371.04,474.21,2,0.11,212,1
200,3,3602.25,1200.75,0,0.19,1205,1
121,33,4793.7,145.26,7,0.21,89,0
81,18,24.13,1.34,5,0.91,713,0
150,39,3378.45,86.63,7,0.08,66,0
9,15,602.02,40.13,1,0.75,651,0
180,18,2295.25,127.51,6,0.29,1616,1
343,11,4235.44,385.04,0,0.58,171,1
145,14,366.76,26.2,7,0.18,1779,1
40,35,4948.17,141.38,8,0.81,1778,0
258,24,2908.37,121.18,2,0.67,1580,1
47,33,1981.02,60.03,3,0.02,1274,0
71,4,107.36,26.84,4,0.24,350,1
54,27,2938.25,108.82,5,0.47,209,0
322,23,2479.5,107.8,5,0.53,1679,1
358,45,1084.43,24.1,1,0.83,687,0
208,21,2457.33,117.02,3,0.39,837,1
225,6,73.82,12.3,5,0.93,173,1
235,35,4997.39,142.78,6,0.19,137,1
223,8,1667.25,208.41,6,0.86,1002,1
199,45,2406.31,53.47,6,0.9,757,0
360,19,3926.04,206.63,4,0.63,1286,1
267,39,3566.76,91.46,5,0.97,1527,0
33,33,4443.91,134.66,3,0.41,131,0
143,23,4707.22,204.66,2,0.7,1771,1
355,29,954.0,32.9,3,0.01,1685,1
147,9,1958.1,217.57,4,0.27,1059,1
75,4,3437.22,859.3,1,0.57,701,0
317,38,234.67,6.18,2,0.88,329,0
227,47,3587.56,76.33,1,0.95,451,0
205,43,34.37,0.8,4,0.58,1288,0
153,15,4571.3,304.75,4,0.86,263,0
46,18,3593.67,199.65,1,0.8,1763,0
140,18,2831.84,157.32,1,0.77,291,1
160,35,2150.22,61.43,5,0.11,1384,1
339,31,4940.24,159.36,2,0.48,1555,1
112,40,3685.19,92.13,8,0.49,560,0
55,47,4038.39,85.92,1,0.79,891,0
156,20,4128.67,206.43,4,0.59,1065,0
363,33,119.16,3.61,8,0.82,1463,1
176,25,282.88,11.32,1,0.96,121,1
139,47,999.84,21.27,4,0.55,437,0
243,18,3279.54,182.2,4,0.79,299,1
237,10,3123.51,312.35,5,0.56,600,1
109,19,1632.57,85.92,8,0.63,1238,0
353,31,4865.26,156.94,5,0.48,770,1
216,47,474.6,10.1,3,0.96,913,0
21,41,3885.83,94.78,3,0.82,845,0
149,1,2409.58,2409.58,6,0.75,39,1
336,25,2099.98,84.0,2,0.33,205,1
144,8,137.57,17.2,6,0.49,437,1
207,18,3641.72,202.32,3,0.86,110,1
223,47,3860.16,82.13,0,0.94,1505,0
257,49,1601.6,32.69,5,1.0,1817,0
318,8,2589.64,323.7,2,0.73,900,1
55,7,3036.15,433.74,3,0.73,1226,0
189,35,1844.55,52.7,3,0.09,131,1
195,21,3081.75,146.75,1,0.75,128,0
56,22,2176.29,98.92,2,0.35,1115,1
246,43,4391.57,102.13,9,0.86,1416,0
44,46,3595.38,78.16,3,0.01,1697,0
167,45,561.39,12.48,7,0.93,678,0
121,39,4000.02,102.56,4,0.48,781,0
57,49,1694.15,34.57,0,0.13,1459,0
300,36,4678.49,129.96,8,0.6,282,1
89,44,3020.82,68.66,9,0.69,1734,0
93,27,147.61,5.47,2,0.78,564,0
311,3,3674.47,1224.82,1,0.7,77,1
320,41,662.36,16.16,9,0.55,1448,1
13,46,4387.56,95.38,0,0.08,1760,0
102,16,4742.17,296.39,8,0.86,894,0
259,21,3479.33,165.68,1,0.98,327,1
284,29,2669.04,92.04,8,0.78,301,1
364,32,3014.29,94.2,9,0.03,563,1
202,34,2149.99,63.23,2,0.76,988,0
3,20,427.08,21.35,2,0.27,1155,0
319,42,4644.93,110.59,1,0.96,1283,0
59,40,1652.64,41.32,7,0.06,1315,0
44,47,1571.11,33.43,3,0.09,462,0
246,29,964.71,33.27,6,0.18,335,1
220,4,4962.12,1240.53,6,0.75,1737,1
22,42,4713.4,112.22,5,0.65,275,0
62,4,1753.67,438.42,2,0.73,944,0
215,10,1307.43,130.74,3,0.35,544,1
93,14,4028.79,287.77,5,0.88,1342,0
249,10,2118.82,211.88,0,0.45,614,1
150,36,4839.26,134.42,4,0.13,210,0
215,22,4507.07,204.87,7,0.77,601,1
173,11,3799.66,345.42,4,0.53,210,1
133,1,458.72,458.72,3,0.59,337,1
125,11,3513.62,319.42,8,0.39,878,1
254,34,4936.4,145.19,5,0.71,1772,1
188,39,1872.73,48.02,7,0.04,395,1
217,15,4409.03,293.94,0,0.49,1462,1
211,4,2046.63,511.66,9,0.43,964,1
76,28,4856.91,173.46,7,0.75,1789,0
333,39,3271.42,83.88,8,0.27,964,1
205,4,491.54,122.88,6,0.23,216,1
262,39,2400.44,61.55,5,0.32,766,1
322,9,258.15,28.68,5,0.48,165,1
337,13,1981.43,152.42,6,0.21,428,1
243,31,4577.75,147.67,4,0.68,992,1
287,3,1168.69,389.56,7,0.33,1645,1
172,15,4753.33,316.89,3,0.42,1132,1
269,7,508.62,72.66,7,0.56,684,1
118,11,3327.41,302.49,3,0.38,1170,1
260,38,4828.77,127.07,4,0.7,468,0
32,12,3274.23,272.85,0,0.66,197,0
333,3,4496.03,1498.68,9,0.76,1347,1
90,11,4955.24,450.48,6,0.52,1544,0
239,5,3212.8,642.56,2,0.37,1129,1
5,31,3913.5,126.24,0,0.2,909,0
57,48,169.61,3.53,8,0.44,851,0
360,9,2142.28,238.03,0,0.87,690,1
304,36,1448.44,40.23,4,0.12,1770,1
81,18,4122.68,229.04,0,0.22,935,0
48,4,3391.11,847.78,6,0.67,1595,1
297,34,3075.93,90.47,2,0.57,102,1
361,11,4658.48,423.5,4,0.92,662,1
62,26,453.45,17.44,5,0.03,416,1
242,25,4769.67,190.79,3,0.88,239,1
104,30,512.82,17.09,6,0.73,1822,0
271,7,1741.62,248.8,5,0.78,123,1
153,13,3155.07,242.7,4,0.38,1021,1
46,37,1713.97,46.32,3,0.31,420,0
119,46,3415.86,74.26,4,0.01,170,0
197,1,3879.34,3879.34,3,0.79,1793,1
291,21,4144.24,197.34,5,0.16,555,1
8,44,904.93,20.57,7,0.23,660,0
349,15,918.56,61.24,5,0.28,361,1
237,22,271.05,12.32,0,0.87,1261,1
319,45,2459.35,54.65,8,0.29,1689,1
339,48,696.29,14.51,7,0.43,638,1
56,33,1599.8,48.48,8,0.75,1477,0
35,35,4203.77,120.11,0,0.89,764,0
283,31,4743.81,153.03,8,0.79,1011,1
69,14,4112.16,293.73,4,0.54,1466,1
54,44,13.24,0.3,8,0.0,1738,1
171,2,2844.44,1422.22,7,0.16,1122,1
333,3,841.63,280.54,8,0.25,699,1
290,30,1884.98,62.83,1,0.41,871,1
189,42,2145.32,51.08,5,0.36,1582,1
72,40,4715.27,117.88,7,0.51,664,0
123,34,3172.36,93.3,5,0.41,869,0
251,19,1345.6,70.82,8,0.73,1421,1
58,18,3217.55,178.75,7,0.05,1553,1
191,21,4759.81,226.66,0,0.99,831,1
5,13,305.2,23.48,1,0.84,1646,0
119,21,4081.78,194.37,6,0.33,1577,0
91,6,1092.32,182.05,3,0.4,861,1
248,16,774.01,48.38,3,0.96,527,1
333,47,4495.35,95.65,9,0.94,349,1
54,35,19.23,0.55,0,0.39,246,0
291,7,3708.02,529.72,5,0.06,375,1
239,15,445.27,29.68,3,0.99,153,1
354,13,3093.8,237.98,0,0.65,548,1
332,14,3108.28,222.02,3,0.69,1809,1
37,34,4315.25,126.92,4,0.27,430,0
271,44,4114.81,93.52,4,0.82,720,0
216,35,3428.97,97.97,1,0.56,726,0
42,24,1908.93,79.54,7,0.47,962,1
94,8,840.36,105.04,3,0.74,939,1
338,8,3182.06,397.76,5,0.37,1073,1
198,40,2489.88,62.25,5,0.43,186,1
124,34,398.93,11.73,5,0.65,606,0
117,26,4778.25,183.78,5,0.64,1662,0
305,29,1578.95,54.45,3,0.97,1782,1
104,42,20.68,0.49,4,0.56,34,0
58,40,4509.43,112.74,5,0.32,1161,0
209,5,2889.48,577.9,0,0.29,278,1
362,20,3667.97,183.4,7,0.53,991,1
67,3,771.8,257.27,4,0.12,45,1
93,19,2028.98,106.79,2,0.59,1387,0
171,32,3228.86,100.9,0,0.39,1800,0
73,11,1262.31,114.76,3,0.35,251,1
237,8,3510.48,438.81,4,0.19,767,1
93,25,1175.74,47.03,8,0.5,378,1
47,26,1053.55,40.52,6,0.04,381,1
96,35,68.01,1.94,4,0.61,1453,0
339,1,1416.71,1416.71,1,0.29,243,1
341,13,1241.22,95.48,2,0.91,252,1
185,39,3824.14,98.05,9,0.53,694,0
146,34,2852.85,83.91,1,0.78,584,0
299,45,897.34,19.94,6,0.85,1781,0
71,40,2844.96,71.12,5,0.88,738,0
239,42,1134.96,27.02,2,0.87,1014,0
248,26,2133.26,82.05,8,0.23,215,1
259,47,4442.16,94.51,3,0.3,665,1
80,21,3599.09,171.39,6,0.71,399,0
261,45,3258.99,72.42,0,0.54,684,0
223,20,1414.6,70.73,9,0.61,575,1
319,22,631.66,28.71,0,0.68,240,1
64,34,3767.22,110.8,3,0.11,1025,0
224,20,2843.77,142.19,9,0.17,958,1
302,8,3117.57,389.7,6,0.64,961,1
102,44,4875.82,110.81,6,0.63,791,0
271,23,1748.12,76.01,3,0.82,972,1
37,46,4005.73,87.08,7,0.69,1338,0
262,20,2799.19,139.96,9,0.21,499,1
221,48,1183.95,24.67,6,0.07,374,1
71,30,273.91,9.13,2,0.39,1246,0
25,38,3083.89,81.16,9,0.37,276,0
272,38,1495.1,39.34,0,0.77,660,0
88,10,3480.44,348.04,8,0.67,1073,1
182,40,3506.63,87.67,0,0.87,1079,0
23,47,2282.75,48.57,0,0.5,1361,0
351,33,2686.62,81.41,0,0.29,876,1
200,47,3136.47,66.73,1,0.5,923,0
340,42,2348.34,55.91,7,0.22,109,1
59,33,4388.08,132.97,3,0.06,1448,0
75,24,388.91,16.2,0,0.5,455,0
223,43,4899.29,113.94,3,0.41,1539,0
221,10,176.92,17.69,9,0.03,1186,1
288,28,1048.4,37.44,5,0.72,1675,1
338,40,3544.46,88.61,7,0.64,1600,1
300,47,433.95,9.23,2,0.07,708,1
52,14,1318.24,94.16,5,0.71,737,0
113,5,778.34,155.67,7,0.08,1653,1
333,17,3620.62,212.98,6,0.52,1615,1
200,43,2898.88,67.42,0,0.62,1302,0
316,26,331.75,12.76,6,0.5,1687,1
205,3,2306.07,768.69,7,0.75,1151,1
19,6,1050.43,175.07,1,0.39,74,1
173,17,4838.82,284.64,3,0.21,1024,1
301,17,548.51,32.27,6,0.49,694,1
239,7,2994.3,427.76,0,0.34,65,1
49,25,2414.42,96.58,7,0.15,1027,1
77,24,2894.64,120.61,8,0.47,1035,0
311,10,4782.9,478.29,5,0.2,1343,1
357,12,1713.0,142.75,4,0.47,1428,1
275,33,3746.34,113.53,0,0.59,608,0
36,47,2242.86,47.72,7,0.78,1804,0
226,49,3307.2,67.49,9,0.85,822,0
302,28,1834.63,65.52,8,0.67,807,1
234,2,1143.34,571.67,5,0.89,354,1
217,44,427.25,9.71,0,0.56,1807,0
171,47,517.74,11.02,2,0.71,737,0
90,14,4797.56,342.68,2,0.77,337,0
103,20,3944.4,197.22,0,0.82,1549,0
272,2,1232.35,616.17,1,0.75,1749,1
26,40,2650.44,66.26,5,0.9,414,0
31,39,3574.02,91.64,0,0.47,1088,0
145,2,1769.16,884.58,0,0.95,1654,0
282,35,2205.54,63.02,9,0.4,1219,1
240,21,3594.73,171.18,6,0.07,813,1
215,27,1145.0,42.41,8,0.18,1059,1
195,11,2636.46,239.68,2,0.56,212,1
41,40,1058.34,26.46,3,0.01,1794,0
121,20,25.36,1.27,6,0.16,951,1
29,42,3454.42,82.25,6,0.37,109,0
276,8,3539.25,442.41,3,0.62,636,1
274,29,4978.66,171.68,9,0.17,766,1
94,16,913.27,57.08,7,0.57,1815,1
107,48,3700.51,77.09,2,0.66,1601,0
116,28,4740.36,169.3,0,0.76,575,0
324,36,3226.46,89.62,0,0.66,329,1
178,5,4816.07,963.21,8,0.25,106,1
278,34,4972.26,146.24,8,1.0,1052,1
164,5,4010.11,802.02,4,0.89,829,1
255,18,4996.44,277.58,7,0.37,969,1
193,11,3132.86,284.81,8,0.03,519,1
102,1,2490.31,2490.31,1,0.53,1479,1
319,29,4589.0,158.24,9,0.87,957,1
259,12,4156.47,346.37,4,0.82,1678,1
281,26,559.46,21.52,4,0.9,460,0
346,38,1520.59,40.02,1,0.97,494,1
91,9,1310.62,145.62,6,0.71,1082,1
34,35,4277.76,122.22,6,0.16,1274,0
212,15,1173.89,78.26,0,0.04,559,1
119,17,1527.18,89.83,6,0.15,1013,1
159,29,2598.76,89.61,1,0.2,947,1
86,31,389.84,12.58,2,0.06,1219,1
146,33,4806.54,145.65,6,0.45,1172,1
144,10,2460.4,246.04,7,0.78,389,1
128,29,960.26,33.11,1,0.0,234,1
271,13,1361.4,104.72,4,0.8,519,1
216,14,3992.44,285.17,2,0.93,256,1
173,47,3173.69,67.53,7,0.15,1016,1
42,5,2328.48,465.7,8,0.02,949,1
208,21,1664.69,79.27,6,0.48,35,1
64,22,4504.41,204.75,7,0.87,1510,0
115,13,3865.1,297.32,4,0.74,1315,0
152,39,3593.38,92.14,5,0.03,867,1
52,24,2235.54,93.15,2,0.67,320,0
142,36,4905.99,136.28,9,0.82,318,0
98,19,3553.25,187.01,2,0.27,1701,1
310,44,2123.89,48.27,9,0.65,453,1
313,36,4803.15,133.42,7,0.49,1574,1
2,17,4479.67,263.51,9,0.21,1220,0
220,48,3702.43,77.13,6,0.9,1148,0
234,43,3837.31,89.24,3,0.22,1530,1
138,29,2123.9,73.24,2,0.84,1629,0
171,1,2541.68,2541.68,1,0.7,515,1
288,29,965.82,33.3,9,0.22,1802,1
138,34,2981.03,87.68,1,0.71,260,0
24,18,1855.88,103.1,8,0.03,1421,1
136,8,1743.72,217.96,6,0.24,723,1
93,28,4741.66,169.34,1,0.29,1154,0
140,40,832.27,20.81,9,0.89,1528,0
84,16,4151.57,259.47,1,0.92,836,0
55,23,1414.53,61.5,1,0.27,176,0
359,1,152.99,152.99,5,0.47,1490,1
47,35,211.91,6.05,1,0.98,266,0
258,43,2151.6,50.04,1,0.67,1294,1
262,39,2277.76,58.4,6,0.07,819,1
225,22,1608.05,73.09,9,0.39,878,1
332,3,3347.21,1115.74,0,0.42,500,1
2,25,2431.86,97.27,6,0.31,927,0
110,47,379.82,8.08,6,0.52,365,0
68,5,1746.88,349.38,0,0.74,440,1
211,11,518.79,47.16,1,0.69,879,1
232,42,323.95,7.71,4,0.35,1445,0
327,28,1049.45,37.48,6,0.74,952,1
139,9,3505.87,389.54,2,0.53,1606,1
86,2,3483.05,1741.52,4,0.77,522,1
337,21,4308.33,205.16,4,0.11,59,1
245,30,3784.53,126.15,7,0.4,582,1
279,42,2682.12,63.86,2,0.39,230,1
162,44,1569.93,35.68,6,0.35,968,1
163,23,39.0,1.7,8,0.7,1809,0
142,21,3239.22,154.25,5,0.56,907,1
273,46,1455.67,31.65,7,0.39,349,1
77,39,1258.0,32.26,1,0.54,1077,0
356,11,4874.38,443.13,9,0.7,1352,1
65,34,879.46,25.87,3,0.68,1592,0
168,36,171.85,4.77,1,0.76,893,0
115,12,4747.46,395.62,5,0.85,791,1
234,48,1536.97,32.02,3,0.74,965,0
248,15,1973.17,131.54,4,0.18,413,1
335,27,413.87,15.33,8,0.85,224,1
288,25,2026.29,81.05,5,0.33,1415,1
91,34,4861.38,142.98,3,0.67,277,0
76,45,3473.16,77.18,8,0.99,1266,0
323,20,2374.39,118.72,3,0.29,1067,1
178,19,1544.28,81.28,9,0.27,876,1
36,37,1836.56,49.64,9,0.18,707,0
301,47,3060.03,65.11,4,0.98,1795,0
237,45,1279.71,28.44,7,0.43,1461,0
10,37,768.22,20.76,7,0.78,323,0
285,35,3484.18,99.55,8,0.05,1774,1
222,38,4348.65,114.44,4,0.18,262,1
224,46,4508.68,98.01,4,0.06,1488,1
315,1,4208.68,4208.68,2,0.82,795,1
181,29,2657.69,91.64,5,0.11,758,1
168,2,3946.27,1973.14,6,0.92,935,1
225,29,4632.52,159.74,4,0.66,895,1
72,20,126.58,6.33,3,0.91,256,0
56,15,2066.37,137.76,4,0.41,311,1
308,44,1028.59,23.38,5,0.53,1350,0
79,35,4983.88,142.4,1,0.03,1278,0
184,28,4648.53,166.02,6,0.47,735,1
99,44,4012.91,91.2,8,0.59,833,0
84,5,1486.44,297.29,3,0.1,717,1
218,32,4760.99,148.78,3,0.98,1569,1
293,8,155.96,19.5,0,0.0,154,1
161,12,948.32,79.03,5,0.27,1200,1
51,10,3088.2,308.82,4,0.62,582,0
89,27,3967.1,146.93,8,0.5,336,1
60,31,4419.32,142.56,9,0.24,312,0
322,38,1509.54,39.72,7,0.99,767,1
117,22,1960.11,89.1,2,0.19,290,1
137,47,2279.59,48.5,1,0.57,1245,0
26,19,144.6,7.61,4,0.12,618,1
163,8,4321.21,540.15,6,0.06,1569,1
333,2,1696.36,848.18,0,0.49,291,1
150,7,1004.4,143.49,4,0.8,659,1
238,22,2051.89,93.27,0,0.53,716,1
67,21,3555.71,169.32,2,0.29,1231,0
53,42,4355.87,103.71,3,0.02,561,0
267,7,1084.73,154.96,0,0.94,341,1
24,13,871.34,67.03,2,0.21,758,0
164,49,4719.48,96.32,6,0.57,1653,0
116,2,2758.96,1379.48,9,0.02,1491,1
6,21,1835.2,87.39,7,0.1,1062,0
194,10,1004.6,100.46,3,0.17,1817,1
351,27,4976.29,184.31,9,0.11,1409,1
26,48,3598.73,74.97,4,0.53,1404,0
297,12,1097.25,91.44,3,0.4,742,1
197,19,465.38,24.49,8,0.8,919,1
264,23,1004.42,43.67,3,0.12,1718,1
36,40,1246.24,31.16,7,0.43,1692,0
317,49,564.32,11.52,1,0.43,1322,1
5,5,1155.96,231.19,3,0.23,204,0
331,24,592.73,24.7,9,0.1,305,1
240,37,1894.88,51.21,2,0.01,850,1
123,1,2436.11,2436.11,8,0.02,1017,1
3,40,2281.87,57.05,4,0.4,1149,0
223,12,4147.76,345.65,9,0.05,517,1
32,26,1277.44,49.13,4,0.39,1430,0
222,48,4436.6,92.43,4,0.44,1525,0
282,32,4541.53,141.92,3,0.45,404,1
98,49,4799.4,97.95,2,0.19,1435,0
87,30,913.11,30.44,8,0.5,300,1
81,11,1236.3,112.39,5,0.39,917,1
82,34,3122.92,91.85,5,0.99,1605,0
42,31,713.05,23.0,3,0.05,571,0
91,16,437.25,27.33,7,0.05,1259,1
240,4,377.75,94.44,3,0.82,1560,1
111,32,3034.69,94.83,2,0.27,910,1
285,29,4025.34,138.8,0,0.18,1556,1
299,38,1301.84,34.26,8,0.87,1174,1
277,7,4668.33,666.9,0,0.53,936,1
197,27,3961.76,146.73,8,0.62,242,1
116,41,396.53,9.67,3,0.01,1317,0
339,44,2042.44,46.42,0,0.26,587,1
75,47,349.39,7.43,9,0.26,542,0
170,11,4576.82,416.07,7,0.76,1680,1
166,9,3716.58,412.95,7,0.39,656,1
272,29,3435.86,118.48,5,0.58,675,1
200,23,3416.68,148.55,7,0.93,1724,1
292,12,1433.06,119.42,1,0.98,549,1
335,6,4668.36,778.06,2,0.13,1351,1
143,8,4614.66,576.83,5,0.56,963,1
319,17,3700.05,217.65,7,0.7,159,1
62,37,2349.96,63.51,5,0.78,1074,0
334,4,245.11,61.28,4,0.92,851,1
65,6,151.27,25.21,6,0.73,1332,0
310,13,699.29,53.79,0,0.69,740,1
143,43,2982.87,69.37,5,0.05,461,0
352,49,3992.52,81.48,3,0.54,444,0
48,22,4742.84,215.58,4,0.6,977,0
170,3,885.06,295.02,1,0.7,1815,0
329,1,1384.88,1384.88,9,0.58,838,1
18,43,279.96,6.51,8,0.41,273,0
97,22,4945.35,224.79,9,0.49,1505,1
31,4,3906.77,976.69,8,0.97,594,0
117,41,2408.76,58.75,6,0.33,791,0
143,26,2882.07,110.85,2,0.78,1553,0
226,18,2815.25,156.4,1,0.61,229,1
94,23,1279.26,55.62,6,0.44,267,1
58,12,935.1,77.92,9,0.41,391,1
62,46,1491.91,32.43,3,0.54,705,0
342,39,1243.3,31.88,9,0.8,1569,1
347,10,2792.07,279.21,1,0.12,1168,1
81,37,1547.93,41.84,2,0.91,1422,0
72,9,3647.43,405.27,6,0.77,634,1
20,23,2844.02,123.65,4,0.35,770,0
350,37,2666.0,72.05,7,0.01,763,1
258,2,4756.96,2378.48,3,0.11,233,1
277,36,1618.82,44.97,7,0.14,1017,1
106,12,3180.0,265.0,3,0.1,626,1
234,35,10.25,0.29,1,0.1,1740,1
22,25,3687.25,147.49,5,0.96,1270,0
247,2,2517.69,1258.84,5,0.66,1593,1
211,38,1049.84,27.63,5,0.82,380,0
121,13,17.54,1.35,0,0.56,230,0
259,47,3537.65,75.27,4,0.62,813,0
236,42,3316.88,78.97,0,0.88,1052,0
160,10,3330.38,333.04,8,0.26,1034,1
68,30,2192.9,73.1,0,0.69,1202,0
9,18,3200.09,177.78,9,0.9,1524,0
342,30,2860.96,95.37,0,0.94,614,0
103,28,1202.09,42.93,6,0.44,553,0
110,15,2598.65,173.24,3,0.86,504,0
248,32,2577.82,80.56,1,0.5,681,1
93,13,4119.88,316.91,3,0.26,1102,1
137,45,2173.11,48.29,0,0.25,1471,0
259,47,2186.07,46.51,6,0.45,774,1
217,9,4922.18,546.91,8,0.26,780,1
239,36,4473.37,124.26,3,0.03,1654,1
2,46,1219.01,26.5,4,0.11,645,0
165,7,4552.36,650.34,1,0.85,323,1
173,37,698.45,18.88,4,0.88,648,0
231,46,4268.42,92.79,9,0.87,103,0
56,12,924.78,77.06,5,0.55,686,0
59,29,2133.76,73.58,8,0.94,1644,0
278,40,4919.77,122.99,7,0.5,1484,1
246,17,494.27,29.07,1,0.46,1638,1
296,12,4200.54,350.04,0,0.47,568,1
99,20,2478.72,123.94,3,0.25,778,0
364,17,563.85,33.17,9,0.61,1552,1
100,36,4762.93,132.3,1,0.45,1383,0
237,19,2750.66,144.77,0,0.97,362,0
60,19,4404.4,231.81,9,0.17,1548,0
335,47,4346.84,92.49,1,0.08,214,1
121,29,83.03,2.86,3,0.35,487,1
293,46,1331.56,28.95,7,0.22,986,1
121,35,1691.24,48.32,0,0.99,1204,0
288,44,2678.97,60.89,1,0.56,1462,1
166,10,368.61,36.86,7,0.36,1353,1
23,46,1950.94,42.41,0,0.64,540,0
70,47,4075.04,86.7,7,0.45,671,0
249,2,874.22,437.11,5,0.21,1325,1
71,18,3509.37,194.96,2,0.39,1728,1
101,21,2307.04,109.86,6,0.29,1587,1
198,21,362.82,17.28,3,0.64,1766,1
93,39,895.1,22.95,9,0.82,1242,0
47,35,713.74,20.39,4,0.26,903,0
228,11,3102.39,282.04,7,0.62,1406,1
251,30,445.75,14.86,2,0.71,166,1
267,48,4117.0,85.77,8,0.37,1710,1
344,22,4035.23,183.42,2,0.49,1679,1
46,46,409.51,8.9,5,0.36,935,0
156,32,4442.1,138.82,8,0.37,968,0
86,46,4796.21,104.27,9,0.45,980,0
329,45,226.91,5.04,7,0.3,279,1
197,1,4752.14,4752.14,6,0.49,399,1
36,40,1404.52,35.11,6,0.75,1344,0
252,10,3327.16,332.72,4,0.39,88,1
16,41,882.33,21.52,6,0.95,1263,0
100,40,4089.1,102.23,5,0.22,577,0
263,13,4211.15,323.93,5,0.45,281,1
185,4,4891.92,1222.98,3,0.6,1100,1
278,21,4962.74,236.32,3,0.54,523,1
208,15,388.53,25.9,1,0.95,832,1
307,28,3293.24,117.62,7,0.32,1581,1
205,5,1372.5,274.5,0,0.38,1282,1
21,3,636.63,212.21,1,0.6,1770,0
26,22,752.49,34.2,2,0.6,742,0
283,38,4682.82,123.23,1,0.79,757,0
15,16,3421.41,213.84,7,0.79,1263,0
138,16,261.8,16.36,1,0.01,271,1
6,9,4921.31,546.81,4,0.76,1568,0
111,14,4040.98,288.64,7,0.72,661,0
217,15,1552.8,103.52,5,0.59,873,1
63,13,2359.62,181.51,5,0.32,941,1
170,17,3635.61,213.86,3,0.91,149,1
363,14,3383.4,241.67,4,0.74,569,1
26,34,2320.77,68.26,7,0.26,280,0
24,17,2566.83,150.99,4,0.31,1127,0
99,37,225.61,6.1,6,0.71,1298,0
302,30,2508.16,83.61,8,0.92,44,1
148,32,1707.83,53.37,2,0.49,44,1
233,29,1432.41,49.39,1,0.88,1495,0
13,46,1355.42,29.47,4,0.38,630,0
268,13,3248.25,249.87,3,0.4,1546,1
25,49,2152.0,43.92,1,0.69,1211,0
260,11,2134.75,194.07,7,0.05,1436,1
54,7,804.34,114.91,6,0.14,719,1
313,41,4809.7,117.31,6,0.73,574,1
108,44,1127.39,25.62,7,0.24,1326,0
67,5,2036.48,407.3,4,0.18,1165,1
123,30,959.12,31.97,5,0.09,1053,0
1,26,3518.68,135.33,2,0.22,685,0
61,11,2186.28,198.75,7,0.25,1131,1
218,26,2074.11,79.77,9,0.34,728,1
110,34,4376.72,128.73,8,0.94,1627,0
129,29,3799.8,131.03,4,0.64,1302,0
294,26,2604.18,100.16,0,0.69,742,1
46,44,2348.27,53.37,8,0.13,1544,0
145,12,4799.91,399.99,5,0.19,157,1
68,31,4782.75,154.28,7,0.9,1521,0
176,16,3526.81,220.43,3,0.63,774,1
121,48,3803.14,79.23,8,0.81,444,0
17,13,4496.47,345.88,8,0.36,1520,0
26,43,4821.9,112.14,0,0.58,1211,0
311,31,420.55,13.57,5,0.5,163,1
21,11,4986.72,453.34,4,0.21,509,1
285,38,3518.08,92.58,6,0.82,839,1
334,12,2967.8,247.32,2,0.33,1158,1
170,13,2071.7,159.36,0,0.47,1477,1
114,17,1688.59,99.33,2,0.13,689,1
283,34,4023.01,118.32,5,0.64,1481,1
358,20,3275.63,163.78,2,0.79,1447,1
44,28,1011.52,36.13,4,0.41,708,0
352,28,3053.46,109.05,3,0.98,1712,1
344,10,714.42,71.44,6,0.26,1724,1
52,12,2489.41,207.45,4,0.87,550,0
20,16,2921.45,182.59,1,0.72,1028,0
261,11,3182.06,289.28,6,0.93,1589,1
29,46,734.86,15.98,2,0.74,997,0
219,19,487.04,25.63,3,0.49,1358,1
24,20,1300.95,65.05,7,0.41,1464,0
252,33,3039.08,92.09,2,0.83,1046,1
85,39,4659.1,119.46,0,0.84,675,0
36,34,3897.83,114.64,3,0.59,972,0
25,28,3731.1,133.25,3,0.7,1523,0
69,48,1657.86,34.54,6,0.46,603,0
197,45,567.42,12.61,7,0.22,1545,1
28,10,4460.78,446.08,0,0.05,394,0
293,8,2509.26,313.66,7,0.65,859,1
220,20,511.55,25.58,7,0.67,179,1
109,41,2679.49,65.35,1,0.67,1562,0
360,48,3380.3,70.42,3,0.56,1308,1
240,35,1606.3,45.89,7,0.34,242,1
245,34,56.15,1.65,5,0.24,429,1
64,12,3111.82,259.32,3,0.07,977,1
259,30,210.08,7.0,7,0.15,919,1
204,10,2169.64,216.96,6,0.63,232,1
359,27,4125.63,152.8,5,0.77,1627,1
174,10,4994.25,499.42,0,0.91,857,0
247,4,1857.81,464.45,6,0.08,1234,1
125,48,110.43,2.3,1,0.81,1380,0
15,44,2469.59,56.13,9,0.6,333,0
47,34,1388.61,40.84,1,0.3,628,0
316,31,4464.95,144.03,0,0.73,1348,1
269,12,3560.4,296.7,3,0.99,1418,1
133,29,2027.57,69.92,3,0.38,415,0
255,37,3812.52,103.04,3,0.63,603,0
2,27,1712.62,63.43,9,0.26,1429,0
14,14,2613.6,186.69,2,0.21,647,0
185,20,4614.7,230.74,8,0.15,169,1
228,42,1008.78,24.02,1,0.03,923,1
342,13,1572.16,120.94,6,0.72,284,1
277,48,4429.11,92.27,1,0.15,1096,1
94,38,2314.77,60.92,2,0.68,1706,0
297,44,1596.27,36.28,1,0.87,211,0
179,25,196.12,7.84,3,0.85,533,0
301,11,2100.58,190.96,4,0.3,1046,1
64,2,2508.0,1254.0,8,0.12,300,1
10,27,2037.6,75.47,7,0.44,990,0
22,20,1394.52,69.73,6,0.18,415,0
361,6,1851.96,308.66,4,0.37,1171,1
30,46,3215.8,69.91,2,0.57,678,0
342,48,4457.49,92.86,2,0.64,1691,0
265,19,3251.88,171.15,1,0.22,1533,1
54,33,3234.35,98.01,6,0.23,1813,0
315,21,4086.21,194.58,7,0.87,303,1
53,25,834.06,33.36,5,0.94,1732,0
53,31,1512.48,48.79,5,0.64,58,0
210,21,262.45,12.5,3,0.56,423,1
105,40,1754.69,43.87,9,0.66,1582,0
106,10,4994.13,499.41,8,0.13,1577,1
71,33,1653.27,50.1,4,0.9,567,0
222,49,4300.27,87.76,7,0.21,1540,0
10,42,438.03,10.43,3,0.67,168,0
90,3,2303.96,767.99,1,0.22,633,1
202,6,1763.8,293.97,2,0.71,79,1
178,31,1015.9,32.77,8,0.75,958,0
255,46,1868.81,40.63,4,0.74,1644,1
79,42,3259.88,77.62,8,0.43,1131,0
236,45,2456.64,54.59,3,0.61,969,0
277,8,4223.23,527.9,4,0.6,385,1
142,26,4525.68,174.06,0,0.72,1125,0
94,36,2414.65,67.07,7,0.5,611,0
203,31,4908.81,158.35,3,0.51,1135,0
211,39,369.38,9.47,0,0.68,264,0
35,11,1388.93,126.27,2,0.17,967,1
206,23,2089.39,90.84,6,0.65,923,0
57,22,2917.68,132.62,8,0.15,1410,0
208,47,2734.19,58.17,9,0.72,1661,0
340,10,2844.2,284.42,2,0.39,1656,1
196,16,4482.29,280.14,5,0.84,643,1
278,2,1395.05,697.52,4,0.09,1180,1
113,8,4086.1,510.76,7,0.46,1202,1
336,49,2794.42,57.03,6,0.17,1544,1
296,42,2457.55,58.51,0,0.87,1478,0
334,13,1504.07,115.7,1,0.13,47,1
270,35,1527.3,43.64,5,0.49,1467,1
237,30,1948.51,64.95,5,0.11,891,1
192,45,3819.92,84.89,8,0.8,1736,0
338,15,2388.9,159.26,8,0.28,1114,1
309,49,777.63,15.87,0,0.59,724,1
152,19,3801.72,200.09,5,0.17,391,1
32,36,3320.27,92.23,4,0.35,1733,0
2,20,4746.7,237.33,4,0.11,317,0
85,33,2651.78,80.36,0,0.55,191,0
23,17,3275.57,192.68,8,0.0,274,1
77,42,2401.86,57.19,1,0.99,1020,0
40,32,3407.09,106.47,9,0.42,541,0
358,15,2186.22,145.75,9,0.63,1072,1
35,48,697.9,14.54,8,0.29,1508,0
229,35,4933.55,140.96,1,0.25,552,1
129,22,3604.61,163.85,4,0.85,79,0
64,7,3047.04,435.29,0,0.76,674,0
256,48,2412.29,50.26,6,0.64,1111,0
354,37,3560.03,96.22,8,0.75,1337,1
288,33,642.61,19.47,5,0.18,152,1
355,41,1637.31,39.93,0,0.93,1606,1
215,30,632.25,21.08,3,0.45,1094,1
246,12,638.87,53.24,1,0.87,894,1
54,12,116.52,9.71,4,0.74,482,0
311,4,3781.91,945.48,3,0.29,1751,1
273,4,1144.27,286.07,8,0.57,312,1
93,36,4161.72,115.6,2,0.97,835,0
130,42,4523.13,107.69,3,0.04,866,0
223,9,851.14,94.57,2,0.43,1011,1
5,29,3547.23,122.32,8,0.62,444,0
298,7,2306.93,329.56,2,0.34,1723,1
103,21,4595.62,218.84,9,0.32,708,0
28,39,2427.24,62.24,6,0.75,1308,0
121,40,1900.58,47.51,3,0.92,1166,0
305,47,1479.88,31.49,5,0.54,394,0
100,16,4519.07,282.44,1,0.95,1710,0
197,47,1138.63,24.23,9,0.1,855,0
296,39,4140.3,106.16,9,0.23,1138,1
13,17,979.0,57.59,2,0.09,1189,0
277,17,3220.55,189.44,1,0.44,940,1
106,6,2260.82,376.8,4,0.63,1175,1
254,46,532.0,11.57,7,0.2,1029,1
69,10,638.41,63.84,6,0.45,1359,1
51,14,1414.73,101.05,0,0.68,877,0
287,21,3835.59,182.65,0,0.64,1488,1
295,7,3647.41,521.06,2,0.63,1040,1
358,40,1033.55,25.84,7,0.61,1822,1
247,35,2386.25,68.18,2,0.99,1053,0
170,8,493.96,61.74,8,0.71,1089,1
71,8,3582.57,447.82,2,0.91,913,0
108,2,3968.58,1984.29,8,0.95,743,1
236,47,4468.62,95.08,9,0.86,1445,0
126,22,4429.87,201.36,7,0.1,1168,1
176,33,1696.08,51.4,1,0.53,731,0
62,8,1280.12,160.01,0,0.38,1478,0
160,12,4483.98,373.66,1,0.1,224,1
87,27,738.57,27.35,6,0.56,141,0
41,11,306.13,27.83,6,0.21,1184,0
49,31,1578.07,50.91,9,0.58,852,0
189,46,3803.9,82.69,9,0.82,1458,0
134,15,3474.06,231.6,3,0.39,1222,1
37,30,4935.41,164.51,3,0.95,1430,0
188,45,1804.07,40.09,7,0.77,506,0
60,44,1386.48,31.51,7,0.8,482,0
6,1,1897.26,1897.26,3,0.11,481,1
49,6,3913.46,652.24,0,0.94,1191,0
164,49,1079.36,22.03,0,0.03,1240,0
348,46,4739.26,103.03,8,0.84,1822,1
88,16,2567.62,160.48,3,0.03,419,1
104,26,3917.89,150.69,7,0.16,217,1
89,29,4138.04,142.69,8,0.32,1749,1
130,33,2399.29,72.71,8,0.74,968,0
262,37,3709.44,100.26,4,0.9,688,0
118,19,1829.82,96.31,6,0.67,578,0
240,44,4056.53,92.19,1,0.73,1615,0
327,3,4121.28,1373.76,9,0.29,1450,1
345,2,2835.37,1417.68,8,0.98,344,1
205,47,1098.56,23.37,3,0.41,612,0
260,9,4851.41,539.05,3,0.91,1592,1
335,49,4735.43,96.64,7,0.78,1346,1
287,15,3102.9,206.86,4,0.37,1493,1
110,18,4919.57,273.31,7,0.34,318,1
49,2,2518.95,1259.47,0,0.68,1069,1
42,47,1883.67,40.08,2,0.94,150,0
322,18,2307.91,128.22,7,0.67,838,1
203,9,239.08,26.56,9,0.86,216,1
108,24,2750.12,114.59,0,0.97,511,0
126,8,3334.5,416.81,7,0.33,497,1
103,39,556.5,14.27,0,0.54,368,0
292,4,1285.43,321.36,8,0.61,1554,1
223,25,3608.71,144.35,2,0.22,696,1
321,20,3970.01,198.5,3,0.8,300,1
110,2,4929.48,2464.74,7,0.26,1804,1
173,3,1273.59,424.53,8,0.71,89,1
45,26,4208.78,161.88,4,0.52,296,0
354,20,868.79,43.44,3,0.84,1561,1
187,7,663.08,94.73,9,0.51,839,1
202,7,3648.73,521.25,9,0.59,702,1
151,40,2234.9,55.87,5,0.18,577,0
99,36,3971.68,110.32,0,0.81,1086,0
346,30,1420.0,47.33,9,0.4,674,1
178,41,1073.84,26.19,6,0.58,180,0
246,4,2748.51,687.13,5,0.85,1760,1
14,34,585.4,17.22,1,0.48,1658,0
101,37,1400.96,37.86,9,0.27,346,0
293,10,839.52,83.95,7,0.27,935,1
32,27,1607.04,59.52,2,0.57,844,0
37,38,3829.84,100.79,3,0.29,190,0
295,30,612.5,20.42,3,0.34,745,1
113,13,3063.23,235.63,8,0.23,1167,1
100,33,2927.98,88.73,4,0.45,216,0
206,38,2695.27,70.93,8,0.47,686,1
71,1,2426.4,2426.4,6,0.53,481,1
16,28,3322.66,118.67,3,0.59,664,0
2,25,4260.54,170.42,4,0.59,1160,0
29,18,818.56,45.48,8,0.37,762,0
58,3,4072.52,1357.51,4,0.9,1408,0
254,5,316.76,63.35,6,0.51,942,1
109,37,2415.8,65.29,1,0.83,1272,0
27,41,2562.21,62.49,4,0.56,1141,0
6,21,995.95,47.43,5,0.37,1496,0
174,47,457.47,9.73,3,0.74,292,0
306,46,383.81,8.34,8,0.18,1808,1
124,33,195.8,5.93,2,0.97,1384,0
24,29,2872.23,99.04,8,0.57,385,0
84,48,785.82,16.37,0,0.1,78,0
182,30,4045.44,134.85,4,0.42,75,1
69,46,4495.77,97.73,5,0.71,1285,0
357,48,1469.12,30.61,2,0.07,789,1
278,10,830.69,83.07,5,0.26,359,1
126,33,2053.96,62.24,9,0.92,600,0
347,36,4409.04,122.47,4,0.36,832,1
119,41,2005.1,48.9,5,0.16,104,0
52,18,550.6,30.59,9,0.1,1037,1
342,43,4923.49,114.5,9,0.62,95,1
350,24,2503.38,104.31,0,0.56,1192,1
114,19,1718.43,90.44,7,0.65,139,1
217,8,4469.17,558.65,8,0.96,1449,1
64,16,4637.74,289.86,9,0.06,484,1
234,48,2489.05,51.86,8,0.2,956,1
252,36,1540.51,42.79,0,0.23,722,1
259,36,2418.34,67.18,7,0.43,1609,1
208,44,1104.22,25.1,8,0.12,1455,0
257,14,2396.41,171.17,5,0.41,1744,1
203,33,1154.86,35.0,0,0.82,1314,0
299,19,3114.79,163.94,1,0.16,1782,1
66,42,3801.85,90.52,2,0.92,434,0
176,21,4847.44,230.83,8,0.91,603,1
152,42,4214.43,100.34,1,0.51,1483,0
195,37,439.81,11.89,7,0.86,87,0
52,38,1065.5,28.04,1,0.71,351,0
118,46,2663.14,57.89,8,0.36,1314,0
348,39,1295.38,33.21,0,0.56,747,1
39,16,81.68,5.11,2,0.12,482,1
232,26,3776.41,145.25,1,0.5,574,1
242,24,1795.28,74.8,5,0.83,1407,1
173,4,339.84,84.96,7,0.59,891,1
13,30,2549.09,84.97,4,0.38,38,0
13,22,4886.27,222.1,5,0.66,957,0
101,20,3395.91,169.8,6,0.98,1425,0
38,6,802.24,133.71,4,0.07,328,1
35,25,2576.33,103.05,7,0.33,155,1
59,29,4509.6,155.5,2,0.16,1156,1
70,6,280.68,46.78,1,0.96,1608,0
306,32,3193.09,99.78,1,0.55,156,1
233,9,3609.15,401.02,1,0.13,1199,1
12,8,3523.02,440.38,0,0.61,1427,0
229,20,759.35,37.97,0,0.5,320,1
50,20,4537.32,226.87,0,0.06,497,1
154,45,1618.13,35.96,1,0.86,941,0
14,4,268.19,67.05,6,0.71,1126,0
33,18,425.27,23.63,2,0.01,936,0
49,36,2293.31,63.7,5,0.96,359,0
158,13,209.51,16.12,0,0.16,1607,1
169,49,3899.97,79.59,8,0.0,785,0
129,37,4330.46,117.04,3,0.43,985,1
226,47,76.73,1.63,4,0.14,991,1
263,47,4051.97,86.21,6,0.57,1018,0
266,6,4906.22,817.7,9,0.31,550,1
211,23,161.54,7.02,7,0.19,602,1
199,37,3627.59,98.04,4,0.99,279,0
179,1,4995.48,4995.48,3,0.33,1337,1
87,23,3987.62,173.37,3,0.41,593,0
178,34,2531.73,74.46,0,0.29,120,1
4,39,4425.27,113.47,3,0.84,113,0
352,21,3542.58,168.69,7,0.2,1767,1
135,43,1469.33,34.17,2,0.13,798,0
276,34,1129.36,33.22,3,0.88,1118,0
349,3,2567.6,855.87,0,0.18,988,1
181,14,1871.22,133.66,2,0.86,1547,0
314,46,1654.05,35.96,0,0.58,1623,0
175,1,897.84,897.84,4,0.82,1432,1
49,6,4227.98,704.66,2,0.07,1792,0
10,17,3528.02,207.53,9,0.96,421,0
50,49,1663.29,33.94,5,0.3,836,0
344,35,1195.96,34.17,3,0.06,548,1
173,8,649.41,81.18,5,0.76,1525,1
117,20,571.44,28.57,9,0.18,529,1
163,47,3131.14,66.62,1,0.35,1455,0
94,11,553.0,50.27,2,0.59,434,1
317,29,4801.46,165.57,5,0.07,1273,1
364,23,1402.88,60.99,1,0.2,58,1
31,38,138.77,3.65,5,0.49,1445,0
262,37,4278.1,115.62,1,0.42,1514,1
123,41,1844.26,44.98,8,0.56,1040,0
18,6,1721.4,286.9,7,0.73,995,1
336,23,601.92,26.17,0,0.35,854,1
23,34,3305.51,97.22,5,0.4,1091,0
75,21,1800.38,85.73,2,0.27,1045,1
10,33,4116.74,124.75,5,0.34,912,0
172,32,3156.79,98.65,5,0.05,964,1
219,19,4400.76,231.62,9,0.58,253,1
117,5,3116.58,623.32,1,0.17,866,1
27,48,3898.6,81.22,5,0.72,812,0
43,41,3485.73,85.02,9,0.04,1637,0
340,44,2318.34,52.69,1,0.06,557,1
294,15,3446.48,229.77,2,0.28,1767,1
342,16,3321.45,207.59,7,0.44,1631,1
194,16,43.45,2.72,1,0.69,1435,1
199,2,3496.2,1748.1,2,0.69,1288,1
287,9,1318.18,146.46,9,0.97,598,1
225,16,2713.7,169.61,5,0.35,321,1
159,49,565.55,11.54,0,0.06,1447,0
107,11,124.88,11.35,8,0.86,1289,1
177,25,85.45,3.42,5,0.73,1522,1
24,27,799.39,29.61,4,0.07,1014,0
71,18,109.26,6.07,9,0.08,1642,1
269,46,670.66,14.58,3,0.48,176,1
316,5,2800.28,560.06,3,0.34,226,1
38,43,2007.36,46.68,5,0.6,154,0
36,37,4903.93,132.54,2,0.22,607,0
32,15,4045.38,269.69,1,0.96,294,0
289,38,742.41,19.54,1,0.51,102,1
114,22,2089.78,94.99,3,0.75,1484,0
119,48,2160.54,45.01,0,0.13,310,0
5,2,1816.96,908.48,5,0.62,1519,0
355,2,2482.99,1241.49,9,0.87,1183,1
158,27,3352.67,124.17,2,0.02,1121,1
291,46,3208.04,69.74,0,0.54,239,1
258,4,1791.92,447.98,0,0.25,58,1
52,39,3528.18,90.47,1,0.48,280,0
292,46,1454.53,31.62,5,0.82,599,1
201,24,4178.98,174.12,4,0.69,1746,0
220,43,4822.22,112.14,4,0.75,749,0
73,38,1480.74,38.97,7,0.21,448,0
309,11,3925.6,356.87,3,0.83,540,1
340,42,4068.99,96.88,6,0.61,631,1
148,35,2458.91,70.25,9,0.07,1073,1
34,1,447.86,447.86,1,0.86,1477,0
309,28,3933.05,140.47,1,0.06,141,1
324,33,2043.32,61.92,2,0.03,1420,1
185,40,1048.28,26.21,1,0.83,65,0
211,38,3136.98,82.55,8,0.01,607,1
82,24,2190.32,91.26,8,0.09,1085,1
25,15,446.99,29.8,5,0.02,218,1
344,10,4918.54,491.85,1,0.88,504,1
176,5,1230.86,246.17,8,0.04,1176,1
101,32,2559.72,79.99,9,0.37,1262,0
253,48,3339.77,69.58,4,0.22,178,1
10,4,584.3,146.07,6,0.34,1425,0
30,35,3699.66,105.7,6,0.29,762,0
89,29,3244.96,111.9,5,0.89,1126,0
165,9,2473.83,274.87,3,0.77,411,1
134,11,2646.37,240.58,2,0.89,1806,1
69,14,4774.43,341.03,2,0.72,1396,0
128,34,4555.38,133.98,3,0.33,1184,0
122,15,568.8,37.92,7,0.19,363,1
191,41,1850.07,45.12,8,0.53,1417,1
205,19,2588.69,136.25,1,0.36,707,1
322,6,4600.68,766.78,0,0.64,1180,1
294,5,4084.65,816.93,4,0.04,1196,1
107,20,1938.55,96.93,7,0.71,1475,1
329,20,4432.19,221.61,5,0.3,1530,1
190,36,1897.01,52.69,8,0.46,731,0
69,24,1363.25,56.8,7,0.98,175,0
124,9,3053.36,339.26,7,0.22,809,1
271,11,1785.95,162.36,5,0.12,748,1
300,28,3115.81,111.28,0,0.21,631,1
137,17,2054.32,120.84,1,0.35,907,0
58,33,3980.89,120.63,7,0.54,1064,0
70,46,4772.01,103.74,3,0.98,1148,0
38,18,1358.84,75.49,7,0.87,702,0
255,28,2554.95,91.25,3,0.71,1136,1
184,41,3624.92,88.41,0,0.72,1803,0
165,11,801.01,72.82,6,0.28,1198,1
245,26,3981.57,153.14,8,0.93,1112,1
302,15,2919.03,194.6,4,0.54,542,1
290,31,757.21,24.43,1,0.16,632,1
50,37,4342.47,117.36,4,0.95,122,0
215,7,2139.24,305.61,9,0.51,942,1
322,10,891.33,89.13,3,0.16,163,1
282,2,985.03,492.52,0,0.74,1431,1
120,1,3929.68,3929.68,7,0.23,1747,1
143,3,4679.22,1559.74,2,0.19,1476,1
325,35,1897.47,54.21,0,0.27,311,1
12,45,403.35,8.96,6,0.58,1173,0
192,21,513.11,24.43,3,0.29,802,1
43,44,3275.85,74.45,1,0.04,34,0
326,36,1860.05,51.67,0,0.39,1316,1
15,40,2136.4,53.41,1,0.23,1589,0
9,37,1691.87,45.73,1,0.51,858,0
120,10,2333.04,233.3,0,0.46,1663,1
73,26,3221.31,123.9,3,0.08,129,0
181,26,2710.28,104.24,8,0.25,1594,1
110,32,829.56,25.92,3,0.28,1252,1
130,40,2461.53,61.54,0,0.48,1234,0
206,6,2308.46,384.74,8,0.82,932,1
205,34,2733.23,80.39,6,0.22,78,1
341,41,562.24,13.71,9,0.16,841,1
175,6,776.1,129.35,5,0.0,1736,1
206,21,2655.92,126.47,4,0.61,860,1
247,44,1384.42,31.46,5,0.33,151,1
64,2,3148.87,1574.44,0,0.67,916,1
243,8,1870.03,233.75,3,0.69,298,1
314,40,1111.47,27.79,4,0.04,786,1
116,9,3285.41,365.05,2,0.42,1157,1
65,35,1975.6,56.45,8,0.97,150,0
127,45,796.49,17.7,9,0.28,858,1
101,25,4045.96,161.84,4,0.53,937,0
213,24,2164.48,90.19,7,0.54,1384,1
315,22,4576.2,208.01,2,0.26,152,1
218,19,975.07,51.32,9,0.78,1166,1
46,19,4382.99,230.68,7,0.0,1146,1
115,28,4081.39,145.76,7,0.23,37,1
251,44,528.54,12.01,5,0.59,244,0
121,49,2663.09,54.35,8,0.92,1183,0
214,43,3271.88,76.09,5,0.01,1573,1
253,6,2482.46,413.74,9,0.6,1570,1
120,16,1957.41,122.34,6,0.0,1409,1
236,38,4719.77,124.2,4,0.62,1559,1
145,27,3507.1,129.89,2,0.41,1118,0
50,17,4829.69,284.1,9,0.43,312,1
136,16,4232.69,264.54,0,0.97,983,0
161,6,4087.49,681.25,0,0.68,653,0
1,17,3630.91,213.58,0,0.2,487,0
325,21,3233.94,154.0,1,1.0,244,1
193,21,4435.44,211.21,2,0.26,65,1
14,27,3070.91,113.74,4,0.69,1378,0
316,14,385.69,27.55,2,0.68,335,1
312,11,2916.99,265.18,4,0.85,1156,1
5,44,523.15,11.89,4,0.4,573,0
60,20,4747.01,237.35,4,0.7,899,0
133,13,3236.88,248.99,0,0.63,743,1
185,32,2782.67,86.96,5,0.44,568,0
265,27,997.13,36.93,2,0.92,892,0
155,29,2583.68,89.09,5,0.25,1442,0
223,11,1719.23,156.29,0,0.22,934,1
4,36,3380.18,93.89,8,0.63,1450,0
240,10,3026.0,302.6,7,0.19,1664,1
334,41,2501.54,61.01,3,0.83,911,1
192,21,1271.18,60.53,3,0.34,1470,1
166,21,2633.46,125.4,3,0.42,253,1
109,20,2313.87,115.69,9,0.68,1045,0
348,21,4257.82,202.75,7,0.89,865,1
13,33,4472.74,135.54,4,0.69,40,0
105,25,3798.65,151.95,6,0.09,1638,1
51,7,1605.0,229.29,0,0.34,1361,0
316,28,200.07,7.15,8,0.75,1078,1
176,14,4627.43,330.53,5,0.91,1278,0
336,6,4960.14,826.69,3,0.63,1383,1
243,42,643.83,15.33,6,0.6,1425,1
203,16,3431.22,214.45,0,0.38,558,1
189,30,2131.48,71.05,4,0.48,779,1
74,9,751.12,83.46,9,0.43,645,1
205,17,4990.53,293.56,7,0.06,1665,1
250,19,4666.81,245.62,0,0.02,240,1
352,7,4913.22,701.89,5,0.62,1658,1
200,48,728.04,15.17,6,0.51,645,1
342,16,2464.7,154.04,5,0.24,1427,1
344,29,4479.91,154.48,3,0.89,334,1
191,28,3379.04,120.68,6,0.21,1543,1
160,22,2178.66,99.03,4,0.7,997,1
52,29,2588.3,89.25,9,0.79,1797,0
98,28,202.62,7.24,8,0.84,736,0
320,4,3061.47,765.37,9,0.84,1815,1
51,33,4299.98,130.3,4,0.79,1530,0
145,6,23.94,3.99,6,0.46,44,1
255,22,808.22,36.74,1,0.62,716,1
88,18,2594.77,144.15,7,0.86,758,0
355,22,2809.21,127.69,7,0.42,411,1
237,4,1723.33,430.83,7,0.67,1606,1
11,35,149.39,4.27,0,0.16,181,0
90,21,3720.56,177.17,4,0.56,494,0
270,3,1222.2,407.4,2,0.14,483,1
315,1,3226.44,3226.44,9,0.66,781,1
338,27,2800.14,103.71,5,0.38,1281,1
310,33,2159.88,65.45,6,0.23,42,1
28,27,2955.54,109.46,4,0.36,1154,0
266,36,3478.24,96.62,1,0.7,756,1
41,38,2865.5,75.41,6,0.91,1142,0
28,43,2792.05,64.93,6,0.01,140,0
252,49,2186.03,44.61,3,0.17,1570,1
175,44,2155.87,49.0,6,0.71,1066,0
236,39,2459.92,63.07,3,0.57,483,1
310,22,2265.87,102.99,6,0.32,1447,1
26,25,2200.73,88.03,3,0.65,875,0
193,31,1059.75,34.19,7,0.87,730,0
304,9,3626.94,402.99,8,0.26,331,1
161,34,673.43,19.81,4,0.49,910,1
191,29,4544.47,156.71,0,0.02,422,1
182,26,3127.98,120.31,6,0.95,1346,1
331,41,254.01,6.2,9,0.8,695,1
19,34,3298.4,97.01,7,0.51,242,0
320,46,1813.96,39.43,3,0.99,1299,0
298,48,4649.53,96.87,5,0.22,1546,1
296,41,4681.02,114.17,3,0.74,1526,0
151,15,4231.18,282.08,7,0.77,900,1
188,10,2843.57,284.36,7,0.83,581,1
135,15,4596.7,306.45,6,0.69,427,0
92,35,3252.54,92.93,3,0.19,743,0
319,43,4376.89,101.79,1,0.09,212,1
185,44,808.67,18.38,6,0.18,1623,0
264,34,4521.86,133.0,3,0.86,477,1
37,34,3311.34,97.39,9,0.4,1430,0
288,47,1523.34,32.41,0,0.55,721,0
240,34,4989.09,146.74,8,0.03,1269,1
364,7,3437.55,491.08,7,0.49,1664,1
49,25,4543.0,181.72,5,0.41,760,0
197,18,37.87,2.1,9,0.53,1761,1
187,32,2766.17,86.44,7,0.38,642,1
196,32,3565.54,111.42,0,0.08,486,1
20,15,78.55,5.24,3,0.04,1328,1
173,15,3815.17,254.34,8,0.95,282,1
110,5,3260.73,652.15,7,0.6,197,1
225,15,1381.05,92.07,1,0.64,690,0
85,41,3447.84,84.09,1,0.92,1005,0
159,33,663.2,20.1,9,0.55,870,1
226,47,4121.95,87.7,0,0.62,139,0
24,46,4332.46,94.18,9,0.52,1014,0
287,42,2432.53,57.92,5,0.18,1148,1
261,9,2542.14,282.46,8,0.31,541,1
21,17,2016.25,118.6,2,0.88,1050,0
24,3,1733.22,577.74,3,0.44,666,1
310,5,4365.76,873.15,7,0.2,137,1
104,12,1531.32,127.61,1,0.83,1365,1
314,14,2020.22,144.3,1,0.09,783,1
182,1,1506.58,1506.58,6,0.64,1795,1
125,42,3287.0,78.26,0,0.7,375,0
100,26,4072.95,156.65,9,0.3,43,1
240,33,830.04,25.15,6,0.17,1462,1
40,33,1281.17,38.82,7,0.45,1577,0
147,48,529.5,11.03,5,0.76,1669,0
126,8,809.32,101.16,6,0.89,1806,1
57,17,2040.34,120.02,9,0.82,594,0
129,16,3881.62,242.6,0,0.11,1248,0
193,28,2712.67,96.88,2,0.22,82,1
247,26,275.85,10.61,6,0.62,779,1
32,39,3129.18,80.24,1,0.71,1641,0
318,28,3978.57,142.09,2,0.01,1168,1
320,12,1973.4,164.45,0,0.14,1545,1
252,28,1232.61,44.02,0,0.09,1728,1
337,48,3822.05,79.63,4,0.34,1460,1
156,29,129.29,4.46,6,0.68,1263,0
300,30,4079.8,135.99,1,0.94,669,0
265,9,4023.26,447.03,9,0.09,984,1
205,1,4441.05,4441.05,7,0.51,173,1
66,11,456.5,41.5,6,0.37,1065,1
203,2,547.71,273.86,0,0.4,1779,1
329,23,4365.04,189.78,5,0.07,295,1
359,44,2381.56,54.13,9,0.29,915,1
164,22,1967.77,89.44,2,0.25,1644,1
91,32,2870.73,89.71,5,0.72,670,0
273,42,302.33,7.2,5,0.64,1087,1
28,38,3222.14,84.79,6,0.64,1425,0
55,32,4725.96,147.69,9,0.52,1444,0
205,39,3381.84,86.71,1,0.34,1233,1
361,14,2328.03,166.29,0,0.24,142,1
120,21,4804.8,228.8,0,0.01,105,0
162,20,3445.7,172.28,2,0.15,1384,1
118,40,294.23,7.36,3,0.22,1750,1
161,21,3353.53,159.69,8,0.98,510,0
3,46,307.88,6.69,5,0.97,1028,0
217,10,1543.08,154.31,7,0.77,158,1
218,9,3082.26,342.47,5,0.61,367,1
115,36,1085.92,30.16,9,0.67,899,0
97,38,200.56,5.28,3,0.6,58,0
278,34,3093.59,90.99,6,0.65,1086,1
69,16,1436.43,89.78,2,0.22,1021,0
18,1,2669.49,2669.49,2,0.98,196,0
15,16,1313.12,82.07,9,0.76,1096,0
321,23,3435.28,149.36,0,0.23,847,1
133,21,4479.55,213.31,2,0.51,208,0
38,46,441.96,9.61,3,0.79,422,0
320,43,3933.73,91.48,1,0.91,1008,0
55,38,788.91,20.76,7,0.38,1485,0
123,2,1653.75,826.88,3,0.48,804,1
8,7,1793.25,256.18,4,0.31,1164,1
248,22,1039.49,47.25,3,0.38,815,1
255,31,385.42,12.43,8,0.23,1576,1
276,34,3844.75,113.08,4,0.03,1780,1
96,15,3970.2,264.68,7,0.42,788,1
120,6,4984.2,830.7,6,0.47,561,1
342,17,4673.68,274.92,9,0.78,1063,1
300,39,2178.87,55.87,6,0.52,1617,1
14,49,675.61,13.79,9,0.33,1106,0
252,47,63.39,1.35,6,0.46,648,0
296,30,2662.27,88.74,0,0.8,1423,0
204,5,4304.23,860.85,1,0.48,352,1
233,48,1346.84,28.06,7,0.56,519,0
1,8,1002.72,125.34,0,0.17,303,0
11,14,2200.38,157.17,1,0.01,1668,1
13,48,4468.73,93.1,7,0.93,1718,0
58,25,2263.85,90.55,3,0.27,1750,1
361,10,3616.34,361.63,2,0.35,71,1
231,25,2318.01,92.72,1,0.11,1644,1
285,4,1871.06,467.76,3,0.51,423,1
108,16,2210.15,138.13,8,0.74,1739,0
342,47,3844.32,81.79,4,0.69,641,0
73,15,3774.49,251.63,9,0.86,579,1
329,44,2164.47,49.19,7,0.29,1208,1
12,27,1345.41,49.83,2,0.31,1448,0
8,33,704.24,21.34,1,0.97,704,0
29,35,16.83,0.48,9,0.46,1509,0
289,28,575.16,20.54,9,0.83,66,1
94,2,831.63,415.82,1,0.61,1642,0
165,46,3452.79,75.06,3,0.18,957,0
172,24,4091.4,170.48,7,0.96,993,0
288,33,3687.36,111.74,9,0.32,1617,1
127,28,3618.93,129.25,9,0.64,128,1
3,33,4971.66,150.66,2,0.25,1621,0
141,18,4813.36,267.41,8,0.58,394,1
105,42,1351.55,32.18,7,0.54,1809,0
267,11,734.05,66.73,4,0.26,1320,1
274,33,774.96,23.48,3,0.99,644,0
34,29,4479.08,154.45,8,0.14,148,0
289,25,520.71,20.83,8,0.44,249,1
26,2,1707.32,853.66,9,0.03,248,1
226,20,2656.43,132.82,4,0.68,154,1
142,3,3071.12,1023.71,2,0.46,1135,1
110,25,2982.71,119.31,8,0.56,1586,1
176,34,3934.17,115.71,3,0.7,1465,1
113,26,2862.75,110.11,7,0.76,1373,0
289,38,4256.72,112.02,5,0.97,1789,0
352,18,432.3,24.02,5,0.86,1156,1
297,16,4296.24,268.52,2,0.32,200,1
160,22,2954.12,134.28,2,0.73,921,0
184,12,1122.43,93.54,6,0.08,1390,1
163,40,4888.94,122.22,2,0.14,850,0
289,40,4699.27,117.48,6,0.46,581,1
202,21,4230.17,201.44,9,0.46,916,1
171,39,4558.86,116.89,0,0.51,1432,0
150,2,1916.89,958.44,9,0.48,683,1
137,8,1146.75,143.34,1,0.64,663,0
202,14,922.69,65.91,1,0.95,882,1
251,20,4370.06,218.5,8,0.17,782,1
158,12,4134.89,344.57,2,0.36,407,1
294,26,4904.88,188.65,6,0.07,532,1
301,39,4242.78,108.79,1,0.2,241,1
157,23,3165.51,137.63,0,0.99,1378,0
331,23,719.99,31.3,2,0.04,409,1
63,3,832.59,277.53,5,0.21,1786,1
340,14,2373.76,169.55,2,0.43,1772,1
108,40,3841.3,96.03,2,0.29,1236,0
206,40,874.64,21.87,8,0.55,1808,1
104,6,4578.43,763.07,1,0.99,1580,1
161,1,3422.12,3422.12,0,0.7,1378,1
124,41,1568.42,38.25,1,0.41,668,0
257,9,4429.94,492.22,8,0.68,1532,1
30,29,2997.17,103.35,4,0.87,641,0
306,41,3668.46,89.47,9,0.23,215,1
329,39,1933.36,49.57,8,0.72,1045,1
205,27,1973.82,73.1,2,0.61,250,0
200,19,72.96,3.84,7,0.73,195,1
255,38,2694.13,70.9,4,0.08,196,1
73,35,3806.38,108.75,5,0.73,1666,0
273,42,4844.43,115.34,5,0.79,143,1
80,26,4462.21,171.62,7,0.69,738,0
247,47,444.09,9.45,2,0.2,1371,0
112,38,4902.8,129.02,0,0.16,1469,0
272,4,755.91,188.98,7,0.74,131,1
288,15,215.16,14.34,9,0.65,1634,1
76,40,3747.16,93.68,5,0.98,1733,0
225,6,4530.37,755.06,1,0.45,1771,1
182,35,4749.42,135.7,1,0.23,1203,1
108,17,4126.63,242.74,5,0.77,949,1
215,11,1032.48,93.86,8,0.75,336,1
362,27,778.47,28.83,6,0.52,251,1
1,46,304.25,6.61,3,0.75,1497,0
349,44,2914.03,66.23,6,0.31,1556,1
312,20,2441.23,122.06,1,0.22,1508,1
193,1,555.33,555.33,4,0.13,1139,1
223,44,2329.49,52.94,9,0.29,1042,1
135,44,2840.94,64.57,6,0.65,377,0
48,30,3617.54,120.58,1,0.26,193,0
209,31,2076.85,67.0,2,0.88,390,0
298,26,1598.58,61.48,0,0.25,749,1
85,1,3331.74,3331.74,4,0.68,570,1
262,8,3424.28,428.04,2,0.53,1014,1
273,8,1359.44,169.93,9,0.21,1433,1
277,45,108.92,2.42,3,0.56,1365,1
124,3,4729.0,1576.33,0,0.95,1516,1
143,28,3778.88,134.96,4,0.94,565,0
152,18,1013.51,56.31,7,0.29,1709,1
311,1,2832.67,2832.67,6,0.54,1597,1
328,46,2978.79,64.76,9,0.15,656,1
151,1,638.68,638.68,3,0.47,480,1
354,42,966.37,23.01,5,0.32,1623,1
208,39,4783.97,122.67,5,0.93,1821,0
141,39,2544.97,65.26,0,0.63,864,0
1,8,965.3,120.66,0,0.18,236,0
223,44,3989.9,90.68,7,0.99,1118,0
235,30,2358.16,78.61,3,0.69,1525,1
353,20,3195.68,159.78,6,0.13,871,1
262,34,1494.53,43.96,9,0.8,267,1
11,17,298.94,17.58,2,0.56,1350,0
207,14,833.07,59.5,7,0.4,1392,1
271,15,4865.45,324.36,2,0.2,1600,1
181,28,3121.71,111.49,7,0.28,1577,1
157,30,4157.12,138.57,1,0.17,887,1
295,12,117.38,9.78,3,0.8,591,1
223,13,3829.66,294.59,4,0.27,327,1
249,47,2429.91,51.7,4,0.47,211,1
169,26,3329.89,128.07,0,0.97,1514,0
102,43,1797.44,41.8,8,0.99,1824,0
189,17,3108.14,182.83,0,0.79,1184,1
350,15,187.74,12.52,8,0.8,1773,1
220,14,237.49,16.96,2,0.94,581,1
258,26,3996.19,153.7,7,0.8,1388,1
46,39,631.08,16.18,7,0.45,742,0
360,25,79.78,3.19,4,0.06,723,1
90,15,4563.16,304.21,5,0.21,1178,0
354,48,1335.0,27.81,0,0.44,271,1
163,29,2916.09,100.55,9,0.27,769,1
335,20,4196.2,209.81,1,0.33,780,1
325,1,3732.08,3732.08,6,0.06,802,1
275,28,242.67,8.67,0,0.55,1323,0
334,31,2809.13,90.62,7,0.35,529,1
222,46,2713.57,58.99,3,0.26,303,0
309,12,1756.9,146.41,4,0.61,1126,1
63,8,3770.28,471.28,0,0.28,60,1
26,49,4820.39,98.38,2,0.48,1803,0
198,27,744.46,27.57,4,0.25,1652,1
295,2,734.67,367.34,7,0.68,717,1
279,6,3676.33,612.72,5,0.85,1286,1
193,24,2277.54,94.9,2,0.08,961,1
190,31,3978.14,128.33,5,0.82,1275,0
222,12,713.98,59.5,2,0.85,423,1
317,18,208.89,11.6,5,0.96,1730,1
307,37,3492.69,94.4,5,0.83,1612,1
40,48,4973.61,103.62,2,0.55,964,0
217,25,483.04,19.32,2,0.07,1605,1
139,21,4323.05,205.86,5,0.07,600,1
291,18,1932.6,107.37,5,0.2,1440,1
185,7,93.78,13.4,9,0.45,1662,1
361,3,2555.01,851.67,4,0.96,1279,1
158,41,1401.48,34.18,4,0.18,1799,0
248,2,3470.08,1735.04,4,0.54,414,1
40,41,1446.27,35.27,8,1.0,66,0
340,13,2413.68,185.67,3,0.01,975,1
56,35,1010.82,28.88,3,0.05,623,0
138,47,4142.23,88.13,3,0.27,1177,0
305,37,4627.9,125.08,6,0.23,680,1
353,36,2022.65,56.18,6,0.5,1589,1
177,13,2249.91,173.07,4,0.42,229,1
177,30,4913.59,163.79,2,0.58,1759,1
18,32,719.16,22.47,6,0.15,427,1
357,21,4045.01,192.62,2,0.69,616,1
7,2,2840.72,1420.36,8,0.21,73,1
10,45,4404.86,97.89,6,0.45,1248,0
173,10,1469.22,146.92,4,0.03,1280,1
2,48,1487.83,31.0,2,0.8,1698,0
60,46,1635.84,35.56,7,0.63,221,0
229,1,92.99,92.99,6,0.21,895,1
257,37,857.77,23.18,8,0.6,1623,1
109,32,4972.99,155.41,7,0.44,84,0
290,12,1252.25,104.35,7,0.83,1078,1
222,40,109.39,2.73,0,0.98,442,0
84,6,1399.92,233.32,0,0.12,669,1
260,13,2047.87,157.53,6,0.49,1386,1
216,47,2743.46,58.37,0,0.26,1481,0
296,37,352.14,9.52,8,0.75,40,1
57,6,3954.24,659.04,8,0.03,1197,1
85,8,4129.25,516.16,5,0.54,737,0
111,13,1073.67,82.59,7,0.86,1381,1
125,4,3994.11,998.53,4,0.39,1540,1
324,9,1813.52,201.5,9,0.84,1605,1
267,29,2121.32,73.15,0,0.15,213,1
199,1,4682.58,4682.58,2,0.92,1479,1
197,15,4460.6,297.37,6,0.79,1761,1
323,16,1881.8,117.61,7,0.39,1428,1
163,48,2445.67,50.95,2,0.13,706,0
82,48,1439.75,29.99,8,0.52,1340,0
50,42,2582.02,61.48,4,0.67,151,0
121,17,3412.72,200.75,8,0.13,707,1
238,26,472.41,18.17,2,0.93,1509,0
172,25,4600.01,184.0,6,0.76,1200,1
154,43,3597.18,83.66,2,0.95,505,0
175,37,492.8,13.32,1,0.3,1045,1
355,45,4346.26,96.58,7,0.43,33,1
364,28,3720.98,132.89,6,0.24,1759,1
59,46,1572.5,34.18,2,0.27,1018,0
42,37,2611.95,70.59,6,0.15,929,0
89,37,4302.05,116.27,9,0.13,628,0
311,33,4840.95,146.7,3,0.67,428,1
168,17,1412.58,83.09,5,0.16,619,1
315,30,3256.29,108.54,2,0.13,851,1
236,18,4302.63,239.04,5,0.53,794,1
202,32,4940.95,154.4,8,0.7,774,1
103,13,362.89,27.91,6,0.78,941,1
126,40,2523.07,63.08,1,0.58,870,0
54,28,4369.59,156.06,7,0.2,586,0
189,35,25.76,0.74,4,0.57,1072,0
103,11,2191.8,199.25,0,0.63,471,0
107,39,2925.15,75.0,6,0.26,1731,1
15,40,2637.19,65.93,2,0.14,1227,0
291,8,3666.54,458.32,9,0.93,534,1
342,18,336.96,18.72,9,0.1,1273,1
182,34,3929.23,115.57,6,0.28,1769,1
196,43,1423.02,33.09,6,0.23,1402,1
338,37,4122.9,111.43,3,0.89,1429,1
187,24,2103.24,87.64,0,0.5,421,0
227,15,224.16,14.94,0,0.96,358,0
156,45,4819.93,107.11,4,0.83,1037,0
188,43,3904.94,90.81,3,0.75,533,0
190,44,1745.6,39.67,9,0.18,245,1
259,15,1357.44,90.5,2,0.34,1662,1
220,22,2948.93,134.04,2,0.82,649,1
184,12,4936.6,411.38,8,0.98,1468,0
28,47,1457.93,31.02,8,0.88,1343,0
330,43,4741.87,110.28,3,0.95,287,1
324,9,1658.63,184.29,0,0.64,366,1
68,13,3523.45,271.03,0,0.48,1079,0
107,28,1914.85,68.39,5,0.51,1149,0
355,21,434.41,20.69,8,0.46,527,1
117,23,4681.58,203.55,3,0.15,305,1
296,19,828.0,43.58,0,0.31,1160,1
287,34,4724.01,138.94,3,0.09,453,1
314,45,525.5,11.68,0,0.09,341,1
6,45,1342.07,29.82,4,0.31,709,0
176,23,4605.41,200.24,4,0.67,661,1
206,41,3296.12,80.39,7,0.61,752,1
305,35,955.52,27.3,0,0.56,727,0
82,10,2964.55,296.46,4,0.75,1045,0
112,39,910.15,23.34,1,0.42,995,0
66,18,4373.47,242.97,4,0.44,97,1
278,31,258.64,8.34,9,0.52,459,1
364,36,2653.59,73.71,7,0.07,935,1
52,47,326.73,6.95,8,0.58,1336,0
85,47,3478.16,74.0,0,0.75,84,0
112,40,4679.63,116.99,7,0.26,1482,0
324,25,4157.02,166.28,8,0.85,199,1
163,20,1864.92,93.25,6,0.27,1178,1
103,22,1192.16,54.19,7,0.51,422,0
118,47,613.93,13.06,0,0.87,1651,0
218,11,4369.38,397.22,7,0.74,1274,1
141,26,414.73,15.95,8,0.58,1448,1
52,34,3147.86,92.58,2,0.62,1486,0
299,2,1842.66,921.33,4,0.11,109,1
154,32,4978.93,155.59,4,0.7,1550,0
94,13,2549.03,196.08,0,0.61,182,0
266,14,2748.47,196.32,1,0.08,1004,1
272,31,4590.27,148.07,3,0.12,1214,1
57,1,4848.49,4848.49,1,0.97,1645,0
27,8,2922.35,365.29,5,0.18,1325,0
17,23,3982.95,173.17,0,0.9,1307,0
279,29,3177.49,109.57,0,0.28,1767,1
228,6,2142.73,357.12,6,0.4,59,1
289,18,296.0,16.44,2,0.56,35,1
229,16,3591.54,224.47,3,0.63,371,1
147,27,3504.31,129.79,3,0.5,455,1
215,15,592.34,39.49,4,0.35,927,1
263,1,1158.04,1158.04,4,0.5,1522,1
146,26,3663.32,140.9,1,0.7,735,0
334,42,757.06,18.03,0,0.4,1630,0
328,29,3457.77,119.23,4,0.55,1180,1
292,18,3592.71,199.6,5,0.38,863,1
362,24,1773.19,73.88,7,0.33,1453,1
143,7,1298.33,185.48,1,0.3,898,1
42,12,1871.47,155.96,0,0.22,106,1
177,22,1802.39,81.93,5,0.76,1562,1
272,30,3039.03,101.3,9,0.98,268,1
284,24,3721.8,155.08,2,0.03,855,1
142,48,4310.15,89.79,0,0.2,309,0
107,32,159.66,4.99,4,0.96,1443,0
163,2,3635.49,1817.74,5,0.34,1173,1
293,26,1577.79,60.68,6,0.39,1732,1
23,29,4194.82,144.65,1,0.66,1585,0
120,3,387.83,129.28,6,0.35,500,1
84,19,2760.36,145.28,3,0.49,483,0
294,43,2747.88,63.9,0,0.9,522,0
171,18,1639.29,91.07,9,0.56,306,1
32,23,4851.83,210.95,5,0.67,1714,0
96,11,543.55,49.41,3,0.22,178,1
17,4,690.62,172.66,8,0.26,791,0
174,16,3224.86,201.55,7,0.89,535,1
364,38,2576.35,67.8,2,0.92,58,1
207,49,1329.69,27.14,9,0.81,1521,0
317,33,1528.32,46.31,5,0.12,931,1
271,41,793.55,19.35,2,0.82,1605,0
322,32,4340.14,135.63,4,0.02,1137,1
114,33,2851.9,86.42,1,0.6,920,0
347,21,1231.72,58.65,8,0.68,469,1
87,3,1973.17,657.72,2,0.43,1091,1
160,21,4534.36,215.92,4,0.48,1335,0
248,43,4435.34,103.15,0,0.74,80,0
105,27,354.84,13.14,9,0.89,448,0
97,38,3273.96,86.16,3,0.19,679,0
48,3,773.33,257.78,6,0.14,244,1
2,10,1062.31,106.23,3,0.63,181,0
183,15,4322.4,288.16,5,0.23,477,1
360,18,4477.0,248.72,5,0.19,641,1
81,49,422.63,8.63,2,0.2,988,0
161,23,4370.88,190.04,4,0.2,1490,1
341,33,3645.18,110.46,5,0.48,1566,1
282,32,3880.79,121.27,2,0.96,714,0
2,21,3961.16,188.63,1,0.83,980,0
183,48,2541.09,52.94,1,0.54,55,0
53,11,4735.07,430.46,4,0.08,1553,1
90,2,1009.79,504.9,2,0.67,451,1
90,37,2529.78,68.37,2,0.45,145,0
223,33,1599.58,48.47,6,0.78,1111,0
73,13,4113.93,316.46,6,0.49,698,0
92,43,422.68,9.83,9,0.67,767,0
83,8,2174.06,271.76,7,0.2,811,1
130,13,3869.65,297.67,4,0.83,1157,1
239,8,1568.58,196.07,9,0.78,1469,1
146,10,1209.98,121.0,9,0.37,1056,1
120,36,1320.12,36.67,2,0.96,1126,0
189,35,3570.81,102.02,1,0.16,1481,0
224,32,1441.05,45.03,8,0.02,1439,1
6,43,2019.39,46.96,8,0.76,339,0
325,4,2732.88,683.22,8,0.6,637,1
334,31,4704.39,151.75,4,0.11,916,1
220,6,3973.79,662.3,8,0.16,1706,1
210,47,934.56,19.88,7,0.13,1119,1
253,32,4416.59,138.02,7,0.17,1490,1
161,38,4225.39,111.19,6,0.46,1456,0
134,28,3728.67,133.17,2,0.05,1673,1
129,19,2589.36,136.28,7,0.52,960,0
59,34,358.38,10.54,8,0.61,501,0
307,41,3560.41,86.84,8,0.73,768,1
117,9,2596.53,288.5,5,0.95,41,0
104,43,1555.78,36.18,0,0.08,1257,0
351,36,59.59,1.66,7,0.04,1134,1
185,5,1162.93,232.59,2,0.14,326,1
227,46,3032.39,65.92,2,0.34,914,0
90,9,570.41,63.38,0,0.53,1315,0
102,30,3280.54,109.35,1,0.0,1428,0
266,7,4100.16,585.74,4,0.69,1422,1
165,10,1597.71,159.77,2,0.96,205,1
54,32,419.11,13.1,3,0.25,700,0
305,34,707.1,20.8,5,0.01,1098,1
147,34,1795.97,52.82,5,0.75,218,0
244,17,4069.04,239.36,4,0.77,387,1
125,41,3175.05,77.44,4,0.04,1722,1
205,3,4340.76,1446.92,8,0.62,953,1
283,42,4972.19,118.39,2,0.24,1068,1
323,15,1020.81,68.05,0,0.63,314,1
76,31,3477.16,112.17,8,0.73,1168,0
245,45,2337.92,51.95,0,0.22,1667,1
333,13,2472.46,190.19,7,0.26,1752,1
234,21,1634.65,77.84,3,0.61,358,1
53,41,1719.14,41.93,8,0.58,428,0
70,43,3384.65,78.71,1,0.89,1062,0
74,12,3107.81,258.98,1,0.51,1621,0
39,25,1599.33,63.97,4,0.8,40,0
275,17,601.72,35.4,4,0.73,434,1
352,26,2895.42,111.36,7,0.67,310,1
189,19,3699.59,194.72,6,0.19,1447,1
218,1,2797.52,2797.52,9,0.28,926,1
282,46,28.22,0.61,6,0.57,1312,0
152,32,1418.75,44.34,2,0.07,103,1
172,23,3895.11,169.35,0,0.05,267,1
215,6,3715.32,619.22,2,0.05,1004,1
111,4,61.95,15.49,9,0.92,783,0
23,24,2356.78,98.2,7,0.69,360,0
207,32,2192.22,68.51,7,0.84,498,1
300,13,3264.88,251.14,2,0.96,1334,1
27,37,633.65,17.13,4,0.7,54,0
79,20,3110.86,155.54,7,0.52,1588,0
96,1,4735.12,4735.12,9,0.48,316,1
293,27,1865.03,69.08,5,0.75,1391,1
184,9,1693.41,188.16,0,0.87,1160,0
195,1,151.08,151.08,8,0.83,143,1
235,7,296.4,42.34,9,0.49,1402,1
101,14,4658.55,332.75,0,0.77,920,0
260,26,4877.75,187.61,3,0.48,570,1
11,49,38.15,0.78,9,0.38,229,0
42,11,4504.39,409.49,9,0.3,237,1
297,3,878.06,292.69,9,0.05,764,1
240,10,2811.18,281.12,9,0.2,558,1
65,16,3393.92,212.12,0,0.73,1536,0
160,11,1801.7,163.79,1,0.17,1004,1
19,16,2649.65,165.6,4,0.9,103,0
245,48,3141.44,65.45,6,0.08,1604,1
276,19,977.69,51.46,4,0.05,481,1
102,32,4971.34,155.35,2,0.48,1118,0
128,34,1027.37,30.22,2,0.22,1513,0
87,7,61.59,8.8,6,0.1,1228,1
142,13,4721.98,363.23,9,0.06,758,1
100,21,2151.35,102.45,8,0.53,43,1
90,23,1999.11,86.92,1,0.26,452,0
157,1,1385.6,1385.6,1,0.56,1052,1
313,32,138.9,4.34,2,0.15,1734,1
278,15,1330.2,88.68,7,0.02,94,1
109,16,1972.57,123.29,0,0.03,309,1
344,30,2606.44,86.88,7,0.11,672,1
77,47,2293.64,48.8,5,0.8,1445,0
332,43,4396.39,102.24,6,0.45,1735,1
113,49,4557.54,93.01,8,0.62,349,0
197,21,1592.6,75.84,5,0.87,1071,1
74,6,4798.18,799.7,6,0.21,1758,1
278,11,4326.02,393.27,4,0.87,1822,1
116,17,4638.9,272.88,6,0.75,1440,1
318,15,3534.59,235.64,3,0.73,1427,1
31,11,999.38,90.85,0,0.87,526,0
183,8,984.19,123.02,0,0.13,585,1
58,10,4544.17,454.42,7,0.54,1795,1
324,33,2540.16,76.97,6,0.48,1147,1
152,25,4453.43,178.14,4,0.66,235,0
246,2,3605.53,1802.76,7,0.24,154,1
321,28,1070.44,38.23,4,0.13,1572,1
195,42,1929.95,45.95,2,0.97,262,0
21,21,4839.45,230.45,5,0.47,1285,0
81,16,107.72,6.73,3,0.23,607,1
78,14,3575.77,255.41,9,0.13,342,1
333,19,4894.11,257.58,7,0.59,234,1
331,14,529.69,37.84,7,0.15,1010,1
174,46,1367.24,29.72,6,0.18,1472,0
324,49,2739.6,55.91,6,0.95,51,1
90,17,4220.39,248.26,7,0.03,1293,1
248,46,2537.49,55.16,4,0.19,1058,1
143,42,307.38,7.32,8,0.67,1455,0
88,4,644.65,161.16,0,0.22,1075,1
92,25,1885.96,75.44,6,0.18,256,1
153,33,1619.48,49.08,5,0.56,763,1
124,21,1106.2,52.68,0,0.7,1801,0
77,23,4202.24,182.71,6,0.43,1509,1
122,25,144.14,5.77,0,0.78,660,0
47,34,4148.43,122.01,7,0.82,1700,0
353,15,4609.18,307.28,5,0.62,43,1
139,30,3154.25,105.14,6,0.58,988,0
40,12,3130.5,260.88,6,0.82,1419,0
210,44,753.6,17.13,3,0.02,1239,0
322,5,2845.91,569.18,6,0.51,351,1
132,4,1882.12,470.53,2,0.13,291,1
308,2,1152.96,576.48,7,0.22,1364,1
223,18,2920.81,162.27,0,0.95,1821,0
270,30,15.94,0.53,1,0.0,1401,1
108,49,1389.3,28.35,7,0.31,1569,0
14,23,3283.65,142.77,0,0.15,1664,0
126,9,2280.65,253.41,9,0.57,1733,1
337,19,736.75,38.78,0,0.84,1447,1
288,7,16.58,2.37,5,0.39,1426,1
286,24,1359.49,56.65,9,0.84,1447,1
320,36,2749.81,76.38,6,0.44,609,1
136,2,2677.38,1338.69,6,0.91,1000,1
118,39,664.05,17.03,6,0.85,427,0
337,12,3072.35,256.03,7,0.18,982,1
209,33,4994.63,151.35,1,0.89,947,0
109,40,2928.49,73.21,3,0.19,152,0
102,39,2642.91,67.77,1,0.49,178,0
320,33,3116.94,94.45,2,0.2,1736,1
20,34,4399.56,129.4,2,0.39,1020,0
23,10,4730.54,473.05,6,0.99,88,0
269,7,214.76,30.68,9,0.77,694,1
1,19,1032.92,54.36,5,0.55,1629,0
63,30,587.66,19.59,0,0.94,1336,0
361,31,3864.05,124.65,6,0.36,1508,1
155,39,237.36,6.09,5,0.17,1153,0
265,16,4514.15,282.13,7,0.83,1287,1
178,43,112.57,2.62,3,0.01,472,1
33,23,3016.71,131.16,4,0.8,1541,0
68,13,1385.13,106.55,6,0.02,1346,1
278,37,2358.11,63.73,7,0.28,459,1
35,7,2215.01,316.43,2,0.36,588,1
217,20,3746.98,187.35,5,0.32,1406,1
127,39,2488.24,63.8,9,0.24,476,0
135,38,2111.89,55.58,0,0.11,1230,0
347,13,3654.08,281.08,3,0.0,781,1
221,9,4629.78,514.42,5,0.77,545,1
224,2,3971.67,1985.84,9,0.46,313,1
128,5,3686.22,737.24,9,0.16,1325,1
139,41,2443.73,59.6,5,0.08,613,1
250,39,4502.08,115.44,5,0.28,1028,1
15,25,2436.7,97.47,4,0.35,496,0
87,28,4652.13,166.15,4,0.46,294,0
219,17,4016.58,236.27,7,0.1,69,1
227,10,759.8,75.98,5,0.98,1716,1
34,1,244.49,244.49,5,0.27,570,1
287,33,3706.87,112.33,8,0.44,1064,1
198,2,3432.34,1716.17,1,0.71,867,1
87,6,3014.42,502.4,9,0.31,693,1
274,39,4881.43,125.16,7,0.08,1519,1
361,29,2731.56,94.19,5,0.38,1664,1
155,24,1746.02,72.75,5,0.55,353,1
104,11,2829.18,257.2,5,0.84,85,0
109,8,151.77,18.97,5,0.37,617,1
216,23,2900.53,126.11,3,0.89,215,1
18,18,4513.13,250.73,7,0.55,82,1
176,27,31.61,1.17,2,0.72,1475,1
10,9,4228.07,469.79,6,0.03,164,1
15,12,4011.63,334.3,5,0.9,156,0
157,6,539.45,89.91,3,0.21,669,1
272,21,4235.68,201.7,8,0.33,1049,1
322,14,3820.09,272.86,3,0.52,927,1
32,11,2460.32,223.67,6,0.96,1368,0
89,27,1233.62,45.69,2,0.35,1373,0
154,25,1447.62,57.9,2,0.22,59,1
209,11,3065.25,278.66,5,0.96,1399,1
360,35,1239.06,35.4,9,0.81,106,1
250,17,1633.52,96.09,2,0.66,1670,1
196,17,4654.88,273.82,1,0.41,579,1
23,24,3649.35,152.06,1,0.42,1659,0
30,7,3683.01,526.14,4,0.95,1823,0
56,21,4780.12,227.62,7,0.07,212,1
241,29,38.91,1.34,7,0.76,713,0
121,7,1229.98,175.71,2,0.6,231,1
88,28,3293.29,117.62,8,0.97,1768,0
244,2,2196.97,1098.48,1,0.56,921,1
297,30,572.9,19.1,5,0.28,1533,1
160,2,3908.36,1954.18,8,0.78,1088,1
321,9,244.89,27.21,8,0.99,1551,1
268,18,2723.82,151.32,7,0.91,1103,1
261,31,2816.7,90.86,3,0.29,117,1
316,36,3183.45,88.43,7,0.35,902,1
67,23,1584.98,68.91,3,0.75,1205,0
277,7,127.77,18.25,3,0.6,1791,1
349,19,4446.03,234.0,5,0.01,1524,1
362,39,4646.73,119.15,6,0.14,943,1
211,5,2415.12,483.02,2,0.09,1476,1
275,36,113.0,3.14,9,0.18,1708,1
324,19,2908.55,153.08,8,0.3,1602,1
311,1,1586.49,1586.49,2,0.97,1803,1
327,35,920.6,26.3,2,0.68,674,1
303,2,853.07,426.54,0,0.05,827,1
139,19,904.48,47.6,4,0.61,55,0
266,10,1660.9,166.09,1,0.44,270,1
150,29,1410.29,48.63,9,0.75,1495,0
292,3,4183.76,1394.59,8,0.88,615,1
295,5,2481.62,496.32,8,0.07,817,1
341,27,2143.96,79.41,2,0.98,673,0
215,49,737.71,15.06,6,0.06,1693,0
173,2,4380.7,2190.35,4,0.73,1624,1
61,23,283.56,12.33,2,0.9,1357,0
233,40,1205.26,30.13,5,0.75,1756,0
207,15,3111.15,207.41,1,0.15,1011,1
188,25,3514.54,140.58,9,0.21,334,1
247,42,4007.77,95.42,1,0.04,1169,1
310,36,2057.35,57.15,3,0.13,66,1
55,15,1740.23,116.02,2,0.06,783,0
158,37,1449.87,39.19,5,0.05,1521,1
263,34,2844.79,83.67,6,0.56,353,1
299,25,1749.69,69.99,9,0.08,1032,1
284,22,1647.19,74.87,3,0.43,1425,1
291,46,94.29,2.05,2,0.71,1378,1
312,43,4742.1,110.28,0,0.02,1092,1
351,49,312.37,6.37,5,0.64,625,1
222,34,1361.65,40.05,9,0.76,464,1
91,18,4607.88,255.99,0,0.54,314,0
206,6,3679.39,613.23,9,0.48,1352,1
259,7,2894.92,413.56,2,0.73,505,1
37,47,3307.46,70.37,9,0.53,1196,0
276,18,494.33,27.46,0,0.51,117,1
199,6,4045.15,674.19,8,0.8,553,1
341,11,1258.03,114.37,3,0.84,722,1
78,2,4781.51,2390.76,2,0.37,1417,0
331,27,1164.56,43.13,2,0.42,208,1
164,29,3130.57,107.95,1,0.8,874,0
209,19,2731.17,143.75,7,0.54,862,1
241,37,724.08,19.57,0,0.69,607,1
211,24,1821.01,75.88,4,0.08,1464,1
329,48,3908.65,81.43,9,0.1,1789,1
61,38,1070.81,28.18,4,0.53,115,0
266,4,4814.66,1203.66,8,0.82,1703,1
355,14,1484.46,106.03,6,0.32,1639,1
81,37,3137.34,84.79,7,0.96,1542,0
93,27,3098.15,114.75,9,0.76,251,0
173,37,2359.18,63.76,0,0.78,726,0
264,17,3280.25,192.96,3,0.83,1207,1
350,2,3720.45,1860.22,3,0.25,396,1
290,39,3098.82,79.46,0,0.33,461,0
290,39,2804.37,71.91,1,0.12,1040,1
161,32,3037.07,94.91,1,0.38,1546,0
235,20,2015.76,100.79,9,0.04,322,1
77,1,363.66,363.66,8,0.75,48,1
169,36,806.89,22.41,5,0.8,1817,0
69,33,3037.45,92.04,8,0.21,786,0
10,33,4636.6,140.5,3,0.49,166,0
312,9,138.45,15.38,4,0.67,1756,1
293,36,2724.74,75.69,8,0.74,520,1
186,36,1267.79,35.22,1,0.97,232,0
6,43,2813.08,65.42,1,0.2,1229,0
33,28,3750.79,133.96,5,0.25,1395,0
41,36,3679.91,102.22,2,0.85,257,0
261,20,3627.18,181.36,6,0.1,1334,1
75,35,3896.83,111.34,6,0.79,708,0
92,35,372.33,10.64,3,0.13,602,1
314,39,2552.79,65.46,1,0.46,1226,1
320,42,1316.27,31.34,0,0.59,138,0
278,1,4607.14,4607.14,4,0.77,331,1
113,39,3916.57,100.42,3,0.11,1525,0
212,39,546.65,14.02,0,0.82,1799,0
73,27,1223.8,45.33,6,0.85,1654,0
313,26,2281.55,87.75,9,0.79,1435,1
31,36,4814.91,133.75,9,0.94,259,0
271,23,557.27,24.23,1,0.87,584,0
187,21,2844.18,135.44,1,0.77,1551,0
276,40,1713.02,42.83,4,0.58,1310,1
165,39,3235.24,82.95,9,0.81,1525,0
58,11,3247.05,295.19,5,0.98,767,0
274,41,1210.55,29.53,4,0.64,1065,1
230,16,3931.19,245.7,9,0.24,1352,1
170,7,465.4,66.49,6,0.25,1436,1
136,44,4092.51,93.01,9,0.8,1332,0
126,12,1067.71,88.98,8,0.99,100,1
176,10,2952.0,295.2,9,0.21,393,1
96,14,1743.08,124.51,5,0.97,920,0
103,25,3052.8,122.11,3,0.27,1284,0
102,9,1344.42,149.38,0,0.41,1765,1
5,8,2849.13,356.14,7,0.91,570,0
338,20,50.91,2.55,2,0.96,1421,1
87,11,1878.53,170.78,0,0.57,1222,1
61,10,4133.68,413.37,8,0.95,511,1
56,45,2320.4,51.56,4,0.84,340,0
360,30,2501.31,83.38,5,0.87,1149,1
174,1,3111.67,3111.67,7,0.87,619,1
119,5,2176.71,435.34,3,0.39,411,1
148,40,4336.71,108.42,8,0.03,422,1
33,14,2022.59,144.47,5,0.16,428,1
115,8,4713.34,589.17,5,0.07,193,1
91,33,4385.92,132.91,2,0.24,369,0
293,42,2111.23,50.27,7,0.06,1781,1
22,20,1835.35,91.77,2,0.28,371,0
155,37,3386.37,91.52,6,0.59,763,1
288,21,3778.98,179.95,8,0.14,926,1
304,6,937.45,156.24,1,0.32,1290,1
187,40,1212.82,30.32,4,0.22,586,1
81,46,739.8,16.08,6,0.1,1514,0
123,49,3805.85,77.67,2,0.68,1426,0
81,5,3574.87,714.97,0,0.89,942,0
241,28,953.38,34.05,4,0.72,1634,1
107,31,2689.01,86.74,4,0.68,655,0
230,4,3823.55,955.89,9,0.98,905,1
239,47,4735.67,100.76,8,0.73,1103,0
343,6,900.83,150.14,1,0.05,373,1
135,14,1528.61,109.19,2,0.22,177,1
350,48,1748.22,36.42,1,0.64,1821,1
146,28,3128.64,111.74,9,0.64,116,0
248,34,690.73,20.32,3,0.83,114,1
241,25,975.21,39.01,8,0.16,212,1
298,37,3904.38,105.52,0,0.98,1016,1
171,4,2714.85,678.71,5,0.52,511,1
289,34,810.33,23.83,0,0.92,424,0
130,4,1948.28,487.07,5,0.53,1574,1
179,9,681.13,75.68,0,0.19,1713,1
182,25,1819.82,72.79,1,0.35,1602,1
257,22,2006.99,91.23,1,0.22,613,1
226,8,569.43,71.18,7,0.26,183,1
29,40,308.57,7.71,6,0.89,1749,0
295,15,4409.19,293.95,5,0.38,1009,1
276,43,4439.36,103.24,1,0.18,1776,0
39,1,22.87,22.87,2,0.36,330,1
351,12,3209.61,267.47,3,0.62,1722,1
241,15,477.46,31.83,9,0.2,585,1
31,30,4052.61,135.09,7,0.05,1452,1
179,20,4399.02,219.95,0,0.87,227,1
305,8,3086.91,385.86,0,0.24,1360,1
102,28,3069.65,109.63,3,0.94,879,0
340,47,1863.69,39.65,2,0.05,1740,1
153,7,1254.85,179.26,4,0.65,295,1
83,13,2501.36,192.41,9,0.67,431,1
130,24,677.25,28.22,1,0.16,1171,1
192,36,3364.4,93.46,5,0.67,1483,0
251,7,2355.73,336.53,4,0.39,1624,1
338,12,896.23,74.69,6,0.38,233,1
71,12,2945.69,245.47,5,0.88,42,0
350,31,3978.69,128.34,5,0.95,679,1
193,5,2948.11,589.62,2,0.17,205,1
47,33,2653.01,80.39,9,0.68,751,0
338,21,4240.11,201.91,2,0.15,885,1
128,17,63.67,3.75,1,0.04,1816,1
226,43,3087.57,71.8,0,0.15,89,0
255,41,2054.36,50.11,0,0.63,606,0
5,40,975.9,24.4,3,0.73,637,0
81,44,4898.09,111.32,8,0.51,1025,0
250,12,2025.03,168.75,1,0.95,605,1
119,42,1682.96,40.07,0,0.76,1167,0
4,9,853.35,94.82,5,0.16,1554,0
9,17,4988.85,293.46,5,0.21,1246,1
301,28,4281.7,152.92,5,0.6,1215,1
56,37,359.16,9.71,0,0.33,245,0
37,29,2833.11,97.69,2,0.0,1622,0
205,28,745.53,26.63,3,0.02,1033,1
44,19,3581.75,188.51,7,0.41,326,1
238,30,2425.58,80.85,6,0.52,1169,1
199,24,560.84,23.37,8,0.65,903,1
237,24,2789.62,116.23,5,0.76,1651,1
179,29,4554.27,157.04,4,0.97,1192,1
284,30,1712.56,57.09,5,0.84,1748,1
235,17,263.52,15.5,3,0.36,1779,1
152,7,4726.58,675.23,1,0.53,451,1
6,15,717.58,47.84,5,0.22,554,1
100,21,2380.51,113.36,2,0.97,407,0
48,8,2727.94,340.99,2,0.54,444,0
6,9,1193.07,132.56,7,0.25,1257,1
100,47,895.32,19.05,0,0.72,1733,0
76,14,574.56,41.04,0,0.49,908,0
28,37,359.08,9.7,3,1.0,1481,0
114,7,2545.55,363.65,5,0.07,1364,1
185,48,4211.68,87.74,8,0.34,498,0
65,11,642.53,58.41,5,0.94,1553,0
100,20,3506.09,175.3,2,0.46,889,0
8,39,2068.98,53.05,3,0.31,49,0
19,10,185.77,18.58,3,0.6,1314,0
58,27,2684.5,99.43,3,0.66,1607,0
165,39,1267.52,32.5,6,0.09,470,0
243,2,3030.22,1515.11,7,0.26,506,1
287,2,1753.12,876.56,7,0.31,1344,1
230,39,3335.6,85.53,3,0.25,1770,1
225,13,4593.33,353.33,2,0.38,496,1
341,45,1230.28,27.34,0,0.33,802,1
94,46,4699.8,102.17,7,0.73,1249,0
291,44,1029.5,23.4,9,0.6,1560,1
342,49,362.77,7.4,0,0.43,90,1
207,41,971.58,23.7,1,0.2,388,1
306,19,4076.43,214.55,2,0.42,1634,1
51,49,3391.01,69.2,7,0.18,972,0
320,17,4854.46,285.56,2,0.95,1390,1
206,29,3552.04,122.48,0,0.17,143,1
81,1,2069.03,2069.03,3,0.86,193,0
23,48,4463.23,92.98,3,0.62,1349,0
263,30,4791.06,159.7,3,0.81,704,1
157,47,3960.36,84.26,5,0.89,1721,0
113,18,2787.63,154.87,2,0.8,803,0
143,16,4130.57,258.16,0,0.59,1543,1
361,26,903.43,34.75,1,0.27,1005,1
156,43,4502.75,104.72,7,0.66,1251,0
29,27,4997.8,185.1,6,0.0,1203,1
102,39,3329.05,85.36,2,0.38,243,0
53,11,987.49,89.77,9,0.86,1456,0
250,39,730.74,18.74,5,0.58,1796,1
292,36,4797.48,133.26,7,0.26,724,1
307,44,4358.05,99.05,7,0.89,647,0
231,3,3745.91,1248.64,3,0.02,1102,1
280,19,4746.11,249.8,5,0.88,1165,1
152,5,2521.98,504.4,5,0.76,717,1
229,20,4439.85,221.99,4,0.15,519,1
39,38,822.47,21.64,6,0.06,1773,0
196,32,922.22,28.82,3,0.95,1515,0
203,37,2566.59,69.37,0,0.07,1056,1
12,37,1669.22,45.11,0,0.97,709,0
200,49,2168.27,44.25,4,0.42,662,0
264,44,3993.0,90.75,9,0.35,731,1
134,29,276.5,9.53,2,0.65,1094,0
199,43,3607.01,83.88,5,0.5,38,1
105,3,450.26,150.09,1,0.39,1209,1
99,36,4239.03,117.75,6,0.64,1062,0
48,26,1017.48,39.13,1,0.35,289,0
120,47,3677.35,78.24,4,0.03,480,0
293,25,2963.48,118.54,8,0.82,527,1
341,9,1934.25,214.92,3,0.51,1684,1
232,36,1345.01,37.36,9,0.69,1707,1
228,47,296.72,6.31,0,0.58,1435,0
224,1,1773.37,1773.37,0,0.61,1253,1
174,4,1010.64,252.66,1,0.22,1738,1
154,33,688.2,20.85,2,0.93,1348,0
227,28,3695.11,131.97,4,0.45,729,1
286,27,1070.45,39.65,9,0.92,673,1
151,5,1123.56,224.71,2,0.81,1217,0
206,29,1709.0,58.93,3,0.72,763,0
172,28,2318.64,82.81,0,0.46,840,0
104,42,2573.43,61.27,7,0.02,1775,0
106,20,3326.09,166.3,5,0.32,1662,1
29,18,2946.73,163.71,0,0.66,1118,0
161,4,2413.6,603.4,4,0.33,612,1
260,28,1975.76,70.56,2,0.1,823,1
250,32,1336.27,41.76,4,0.52,619,1
359,14,3552.61,253.76,2,0.15,782,1
15,36,1594.33,44.29,7,0.31,686,0
277,46,4249.41,92.38,0,0.5,829,1
290,9,2934.95,326.11,5,0.12,923,1
159,29,3173.38,109.43,7,0.11,1183,1
104,35,2548.86,72.82,0,0.21,1623,0
130,1,4643.49,4643.49,9,0.59,978,1
249,9,2113.76,234.86,7,0.93,402,1
314,20,2140.57,107.03,2,0.24,362,1
234,7,4466.14,638.02,4,0.72,1199,1
188,18,3028.49,168.25,6,0.19,1821,1
238,8,2251.25,281.41,5,0.64,579,1
26,44,1318.13,29.96,7,0.14,188,0
222,30,1232.77,41.09,8,0.85,178,0
16,17,4009.16,235.83,3,0.74,521,0
350,39,1404.54,36.01,1,0.68,1741,0
324,1,38.63,38.63,4,0.01,1431,1
186,30,107.11,3.57,5,0.84,1440,0
137,34,4892.23,143.89,7,0.15,627,1
267,40,2803.59,70.09,2,0.53,1738,0
233,11,2450.23,222.75,9,0.78,761,1
257,29,4590.2,158.28,0,0.63,748,1
188,38,1764.92,46.45,5,0.82,1713,0
87,40,3977.04,99.43,4,0.71,1388,0
27,9,3611.83,401.31,6,0.76,548,0
104,48,2390.71,49.81,2,0.3,1198,0
193,14,3875.41,276.82,9,0.38,658,1
155,20,4829.23,241.46,0,0.5,1141,0
185,10,1011.03,101.1,8,0.59,276,1
102,8,97.37,12.17,4,0.69,102,1
342,13,4109.06,316.08,5,0.56,1760,1
134,7,2023.9,289.13,3,0.71,158,0
309,36,2726.57,75.74,3,0.15,750,1
143,30,1120.09,37.34,4,0.39,380,0
162,20,4210.53,210.53,3,0.91,56,0
220,27,3608.82,133.66,0,0.22,1375,1
96,30,4767.3,158.91,4,0.14,538,1
81,10,2381.51,238.15,4,0.74,1463,1
139,15,4883.06,325.54,7,0.19,1016,1
293,44,2559.17,58.16,4,0.46,1191,0
53,1,3110.9,3110.9,5,0.71,1230,1
160,47,3373.9,71.79,4,0.48,374,0
245,48,2453.96,51.12,4,0.9,848,0
258,13,2818.27,216.79,7,0.88,1425,1
159,16,1124.3,70.27,6,0.5,450,1
30,11,1818.19,165.29,9,0.96,233,0
6,28,3512.95,125.46,4,0.29,774,0
172,11,204.55,18.6,0,0.23,1634,1
295,39,3505.06,89.87,5,0.67,607,1
11,19,1525.84,80.31,3,0.57,720,0
324,48,1366.46,28.47,0,0.25,256,1
247,42,3470.51,82.63,8,0.37,1335,1
3,20,1082.58,54.13,6,0.23,635,0
126,30,4808.8,160.29,6,0.24,334,1
81,2,4953.49,2476.74,6,0.37,213,1
346,4,2295.92,573.98,9,0.92,594,1
202,25,2013.08,80.52,6,0.83,395,0
118,24,404.4,16.85,7,0.51,919,1
102,20,3893.31,194.67,7,0.48,795,0
206,5,821.99,164.4,7,0.03,920,1
2,42,4665.91,111.09,7,0.46,688,0
94,20,4953.06,247.65,0,0.62,204,0
61,24,620.82,25.87,4,0.78,1425,0
226,20,3418.2,170.91,2,0.36,1014,1
244,25,2335.3,93.41,8,0.92,360,1
171,32,2710.32,84.7,5,0.84,164,0
51,38,906.08,23.84,5,0.08,1716,0
135,27,3620.37,134.09,5,0.9,1688,0
307,9,841.4,93.49,6,0.22,368,1
75,43,4427.65,102.97,7,0.92,787,0
60,14,2275.33,162.52,2,0.63,1075,0
41,1,3177.99,3177.99,9,0.41,818,1
298,2,4609.74,2304.87,7,0.44,1531,1
44,38,3692.32,97.17,2,0.56,1065,0
212,19,2708.83,142.57,6,0.84,506,1
364,2,2019.36,1009.68,4,0.84,1433,1
234,40,2316.05,57.9,3,0.41,1600,0
151,15,1714.95,114.33,8,0.85,154,1
76,48,4731.46,98.57,2,0.47,1558,0
1,44,1271.76,28.9,8,0.42,1291,0
57,3,2052.64,684.21,6,0.24,1677,1
347,34,3893.34,114.51,8,0.83,1664,1
53,30,1828.06,60.94,7,0.62,118,0
8,9,4434.19,492.69,6,0.43,818,1
298,17,1222.93,71.94,1,0.66,158,1
153,25,166.41,6.66,9,0.86,53,1
130,8,3147.47,393.43,6,0.2,1676,1
262,36,2546.18,70.73,3,0.39,474,1
191,14,4665.96,333.28,2,0.38,138,1
333,46,2121.43,46.12,1,0.08,1719,1
171,40,686.6,17.16,3,0.33,761,0
260,32,1655.43,51.73,1,0.76,241,1
320,6,1972.13,328.69,8,0.25,487,1
169,2,2919.83,1459.92,4,0.81,54,1
104,8,1379.76,172.47,6,0.96,1245,1
355,25,2756.06,110.24,8,0.22,1709,1
83,39,4541.15,116.44,9,0.41,732,0
15,8,2124.41,265.55,4,0.13,1579,0
211,35,3261.33,93.18,0,0.69,645,0
360,3,1152.2,384.07,6,0.48,856,1
32,14,4008.62,286.33,9,0.59,414,1
310,30,1355.66,45.19,3,0.78,39,1
303,41,2903.22,70.81,1,0.78,322,0
339,39,1508.23,38.67,7,0.52,1077,1
154,27,346.34,12.83,6,0.88,208,0
93,2,1605.12,802.56,1,0.93,1496,1
187,15,1068.03,71.2,0,0.63,1676,1
52,39,4464.44,114.47,5,0.04,543,0
307,4,1338.15,334.54,1,0.78,515,1
242,35,4872.37,139.21,1,0.89,340,0
176,35,2466.81,70.48,3,0.56,765,0
188,37,1113.11,30.08,4,0.7,1653,0
260,11,1962.81,178.44,8,0.36,730,1
191,12,925.32,77.11,4,0.5,1408,1
306,10,4170.08,417.01,8,0.8,607,1
337,20,608.65,30.43,6,0.88,834,1
346,26,4368.9,168.03,3,0.12,915,1
226,6,239.13,39.85,5,0.02,1654,1
271,28,1505.04,53.75,1,0.37,925,1
114,12,708.03,59.0,9,0.39,1121,1
14,28,3429.48,122.48,3,0.77,1563,0
146,15,2566.49,171.1,9,0.01,1724,1
318,47,4697.3,99.94,6,0.76,1636,0
49,16,1837.24,114.83,2,0.54,215,0
199,43,213.34,4.96,4,0.7,231,0
71,9,3810.68,423.41,1,0.51,813,0
157,5,2901.71,580.34,6,0.79,660,1
53,10,4138.9,413.89,0,0.44,1249,1
268,21,2136.43,101.73,6,0.35,805,1
295,45,3693.52,82.08,1,0.64,762,1
277,9,863.62,95.96,1,0.44,192,1
257,39,4997.64,128.14,2,0.3,657,0
86,35,876.5,25.04,0,0.91,1055,0
194,17,4150.71,244.16,8,0.72,1278,1
39,17,1070.07,62.95,9,0.2,333,1
137,47,3914.71,83.29,9,0.74,1117,0
185,36,4307.65,119.66,7,0.25,1058,1
244,12,4384.44,365.37,2,0.43,537,1
36,45,2383.84,52.97,7,0.22,1626,0
296,20,2149.78,107.49,7,0.11,826,1
168,4,4170.62,1042.66,2,0.4,503,1
321,40,2901.65,72.54,8,0.56,1298,1
193,43,3110.17,72.33,9,0.3,368,0
200,22,1187.97,54.0,3,0.08,1155,1
253,35,2236.32,63.89,5,0.25,1254,1
299,12,1853.55,154.46,8,0.25,843,1
58,42,3329.95,79.28,2,0.59,395,0
187,19,990.45,52.13,9,0.28,496,1
11,14,2034.7,145.34,3,0.53,427,0
173,25,4245.17,169.81,9,0.47,235,1
297,14,2736.76,195.48,2,0.27,1821,1
316,31,4481.26,144.56,7,0.74,1538,1
104,37,1170.31,31.63,5,0.67,966,0
141,20,2205.12,110.26,3,0.68,1502,1
201,39,2507.08,64.28,4,0.43,1210,1
145,22,2008.83,91.31,2,0.32,1130,1
65,48,3425.62,71.37,6,0.59,1317,0
111,13,752.11,57.85,9,0.96,1055,0
148,35,2601.81,74.34,5,0.43,1035,0
189,27,702.47,26.02,2,0.67,274,1
336,47,3149.7,67.01,6,0.44,1125,1
199,11,4152.94,377.54,4,0.93,831,0
141,10,109.79,10.98,9,0.26,471,1
241,43,2290.11,53.26,2,0.46,898,1
282,45,2468.59,54.86,5,0.49,1525,0
157,37,3604.07,97.41,4,0.73,858,0
179,24,382.85,15.95,8,0.72,885,0
80,21,2036.04,96.95,1,0.74,464,0
315,33,3929.55,119.08,6,0.73,1476,1
316,37,2665.4,72.04,8,0.47,252,1
64,14,3751.73,267.98,3,0.16,1533,1
126,1,1826.41,1826.41,5,0.87,1701,0
99,4,4601.24,1150.31,2,0.32,348,1
336,17,395.95,23.29,4,0.11,1028,1
24,34,464.91,13.67,9,0.13,1081,0
76,22,2647.14,120.32,3,0.49,1578,0
115,31,2359.41,76.11,2,0.43,615,0
204,24,3195.95,133.16,5,0.66,1236,0
91,13,1152.99,88.69,4,0.61,208,0
196,37,1137.88,30.75,7,0.11,1502,1
272,36,3748.06,104.11,0,0.3,1390,0
302,48,1465.91,30.54,9,0.9,417,1
37,41,3639.19,88.76,7,0.77,254,0
51,19,3207.13,168.8,8,0.87,220,0
35,35,425.8,12.17,4,0.02,1518,0
332,18,3558.54,197.7,4,0.91,1131,1
238,43,4398.78,102.3,3,0.86,696,0
194,30,4085.06,136.17,8,0.45,1016,1
288,41,54.22,1.32,0,0.67,1032,0
214,14,2703.17,193.08,5,0.27,203,1
86,1,4567.55,4567.55,2,0.66,819,0
186,7,2997.64,428.23,6,0.8,1127,1
256,27,1458.73,54.03,9,0.48,1120,1
14,48,980.78,20.43,6,0.03,356,0
221,31,3427.89,110.58,0,0.42,1695,1
181,40,3858.56,96.46,3,0.72,224,0
26,23,4563.8,198.43,0,0.7,1577,0
96,47,4529.53,96.37,4,0.49,1798,0
164,47,1703.01,36.23,1,0.99,1377,0
125,11,3023.35,274.85,6,0.12,1027,1
106,43,516.58,12.01,5,0.16,375,0
237,1,481.37,481.37,3,0.26,621,1
148,30,366.63,12.22,8,0.8,1015,0
182,22,4636.45,210.75,7,0.76,206,0
291,15,770.64,51.38,6,0.77,1300,1
34,46,2416.81,52.54,3,0.88,1675,0
132,33,2171.03,65.79,2,0.44,1362,0
27,7,1630.61,232.94,5,0.32,1721,0
338,7,2693.28,384.75,7,0.6,881,1
68,6,23.93,3.99,8,0.41,491,1
299,15,1906.95,127.13,7,0.52,60,1
70,4,2401.93,600.48,0,0.14,810,1
118,13,4018.49,309.11,9,0.4,236,1
222,38,3507.81,92.31,2,0.47,1188,0
303,43,4250.31,98.84,0,0.09,1470,1
65,39,1887.73,48.4,5,0.99,229,0
78,25,713.12,28.52,4,0.04,957,0
321,35,2011.27,57.46,1,0.92,993,1
118,47,4815.67,102.46,2,0.08,588,0
77,3,1079.49,359.83,2,0.86,422,0
271,45,882.03,19.6,4,0.55,1310,1
34,36,4722.24,131.17,7,0.2,434,0
316,19,4750.12,250.01,6,0.23,87,1
319,22,754.69,34.3,0,0.35,1112,1
312,22,3849.57,174.98,1,0.79,151,1
108,8,2154.42,269.3,6,0.15,586,1
42,12,2466.16,205.51,8,0.24,186,1
155,15,2498.45,166.56,0,0.69,1017,1
122,1,4842.17,4842.17,3,0.61,420,1
350,25,931.46,37.26,1,0.42,500,1
230,24,3867.59,161.15,4,0.06,747,1
344,17,38.31,2.25,3,0.56,905,1
274,9,3146.76,349.64,1,0.23,1320,1
261,48,3266.86,68.06,9,0.61,1703,1
41,34,3770.99,110.91,7,0.27,1112,0
26,24,4630.55,192.94,5,0.98,900,0
17,36,3771.64,104.77,7,0.59,1078,0
216,19,3663.4,192.81,3,0.57,929,1
74,11,1276.4,116.04,9,0.84,40,1
361,33,4964.27,150.43,4,0.99,914,1
49,38,2347.36,61.77,3,0.78,1365,0
345,32,2093.08,65.41,5,0.59,1567,1
244,28,2514.37,89.8,5,0.86,195,1
39,1,1976.34,1976.34,6,0.18,1253,1
22,32,2972.25,92.88,8,0.76,227,0
145,31,1754.63,56.6,2,0.68,84,0
124,21,1207.32,57.49,7,0.56,112,1
115,12,4640.69,386.72,1,0.87,241,0
193,48,4639.86,96.66,2,0.71,180,0
48,19,2486.26,130.86,4,0.72,1067,0
48,14,4811.12,343.65,5,0.91,1682,0
253,35,2084.43,59.56,6,0.7,1394,1
361,24,1943.02,80.96,1,0.26,1342,1
100,28,4585.36,163.76,8,0.18,240,1
340,32,3168.26,99.01,5,0.51,1714,1
126,19,3814.96,200.79,5,0.23,932,1
123,8,2069.59,258.7,7,0.7,86,1
33,9,2040.94,226.77,6,0.84,1183,0
155,47,425.69,9.06,4,0.29,1294,0
182,25,4834.05,193.36,4,0.91,749,1
242,21,1147.52,54.64,2,0.75,1314,0
58,16,2476.39,154.77,5,0.99,1274,0
69,36,581.91,16.16,2,0.2,1072,0
158,45,3238.3,71.96,6,0.46,645,0
26,38,1960.47,51.59,4,0.64,1822,0
53,27,3840.63,142.25,2,0.76,1148,0
229,24,2646.61,110.28,4,0.91,859,0
348,43,656.1,15.26,9,0.89,1404,1
209,42,63.6,1.51,5,0.24,465,0
53,20,1070.12,53.51,3,0.42,1745,0
361,48,3624.49,75.51,4,0.72,1350,1
190,41,4144.29,101.08,6,0.13,1176,0
261,42,1713.26,40.79,1,0.96,508,0
72,3,2684.27,894.76,5,0.75,661,0
211,7,1207.67,172.52,0,0.83,1734,1
28,15,4403.41,293.56,8,0.91,1324,0
228,38,4826.38,127.01,6,0.18,229,1
74,4,3767.17,941.79,1,0.42,1474,1
332,5,453.54,90.71,4,0.65,243,1
20,2,2191.22,1095.61,8,0.82,774,0
238,10,4952.62,495.26,9,0.74,778,1
51,46,1154.63,25.1,1,0.12,680,0
251,36,3355.65,93.21,2,0.65,919,0
180,36,4693.43,130.37,1,0.29,303,0
353,15,3868.28,257.89,3,0.41,1217,1
238,31,3048.21,98.33,8,0.99,1245,0
136,39,2538.46,65.09,7,0.16,1558,0
32,27,4644.78,172.03,2,0.1,828,0
217,42,1979.72,47.14,3,0.41,982,0
161,28,4507.33,160.98,6,0.86,268,0
20,16,2160.95,135.06,5,0.16,653,1
212,32,3785.16,118.29,4,0.08,1037,1
77,47,4579.41,97.43,4,0.42,777,0
86,41,2757.71,67.26,9,0.63,1806,0
4,25,1556.3,62.25,5,0.15,527,0
136,30,264.42,8.81,7,0.8,122,0
80,48,4048.21,84.34,9,0.85,1587,0
27,37,3113.83,84.16,3,0.52,955,0
159,25,1322.6,52.9,7,0.03,157,1
81,14,4388.28,313.45,8,0.52,1709,0
49,45,4602.31,102.27,2,0.21,402,0
170,48,4436.96,92.44,2,0.45,1751,0
24,4,3011.57,752.89,1,0.76,648,1
361,2,4883.14,2441.57,6,0.05,643,1
172,6,4375.28,729.21,7,0.0,410,1
363,19,530.26,27.91,7,0.13,338,1
321,8,4905.72,613.22,3,0.05,1466,1
357,44,2748.54,62.47,7,0.26,785,1
198,45,4600.98,102.24,0,0.4,1028,0
155,9,3804.1,422.68,6,0.78,601,0
263,41,3241.36,79.06,4,0.03,790,1
30,7,1640.1,234.3,8,0.35,896,0
306,39,144.88,3.71,9,0.93,587,1
118,18,1390.91,77.27,5,0.58,1099,1
3,2,3432.24,1716.12,6,0.83,865,1
87,21,4316.94,205.57,9,0.48,1408,0
89,41,21.71,0.53,3,0.1,1425,0
6,46,1047.79,22.78,1,0.19,1168,0
244,6,3368.61,561.44,5,0.76,215,1
35,41,1425.34,34.76,3,0.86,1631,0
309,15,717.1,47.81,6,0.47,1278,1
165,23,418.86,18.21,7,0.49,1350,1
262,6,3193.02,532.17,5,0.45,1195,1
124,48,2978.35,62.05,3,0.02,960,0
49,39,4294.48,110.11,5,0.1,1041,0
66,32,1581.04,49.41,4,0.99,244,0
236,36,692.23,19.23,1,0.04,1679,1
261,43,3997.78,92.97,7,0.35,1472,1
98,8,4941.05,617.63,3,0.69,1662,0
130,13,1808.34,139.1,5,0.42,1311,1
344,2,4328.09,2164.04,9,0.98,505,1
311,24,3815.1,158.96,1,0.03,633,1
151,25,4558.81,182.35,4,0.87,1585,0
88,2,2127.62,1063.81,1,0.13,446,1
110,33,515.49,15.62,4,0.2,1133,0
196,1,600.6,600.6,3,0.53,1211,1
207,39,3818.36,97.91,9,0.87,358,0
68,35,4318.03,123.37,3,0.41,181,0
24,40,2290.51,57.26,6,0.29,90,0
181,6,307.26,51.21,1,0.4,1443,1
291,43,342.86,7.97,4,0.09,551,1
56,27,2997.02,111.0,8,0.84,437,0
149,43,4593.94,106.84,6,0.92,1661,0
59,35,2003.92,57.25,2,0.68,1095,0
89,33,3256.59,98.68,9,0.44,73,1
223,2,2714.62,1357.31,8,0.61,574,1
105,34,4449.89,130.88,4,0.55,883,0
97,22,4163.61,189.26,9,0.05,886,1
363,42,1004.75,23.92,1,0.39,1436,1
63,34,3390.94,99.73,3,0.66,1467,0
69,4,4239.04,1059.76,9,0.85,86,1
339,44,4651.94,105.73,9,0.36,545,1
201,4,2953.74,738.44,8,0.82,1107,1
16,15,887.8,59.19,1,0.76,89,0
155,11,2795.58,254.14,2,0.93,1054,0
206,48,3332.44,69.43,6,0.99,168,0
93,8,1369.72,171.22,0,0.04,1058,1
200,42,4865.28,115.84,9,0.44,163,0
237,11,1154.34,104.94,9,0.77,1355,1
92,32,4557.65,142.43,8,0.82,853,0
296,5,2131.65,426.33,9,0.08,1737,1
165,20,12.77,0.64,2,0.61,179,0
351,31,2721.01,87.77,8,0.9,1591,1
32,35,3145.15,89.86,2,0.23,770,0
119,43,4348.12,101.12,1,0.35,905,0
263,40,2707.41,67.69,2,0.39,1282,1
326,26,479.71,18.45,7,0.39,1146,1
81,15,4634.8,308.99,9,0.56,1609,0
357,13,2831.12,217.78,6,0.06,1522,1
71,49,1364.94,27.86,2,0.78,427,0
152,30,4495.3,149.84,6,0.12,523,1
115,45,613.36,13.63,5,0.81,1603,0
155,22,496.44,22.57,5,0.02,1484,1
329,24,2679.7,111.65,3,0.79,1785,1
267,41,3128.17,76.3,1,0.36,1674,1
290,36,2559.69,71.1,3,0.66,1153,1
93,10,4645.67,464.57,8,0.18,1757,1
345,26,1321.48,50.83,4,0.54,1353,1
159,11,4951.27,450.12,0,0.3,1623,1
238,38,106.55,2.8,3,0.0,897,1
254,2,601.48,300.74,4,0.73,1762,1
242,41,936.52,22.84,5,0.13,164,1
220,46,407.08,8.85,6,0.94,1659,0
175,2,2196.71,1098.36,4,0.54,1753,1
236,31,4328.21,139.62,1,0.0,1446,1
330,4,4105.59,1026.4,4,0.94,1726,1
142,18,3726.34,207.02,0,0.13,785,1
186,17,46.97,2.76,5,0.83,609,1
66,26,4329.87,166.53,4,0.33,270,0
130,45,1988.53,44.19,3,0.57,381,0
282,23,3660.87,159.17,6,0.84,1585,1
234,20,3637.32,181.87,7,0.05,147,1
77,5,895.83,179.17,2,0.68,389,0
199,44,2581.82,58.68,5,0.15,923,1
296,16,4631.64,289.48,5,0.72,675,1
46,23,1322.61,57.5,5,0.16,1689,0
23,5,3577.99,715.6,4,0.02,83,0
143,15,4790.67,319.38,2,0.16,103,1
239,28,1809.55,64.63,1,0.63,518,0
115,45,1944.29,43.21,0,0.99,1127,0
299,17,2268.29,133.43,0,0.97,668,1
309,28,4047.11,144.54,8,0.75,1529,1
194,43,2202.03,51.21,0,0.82,202,0
138,18,2436.37,135.35,8,0.87,711,0
16,15,1119.36,74.62,8,0.53,1195,1
300,3,4941.84,1647.28,2,0.23,1128,1
326,45,4462.85,99.17,4,0.66,959,1
162,6,3005.27,500.88,3,0.14,826,1
188,11,4803.19,436.65,3,0.83,198,1
275,7,3438.12,491.16,3,0.41,147,1
254,35,4795.94,137.03,3,0.27,128,1
50,18,816.06,45.34,6,0.84,935,0
245,35,1135.03,32.43,4,0.11,1618,1
337,30,4427.06,147.57,1,0.97,189,1
274,1,2105.17,2105.17,3,0.95,147,1
175,16,1862.08,116.38,9,0.61,1259,1
191,1,3774.13,3774.13,9,0.71,928,1
95,4,3155.33,788.83,0,0.04,586,1
241,24,1726.92,71.96,5,0.44,62,1
88,13,1995.32,153.49,9,0.88,1470,0
125,5,2047.83,409.57,1,0.01,1213,1
97,21,640.39,30.49,0,0.29,1083,1
123,23,1155.47,50.24,2,0.35,450,1
134,49,2692.28,54.94,3,0.68,1708,0
31,33,3911.32,118.52,9,0.7,142,0
262,20,2101.05,105.05,2,0.07,1354,1
161,24,1922.93,80.12,3,0.22,1336,1
346,5,3256.08,651.22,2,0.83,1331,1
66,19,794.7,41.83,3,0.19,1110,1
244,29,1909.94,65.86,9,0.29,576,1
66,2,1048.6,524.3,0,0.16,848,1
200,46,3261.71,70.91,4,0.75,823,0
179,26,570.7,21.95,6,0.03,1584,1
164,39,2244.64,57.55,1,0.3,1368,1
239,14,2984.95,213.21,0,0.53,885,1
302,41,4170.04,101.71,9,0.01,1326,1
116,18,3625.51,201.42,2,0.95,1770,0
310,46,4714.89,102.5,2,0.87,1272,0
68,26,3402.59,130.87,3,0.65,669,0
107,32,1752.46,54.76,0,0.44,44,0
114,10,1166.3,116.63,1,0.16,1606,1
348,49,292.35,5.97,0,0.55,61,0
44,10,1395.16,139.52,5,0.24,943,0
144,2,692.87,346.44,4,0.64,151,1
155,22,1852.43,84.2,2,0.15,1608,1
292,41,3515.86,85.75,9,0.72,86,1
177,46,3463.25,75.29,3,0.32,1256,0
352,42,1597.65,38.04,0,0.5,1417,1
270,28,2547.68,90.99,0,0.16,1344,1
257,45,1091.69,24.26,7,0.26,1011,1
275,25,2519.85,100.79,5,0.45,1090,1
59,24,2555.31,106.47,2,0.46,936,0
164,9,1513.47,168.16,2,1.0,1389,0
214,39,1304.74,33.45,2,0.34,183,0
76,16,4898.08,306.13,4,0.08,1627,1
44,10,2690.25,269.02,7,0.52,1420,1
50,19,2814.76,148.15,6,0.32,1768,1
288,30,48.89,1.63,7,0.88,196,1
240,14,917.39,65.53,0,0.21,405,1
103,18,1789.54,99.42,5,0.86,428,0
269,17,4830.24,284.13,7,0.66,770,1
254,30,884.46,29.48,2,0.19,1499,1
298,35,1523.42,43.53,5,0.41,1442,1
332,34,4950.88,145.61,0,0.49,1273,1
322,7,2410.73,344.39,9,0.52,741,1
66,18,1598.85,88.82,7,0.4,196,0
281,32,3175.45,99.23,6,0.58,1276,1
144,11,2486.55,226.05,5,0.72,162,0
147,4,4787.67,1196.92,6,0.51,396,1
236,16,425.14,26.57,4,0.6,759,1
220,34,3954.83,116.32,9,0.86,1423,0
153,33,1402.64,42.5,2,0.5,1113,1
364,7,4035.28,576.47,8,0.42,216,1
64,34,4240.12,124.71,7,0.25,472,0
36,10,4247.62,424.76,8,0.13,1554,1
11,37,4334.81,117.16,0,0.29,1080,0
297,28,3593.46,128.34,4,0.41,1210,1
149,7,720.6,102.94,6,0.76,675,1
160,18,268.99,14.94,6,0.22,1493,1
237,41,1710.42,41.72,6,0.7,1086,1
159,22,2480.4,112.75,6,0.08,175,1
209,34,1520.08,44.71,2,0.16,1332,0
22,37,3713.61,100.37,8,0.33,547,0
57,2,3614.99,1807.5,4,0.47,1543,0
340,46,4859.9,105.65,9,0.18,1175,1
165,17,2008.86,118.17,5,0.11,381,1
61,39,3930.78,100.79,5,0.57,82,0
135,23,3708.59,161.24,5,0.41,182,1
122,29,4943.86,170.48,8,0.42,472,1
100,18,3870.34,215.02,9,0.31,242,1
107,42,1425.04,33.93,5,0.37,1211,0
266,6,86.21,14.37,5,0.18,326,1
39,44,4841.15,110.03,0,0.27,831,0
113,11,3583.18,325.74,0,0.54,612,0
171,44,4064.91,92.38,7,0.52,1210,0
197,2,3968.29,1984.14,3,0.91,81,1
321,1,3681.45,3681.45,4,0.83,751,1
337,5,3759.86,751.97,6,0.01,1524,1
109,27,4648.0,172.15,2,0.23,472,0
197,14,4571.42,326.53,3,0.89,1554,1
9,30,1902.34,63.41,0,0.31,338,0
225,41,164.5,4.01,7,0.48,1310,0
56,2,203.02,101.51,5,0.67,536,1
27,26,2238.73,86.1,1,0.54,669,0
245,37,4176.55,112.88,5,0.0,967,1
65,21,4239.58,201.88,1,0.21,1298,0
174,46,2027.9,44.08,7,0.1,975,1
37,33,1515.04,45.91,2,0.17,1061,0
272,2,2537.94,1268.97,2,0.15,549,1
279,27,4164.39,154.24,8,0.62,1218,1
210,19,3186.12,167.69,7,0.41,157,1
305,7,707.63,101.09,6,0.07,187,1
159,47,1817.55,38.67,6,0.08,316,0
68,11,2781.58,252.87,5,0.95,1600,1
56,5,2695.93,539.19,1,0.15,1130,1
80,11,4154.86,377.71,3,0.25,655,1
73,41,4661.54,113.7,9,0.57,1152,0
118,30,511.31,17.04,9,0.19,513,0
79,41,1129.79,27.56,7,0.2,1345,0
216,23,1966.86,85.52,8,0.07,731,1
55,6,1489.03,248.17,8,0.98,1140,0
227,19,2047.37,107.76,3,0.61,473,0
122,10,213.2,21.32,7,0.53,93,1
250,28,339.41,12.12,7,0.89,1814,1
187,14,4193.42,299.53,1,0.59,1202,1
330,48,521.88,10.87,9,0.26,1189,1
161,19,4122.13,216.95,4,0.47,1112,1
108,16,1539.49,96.22,3,0.48,1639,1
215,49,1553.02,31.69,4,0.4,63,0
240,26,512.73,19.72,3,0.75,1737,0
160,9,76.18,8.46,3,0.11,854,1
204,24,1782.89,74.29,5,0.16,1073,1
172,13,4178.43,321.42,9,0.37,1713,1
112,36,4600.58,127.79,4,0.07,1466,0
115,29,317.31,10.94,2,0.99,658,0
331,36,164.23,4.56,7,0.5,1654,1
246,47,802.42,17.07,2,0.05,179,0
35,36,3833.79,106.49,5,0.61,299,0
351,17,1032.37,60.73,2,0.78,437,1
260,10,1161.74,116.17,2,0.41,513,1
19,26,4445.82,170.99,2,0.48,1238,0
265,23,4376.0,190.26,3,0.7,750,1
215,16,3354.74,209.67,9,0.23,1556,1
334,40,828.43,20.71,6,0.6,1148,1
179,45,1911.93,42.49,6,0.63,1116,0
189,19,1188.53,62.55,0,0.8,1409,0
115,34,3362.51,98.9,0,0.89,766,0
118,49,3901.86,79.63,3,0.94,649,0
225,1,719.25,719.25,8,0.13,223,1
302,18,4490.8,249.49,0,0.82,1542,1
325,37,2319.5,62.69,7,0.68,448,1
281,25,3977.08,159.08,8,0.37,1204,1
222,39,267.67,6.86,2,0.92,1449,0
183,24,1809.3,75.39,1,0.86,697,0
124,4,83.76,20.94,1,0.77,323,1
280,22,3595.24,163.42,0,0.06,1251,1
116,20,406.46,20.32,8,0.18,613,1
98,42,1698.05,40.43,7,0.92,1559,0
316,8,3910.93,488.87,6,0.98,829,1
215,8,3747.34,468.42,0,0.28,633,1
129,7,3205.05,457.86,9,0.28,1335,1
315,28,3473.16,124.04,6,0.61,724,1
351,49,3259.64,66.52,8,0.08,1460,1
116,31,3209.97,103.55,3,0.6,1271,0
190,40,1754.78,43.87,1,0.97,1617,0
177,42,150.55,3.58,8,0.3,801,1
256,30,2214.71,73.82,0,0.74,185,1
347,30,236.84,7.89,1,0.52,348,1
200,12,2349.65,195.8,1,0.29,39,1
291,48,2325.75,48.45,0,0.41,1563,1
217,39,901.82,23.12,5,0.55,466,0
323,43,3923.47,91.24,2,0.76,391,1
148,49,3524.0,71.92,9,0.54,1117,0
141,18,2802.1,155.67,9,0.93,472,0
154,8,4630.28,578.78,1,0.12,1787,1
363,43,1443.06,33.56,8,0.96,1587,1
223,24,1317.54,54.9,0,0.55,839,0
56,47,925.34,19.69,2,0.39,1182,0
15,35,2726.75,77.91,6,0.08,724,0
189,13,1034.73,79.59,2,0.3,804,1
294,18,4345.79,241.43,0,0.44,892,1
175,30,1528.51,50.95,1,0.94,715,0
204,20,2459.75,122.99,6,0.76,813,1
291,14,2652.26,189.45,2,0.06,358,1
188,11,1545.16,140.47,2,0.33,1199,1
331,32,3694.71,115.46,2,0.49,151,1
233,2,3463.44,1731.72,8,0.85,1662,1
267,5,3806.45,761.29,8,0.78,1662,1
285,3,3033.54,1011.18,8,0.22,403,1
229,36,2306.31,64.06,0,0.05,110,1
19,2,2250.1,1125.05,2,0.13,890,1
156,21,3585.51,170.74,8,0.5,140,1
52,6,1891.41,315.24,5,0.09,754,1
186,29,2191.93,75.58,0,0.25,1380,0
53,2,826.72,413.36,2,0.82,585,0
186,2,3401.36,1700.68,8,0.4,1634,1
126,21,393.85,18.75,8,1.0,55,0
8,35,4952.66,141.5,4,0.76,1303,0
46,6,727.25,121.21,1,0.26,933,1
184,25,1921.06,76.84,0,0.01,464,1
29,40,1196.53,29.91,2,0.53,802,0
312,31,1460.38,47.11,7,0.71,515,1
277,37,1619.04,43.76,8,0.47,1142,1
259,16,3594.5,224.66,2,0.91,1755,1
63,47,891.98,18.98,9,0.77,929,0
290,8,1326.64,165.83,8,0.52,1286,1
232,30,515.02,17.17,9,0.02,1127,1
143,22,1663.99,75.64,7,0.34,1515,1
1,2,4706.8,2353.4,5,0.49,1039,0
193,47,1906.74,40.57,9,0.25,831,1
290,35,3888.92,111.11,6,0.84,244,1
13,12,2313.9,192.82,8,0.42,1423,0
20,3,2253.5,751.17,4,0.2,1641,0
140,34,4121.62,121.22,2,0.78,1790,0
187,27,143.83,5.33,5,0.61,1340,1
173,3,4325.78,1441.93,4,0.2,670,1
156,49,2431.19,49.62,3,0.53,1292,0
93,36,1762.12,48.95,6,0.69,605,0
22,23,4535.11,197.18,6,0.45,1643,0
12,12,1705.9,142.16,3,0.3,107,0
36,14,4888.71,349.19,2,0.69,1642,0
252,23,4682.42,203.58,5,0.69,1352,1
287,3,1346.94,448.98,3,0.02,1626,1
159,19,1709.61,89.98,2,0.23,462,1
29,11,4062.72,369.34,2,0.65,942,0
152,6,986.09,164.35,6,0.22,485,1
359,7,3662.44,523.21,4,0.96,1305,1
91,17,654.46,38.5,3,0.16,1164,1
179,19,1035.97,54.52,1,0.75,1271,1
196,18,2507.52,139.31,0,1.0,1356,0
121,34,3731.95,109.76,6,0.35,110,1
160,26,3699.75,142.3,9,0.6,761,1
172,10,3048.52,304.85,3,0.11,483,1
173,48,1367.84,28.5,8,0.62,1725,0
262,36,2082.74,57.85,6,0.99,980,1
212,24,1238.61,51.61,3,0.97,320,0
20,3,1392.32,464.11,5,0.41,734,1
3,45,1622.89,36.06,1,0.82,976,0
150,37,2998.25,81.03,3,0.83,613,0
331,23,1045.9,45.47,7,0.33,1138,1
14,8,222.42,27.8,8,0.82,1410,1
26,6,3465.35,577.56,2,0.16,1138,1
248,15,118.81,7.92,9,0.98,1068,1
165,12,4854.22,404.52,6,0.86,1209,1
84,11,1757.92,159.81,2,0.51,546,1
76,20,42.84,2.14,7,0.39,1167,0
243,3,4424.08,1474.69,8,0.95,122,1
191,16,3003.02,187.69,2,0.07,1451,1
233,43,4088.79,95.09,1,0.5,712,1
103,43,2180.77,50.72,2,0.49,1491,0
192,1,1777.37,1777.37,7,0.38,485,1
314,34,3279.4,96.45,0,0.11,1784,1
116,49,2035.94,41.55,2,0.25,964,0
145,29,2785.48,96.05,3,0.98,1716,0
60,20,1396.34,69.82,0,0.81,554,0
233,25,1669.9,66.8,5,0.84,963,0
12,11,420.13,38.19,8,0.51,1311,0
91,20,3909.05,195.45,1,0.66,1297,0
260,46,1750.77,38.06,8,0.51,483,0
8,30,4875.25,162.51,9,0.68,752,0
361,22,1306.2,59.37,8,0.86,443,1
148,7,2380.51,340.07,7,0.24,1197,1
146,45,1534.61,34.1,4,0.95,775,0
196,8,3472.69,434.09,2,0.91,43,0
233,36,4043.75,112.33,9,0.42,555,1
168,15,2440.18,162.68,5,0.98,689,1
322,14,1840.97,131.5,4,0.88,1036,1
351,9,3726.31,414.03,3,0.04,1671,1
73,19,965.36,50.81,2,0.04,1795,1
258,34,3001.34,88.27,3,0.71,1241,1
110,21,3670.79,174.8,7,0.78,1653,1
363,2,1353.66,676.83,5,0.25,61,1
93,13,3281.94,252.46,3,0.5,1574,0
108,8,3678.78,459.85,1,0.54,968,1
260,20,595.91,29.8,4,0.45,698,1
288,45,1626.3,36.14,2,0.07,686,1
47,48,2037.47,42.45,3,0.22,657,0
203,49,3882.03,79.23,1,0.81,1481,0
126,6,2841.85,473.64,9,0.07,853,1
223,24,2253.31,93.89,1,0.62,236,0
203,3,1600.67,533.56,1,0.63,1647,1
359,25,30.27,1.21,6,0.96,1114,1
340,29,110.9,3.82,3,0.99,731,0
239,38,1209.83,31.84,9,0.95,1308,1
248,17,592.29,34.84,4,0.54,659,1
328,2,606.74,303.37,6,0.04,1098,1
67,23,3017.67,131.2,8,0.28,44,1
265,21,3031.22,144.34,9,0.48,522,1
282,31,233.41,7.53,8,0.04,644,1
47,5,2973.74,594.75,5,0.04,1453,1
321,31,737.63,23.79,8,0.32,1384,1
255,20,1892.36,94.62,2,0.39,1454,1
127,37,4948.52,133.74,8,0.58,889,0
177,49,2614.81,53.36,8,0.93,677,0
179,12,180.6,15.05,3,0.39,978,1
335,37,1744.81,47.16,0,0.05,508,1
353,7,3357.78,479.68,6,0.54,978,1
294,49,1130.74,23.08,1,0.36,1221,1
238,24,4822.6,200.94,0,0.9,1769,0
38,37,2132.22,57.63,9,0.43,690,0
333,39,115.23,2.95,5,0.32,233,1
49,30,2707.43,90.25,6,0.72,649,0
61,19,3384.19,178.12,8,0.49,1513,0
26,37,2285.4,61.77,9,0.56,838,0
345,24,4641.57,193.4,9,0.15,777,1
180,33,4510.64,136.69,1,0.38,852,1
86,31,703.41,22.69,3,0.05,483,0
30,23,408.94,17.78,7,0.75,1519,0
150,6,1568.42,261.4,0,0.25,1235,1
264,15,3044.58,202.97,2,0.12,1740,1
363,46,3011.96,65.48,5,0.59,206,1
202,26,1365.5,52.52,3,0.58,1310,1
221,32,4755.99,148.62,1,0.32,175,1
305,13,1543.59,118.74,8,0.96,188,1
329,35,4022.96,114.94,4,0.64,1547,1
102,24,4161.58,173.4,4,0.93,636,0
362,11,501.19,45.56,6,0.3,596,1
189,8,1170.44,146.3,6,0.55,370,1
339,20,1083.81,54.19,4,0.41,224,1
43,28,4599.06,164.25,8,0.41,1220,0
36,14,1762.01,125.86,2,0.05,969,0
322,13,4183.99,321.85,8,0.22,1103,1
245,14,2395.31,171.09,8,0.87,306,1
64,15,2291.52,152.77,0,0.85,1793,0
326,37,4518.07,122.11,7,0.11,44,1
38,25,2210.1,88.4,1,0.02,833,1
249,23,3726.81,162.04,4,0.1,966,1
75,8,2127.64,265.96,9,0.64,219,1
26,27,518.33,19.2,1,0.24,1068,0
294,48,274.94,5.73,5,0.76,1104,0
309,37,1049.12,28.35,7,0.01,982,1
39,22,3614.12,164.28,4,0.72,688,0
34,16,1874.51,117.16,0,0.89,1699,0
224,18,2276.0,126.44,0,0.04,349,1
11,2,518.36,259.18,5,0.87,1365,0
272,2,3118.96,1559.48,0,0.92,695,1
334,39,4019.21,103.06,0,0.54,725,1
274,42,3127.17,74.46,9,0.28,457,1
84,48,4923.22,102.57,5,0.56,1240,0
70,31,91.54,2.95,4,0.31,383,0
248,46,88.19,1.92,1,0.93,699,0
23,21,2505.03,119.29,7,0.54,898,0
196,13,1339.38,103.03,5,0.8,47,1
164,13,3435.69,264.28,2,0.61,1483,1
272,12,3968.12,330.68,7,0.29,624,1
74,37,521.16,14.09,2,0.5,1619,0
278,1,4587.52,4587.52,5,0.88,1194,1
255,47,159.32,3.39,5,0.38,497,1
87,38,3445.14,90.66,2,0.34,1218,0
130,19,1928.66,101.51,8,0.96,834,0
25,35,3340.52,95.44,7,0.33,903,0
164,7,497.21,71.03,2,0.86,1542,0
95,22,4686.03,213.0,1,0.18,1180,0
42,6,4687.67,781.28,3,0.79,1804,0
204,6,2601.81,433.64,4,0.62,1695,1
207,1,2552.83,2552.83,5,0.12,1555,1
32,39,3177.69,81.48,4,0.06,866,0
68,37,2904.54,78.5,0,0.3,916,0
31,44,2722.3,61.87,6,0.66,1613,0
248,49,2950.06,60.21,3,0.36,1591,1
124,48,4294.56,89.47,3,0.27,695,0
26,49,3059.22,62.43,5,0.58,1298,0
70,1,987.21,987.21,8,0.95,1105,1
356,39,4570.42,117.19,0,0.12,233,1
94,36,1087.64,30.21,9,0.64,251,0
250,8,834.16,104.27,6,0.91,181,1
171,7,4985.32,712.19,5,0.54,489,1
67,48,1074.95,22.39,0,0.96,1710,0
112,44,509.47,11.58,7,0.6,599,0
6,17,2814.42,165.55,7,0.67,1689,0
272,4,4137.7,1034.42,5,0.79,820,1
122,17,313.15,18.42,8,0.2,852,1
182,1,2455.62,2455.62,8,0.56,489,1
56,34,351.83,10.35,8,0.61,1217,0
301,19,2149.17,113.11,3,0.12,1087,1
80,3,1726.36,575.45,6,0.46,577,1
207,49,694.28,14.17,0,0.77,1438,0
318,41,4655.79,113.56,5,0.04,1289,1
260,45,3178.09,70.62,1,0.41,1306,1
220,49,4216.85,86.06,3,0.15,830,1
324,1,4530.66,4530.66,6,0.18,1191,1
65,38,4651.62,122.41,4,0.51,655,0
351,39,3743.09,95.98,8,0.03,1823,1
203,39,1541.67,39.53,0,0.42,820,0
150,13,4146.37,318.95,9,0.03,522,1
94,20,2605.71,130.29,7,0.93,847,0
272,46,1365.55,29.69,4,0.88,1719,0
356,4,1935.01,483.75,0,0.21,1722,1
252,32,1513.11,47.28,0,0.07,668,1
12,39,2336.36,59.91,4,0.25,1618,0
171,40,3908.86,97.72,5,0.03,578,1
267,30,2429.49,80.98,5,0.73,379,1
145,38,1346.61,35.44,2,0.57,427,0
282,45,446.14,9.91,6,0.54,529,1
258,38,4280.22,112.64,6,0.85,555,0
25,6,2092.67,348.78,3,0.81,567,0
204,12,2215.19,184.6,3,0.41,718,1
63,15,3820.97,254.73,4,0.61,50,1
178,17,4250.14,250.01,7,0.44,707,1
140,18,2560.61,142.26,5,0.62,982,1
294,11,3165.52,287.77,1,0.15,749,1
317,34,1203.39,35.39,9,0.3,896,1
168,6,4675.99,779.33,2,0.25,434,1
196,39,2843.93,72.92,6,0.17,253,0
228,33,3600.83,109.12,0,0.41,1645,1
239,48,579.92,12.08,2,0.73,1807,0
232,1,3188.24,3188.24,5,0.4,761,1
286,15,1851.06,123.4,8,0.98,1396,1
358,45,2255.81,50.13,5,0.3,282,1
302,25,3413.99,136.56,0,0.95,358,1
50,28,3983.67,142.27,9,0.19,963,1
174,2,1753.33,876.66,2,0.32,1296,1
168,38,4367.45,114.93,3,0.16,1289,0
186,13,1102.76,84.83,1,0.24,641,1
193,48,2818.86,58.73,6,0.16,1603,1
262,19,764.81,40.25,4,0.62,1165,1
154,10,1453.36,145.34,2,0.2,598,1
96,30,4478.1,149.27,6,0.09,874,1
167,24,67.67,2.82,1,0.27,565,0
312,24,4578.9,190.79,5,0.68,279,1
114,47,1648.73,35.08,6,0.43,40,0
8,18,3482.02,193.45,8,0.16,855,1
356,20,467.67,23.38,6,0.06,41,1
72,31,3209.94,103.55,5,0.73,1756,0
220,9,4548.21,505.36,0,0.7,1605,1
292,41,2780.46,67.82,2,0.46,1372,1
100,12,1816.99,151.42,5,0.53,1376,1
124,12,3969.95,330.83,5,0.24,1154,1
103,1,3566.5,3566.5,5,0.49,1344,1
55,17,597.29,35.13,7,0.73,1544,0
56,29,3331.85,114.89,9,0.77,950,0
68,35,3326.63,95.05,5,0.34,1517,0
167,45,3762.09,83.6,1,0.68,456,0
194,39,1588.37,40.73,4,0.49,1624,1
6,16,2012.38,125.77,2,0.74,1298,0
309,41,4800.59,117.09,5,0.69,225,1
247,10,2871.55,287.16,5,0.75,356,1
26,11,2547.44,231.59,5,0.16,262,1
307,18,4934.38,274.13,5,0.32,465,1
12,27,1155.49,42.8,3,0.26,1464,0
205,10,1995.71,199.57,1,0.45,1513,1
170,45,3801.82,84.48,8,0.46,1816,1
183,14,3568.37,254.88,4,0.67,261,1
349,20,4833.84,241.69,2,0.57,1039,1
338,30,3274.96,109.17,9,0.58,1504,1
102,22,1572.34,71.47,0,0.63,1760,0
211,20,1994.28,99.71,3,0.27,206,1
350,49,457.67,9.34,7,0.23,1219,1
266,22,4619.36,209.97,4,0.22,173,1
324,6,652.05,108.68,8,0.78,183,1
159,36,2733.06,75.92,3,0.1,1528,0
104,35,2012.96,57.51,6,0.32,1692,1
186,11,679.78,61.8,4,0.28,362,1
298,42,1472.03,35.05,4,0.59,1536,1
339,20,3171.51,158.58,4,0.92,1666,1
250,8,165.94,20.74,9,0.88,991,1
258,9,4830.29,536.7,7,0.11,337,1
187,36,4546.39,126.29,3,0.54,1365,0
117,11,432.16,39.29,4,0.04,1014,1
154,24,4343.08,180.96,4,0.79,661,1
182,36,1649.57,45.82,7,0.37,1583,0
297,42,346.85,8.26,5,0.21,1135,1
203,24,1537.5,64.06,5,0.48,504,1
289,45,4046.35,89.92,4,0.44,771,1
10,15,3332.5,222.17,3,0.94,584,0
276,43,1200.41,27.92,5,0.03,976,1
185,13,3598.69,276.82,8,0.95,516,0
364,4,3542.03,885.51,9,0.23,1172,1
172,36,3716.88,103.25,0,0.15,834,1
175,38,2707.88,71.26,2,0.74,126,0
47,46,4096.54,89.06,6,0.52,40,0
294,46,3210.4,69.79,1,0.9,202,0
256,6,635.74,105.96,6,0.54,318,1
314,31,4053.18,130.75,4,0.51,177,1
34,35,1625.6,46.45,1,0.21,1217,0
78,30,3528.12,117.6,5,0.95,1097,0
320,1,3378.91,3378.91,5,0.66,67,1
16,3,1686.2,562.07,7,0.6,771,0
185,33,816.8,24.75,8,0.79,557,0
148,42,3477.84,82.81,9,0.1,927,1
342,9,4246.63,471.85,4,0.87,1080,1
312,3,4192.77,1397.59,6,0.5,928,1
327,20,3136.26,156.81,7,0.8,745,1
106,16,1144.76,71.55,9,0.71,102,0
214,49,1587.89,32.41,6,0.45,1452,1
255,46,3775.59,82.08,2,0.77,1458,0
353,28,2060.16,73.58,3,0.72,1572,1
3,47,3665.16,77.98,2,0.0,1287,0
356,12,1554.16,129.51,1,0.71,617,1
130,49,41.53,0.85,3,0.51,1264,0
47,22,3021.42,137.34,4,0.84,1648,0
225,24,3008.57,125.36,7,0.81,91,1
285,3,3141.5,1047.17,2,0.17,940,1
48,9,1348.25,149.81,1,0.02,1199,1
15,10,4057.24,405.72,1,0.2,1798,1
327,24,2442.46,101.77,1,0.74,928,1
340,10,3814.32,381.43,4,0.87,1608,1
57,6,3059.36,509.89,4,0.7,1395,1
330,30,2086.19,69.54,3,0.82,1447,1
332,43,3401.34,79.1,3,0.59,203,1
364,4,2879.14,719.78,4,0.51,935,1
79,28,2558.45,91.37,6,0.97,1370,0
211,48,3246.32,67.63,0,0.08,253,1
362,20,438.84,21.94,8,0.42,1756,1
329,9,4552.2,505.8,3,0.28,1258,1
221,4,1682.06,420.52,1,0.12,1557,1
72,46,1131.22,24.59,1,0.61,1165,0
31,20,3861.26,193.06,5,0.26,1635,1
95,6,1163.8,193.97,5,0.46,1645,1
24,43,4978.89,115.79,0,0.14,166,0
72,40,2108.26,52.71,4,0.39,1712,0
28,35,1490.16,42.58,2,0.2,980,0
278,5,319.7,63.94,9,0.9,907,1
215,5,218.6,43.72,3,0.52,472,1
189,11,484.75,44.07,9,0.8,755,1
295,8,35.11,4.39,5,0.49,1008,1
150,27,1642.18,60.82,9,0.04,986,1
147,20,1559.17,77.96,5,0.69,1298,1
76,38,2156.16,56.74,1,0.05,1249,0
162,5,1172.29,234.46,6,0.4,1370,1
64,36,323.08,8.97,4,0.55,1068,0
215,46,365.1,7.94,8,0.78,1809,1
364,7,918.91,131.27,3,0.9,1606,1
195,32,1589.78,49.68,1,0.2,1748,1
109,25,748.48,29.94,1,0.66,1329,0
251,5,1831.94,366.39,7,0.47,473,1
299,15,4611.88,307.46,2,0.77,1761,1
172,39,1315.4,33.73,6,0.94,1673,0
92,43,850.31,19.77,1,0.53,562,0
260,19,3327.23,175.12,0,0.29,1616,1
69,6,2459.5,409.92,7,0.8,967,1
364,12,245.8,20.48,3,0.53,1328,1
116,42,3941.16,93.84,5,0.88,644,0
128,28,3579.56,127.84,0,0.57,492,0
265,22,4886.72,222.12,1,0.94,751,0
5,1,4692.15,4692.15,0,0.02,367,0
74,39,2925.4,75.01,2,0.74,283,0
46,23,3433.25,149.27,2,0.35,811,0
143,27,2053.44,76.05,3,0.67,1731,0
202,42,4443.45,105.8,2,0.94,100,0
66,28,2768.52,98.88,4,0.65,617,0
126,46,1634.5,35.53,9,0.74,539,0
282,28,57.36,2.05,0,0.16,402,1
343,17,2936.38,172.73,8,0.17,161,1
6,46,2631.92,57.22,4,0.57,345,0
229,32,4061.27,126.91,5,0.43,971,0
10,38,943.15,24.82,6,0.11,796,0
190,12,4078.85,339.9,7,0.73,1136,1
321,33,86.27,2.61,9,0.7,1567,1
291,28,2940.69,105.02,9,0.09,229,1
85,6,1990.29,331.72,0,0.05,622,1
95,13,1664.29,128.02,4,0.38,1598,0
286,45,2172.15,48.27,5,0.63,453,0
299,28,1125.72,40.2,5,0.89,203,1
103,38,925.29,24.35,9,0.43,459,0
2,9,4027.48,447.5,6,0.08,741,1
162,11,1146.51,104.23,4,0.84,489,1
226,47,3687.49,78.46,9,0.12,929,1
162,21,3559.69,169.51,7,0.64,396,1
341,44,176.67,4.02,7,0.41,1074,1
297,40,4406.55,110.16,6,0.91,1583,1
287,17,3948.88,232.29,0,0.7,602,1
8,47,3982.38,84.73,9,0.0,1003,0
311,39,4047.86,103.79,7,0.37,1309,1
275,7,2916.94,416.71,1,0.18,149,1
145,5,4966.97,993.39,2,0.28,642,1
215,7,903.97,129.14,3,0.4,1168,1
301,37,370.96,10.03,2,0.54,483,1
330,8,3523.8,440.48,6,0.8,769,1
201,14,1476.75,105.48,5,0.09,843,1
16,22,3045.08,138.41,2,0.44,1711,0
226,7,1964.59,280.66,6,0.85,233,1
248,17,1674.29,98.49,2,0.43,1168,1
22,34,4467.31,131.39,1,0.52,1764,0
298,48,718.8,14.98,9,0.78,1655,0
74,24,953.04,39.71,3,0.71,1017,0
325,37,3342.53,90.34,2,0.51,726,1
201,26,3915.18,150.58,7,0.97,288,1
118,23,4162.75,180.99,7,0.04,499,1
22,26,1163.44,44.75,1,0.05,1458,0
7,47,4411.75,93.87,0,0.43,78,0
270,3,3051.66,1017.22,8,0.16,1323,1
138,26,4117.86,158.38,5,0.22,1698,1
306,3,351.92,117.31,4,0.15,802,1
84,43,1790.9,41.65,4,0.69,1482,0
336,30,2629.07,87.64,5,0.42,1795,1
343,3,2889.02,963.01,6,0.83,1397,1
38,31,504.37,16.27,0,0.25,928,0
236,22,2697.9,122.63,2,0.62,1042,1
343,3,3330.78,1110.26,9,0.21,411,1
118,48,1814.36,37.8,1,0.01,266,0
25,19,2508.69,132.04,9,0.69,1450,0
319,2,1469.91,734.96,4,0.15,962,1
173,31,4353.8,140.45,1,0.69,1697,0
10,19,3000.04,157.9,5,0.69,1363,0
306,33,2760.86,83.66,6,0.67,500,1
248,8,4722.34,590.29,3,0.59,1757,1
26,41,3328.01,81.17,7,0.88,42,0
95,21,1406.32,66.97,0,0.08,201,0
7,21,3212.35,152.97,1,0.93,1123,0
348,40,4808.5,120.21,6,0.07,1114,1
10,27,127.56,4.72,5,0.5,1345,0
290,1,3136.69,3136.69,6,0.92,1191,1
187,29,792.61,27.33,8,0.27,498,1
213,32,4084.13,127.63,9,0.84,296,0
296,16,3207.02,200.44,5,0.59,1759,1
326,9,4685.58,520.62,5,0.86,637,1
47,3,3351.19,1117.06,9,0.05,330,1
7,42,95.92,2.28,9,0.56,154,0
46,1,2556.67,2556.67,0,0.19,1468,1
249,29,4519.3,155.84,5,0.02,1546,1
207,41,1169.19,28.52,9,0.69,1602,0
31,18,423.65,23.54,0,0.75,1560,0
86,10,3602.24,360.22,9,0.74,336,1
196,36,2517.52,69.93,7,0.73,55,0
266,31,247.5,7.98,1,0.8,929,0
125,1,1406.78,1406.78,6,0.47,941,1
346,29,1640.48,56.57,4,0.35,80,1
362,1,3342.63,3342.63,3,0.77,1603,1
279,20,2363.29,118.16,6,0.67,1182,1
166,15,2441.08,162.74,7,0.2,1253,1
320,41,4034.95,98.41,8,0.44,1010,1
265,48,1399.3,29.15,4,0.18,1813,1
190,35,3366.14,96.18,1,0.78,1426,0
162,36,1844.11,51.23,8,0.25,1067,0
303,2,2097.67,1048.84,3,0.62,929,1
203,4,2783.95,695.99,7,0.74,1528,1
67,39,3481.28,89.26,7,0.99,665,0
364,21,4726.52,225.07,0,0.43,1575,1
25,25,1352.37,54.09,4,0.87,275,0
253,34,527.69,15.52,0,0.66,94,0
239,18,2149.67,119.43,6,0.01,121,1
214,34,2738.11,80.53,7,0.39,687,1
19,36,1147.74,31.88,5,0.39,979,0
180,12,4453.57,371.13,3,0.12,1638,1
325,34,3996.25,117.54,9,0.44,1679,1
88,9,2473.38,274.82,0,0.12,86,0
252,16,2255.82,140.99,1,0.84,1404,1
313,39,213.3,5.47,3,0.36,391,1
347,49,2689.08,54.88,9,0.18,735,1
188,4,2982.78,745.7,8,0.6,1570,1
115,32,4459.24,139.35,5,0.86,1795,0
255,28,2510.48,89.66,9,0.93,1454,1
177,30,795.31,26.51,9,0.89,360,1
229,39,908.48,23.29,5,0.88,98,0
270,4,807.74,201.94,1,0.35,1820,1
259,37,4693.29,126.85,8,0.51,452,1
89,14,3969.01,283.5,6,0.37,443,1
276,8,4125.58,515.7,1,0.92,966,1
198,22,4203.76,191.08,8,0.09,331,1
339,2,487.22,243.61,3,0.55,1225,1
241,31,3513.86,113.35,7,0.25,1570,1
325,28,3524.64,125.88,2,0.85,651,1
357,26,1131.86,43.53,0,0.34,871,1
363,2,2458.42,1229.21,4,0.86,1645,1
272,38,3315.53,87.25,4,0.93,1630,1
218,2,4487.71,2243.86,8,0.17,197,1
43,13,561.02,43.16,1,0.75,1372,0
141,20,4462.04,223.1,9,0.35,65,1
174,35,4612.85,131.8,1,0.4,311,0
285,20,4618.81,230.94,9,0.27,1156,1
215,41,34.13,0.83,7,0.62,248,0
160,46,1112.78,24.19,3,0.34,360,0
54,38,3459.31,91.03,9,0.74,831,0
261,2,1615.48,807.74,3,0.78,776,1
158,38,314.81,8.28,6,0.4,1037,0
14,11,3817.08,347.01,0,0.0,1682,1
104,44,152.68,3.47,1,0.07,789,0
321,48,2235.65,46.58,3,0.27,579,1
44,5,4738.4,947.68,2,0.95,410,0
148,5,2206.76,441.35,2,0.39,1604,1
187,35,4560.32,130.29,3,0.74,420,0
31,8,2050.93,256.37,6,0.94,37,0
61,48,1739.96,36.25,1,0.34,945,0
343,27,545.84,20.22,7,0.56,1343,1
215,29,1796.87,61.96,8,0.85,55,1
77,43,1691.56,39.34,8,0.61,1172,0
62,11,4234.29,384.94,1,0.11,817,0
155,28,4600.38,164.3,8,0.77,1423,1
264,49,119.43,2.44,1,0.9,89,0
266,2,500.3,250.15,1,0.77,1640,1
72,9,3219.71,357.75,7,0.75,1597,1
265,8,2428.87,303.61,7,0.76,1262,1
327,17,1491.42,87.73,1,0.61,1143,1
83,7,1306.94,186.71,4,0.25,1293,1
10,9,1131.13,125.68,4,0.91,317,0
350,42,2632.0,62.67,7,0.13,1639,1
191,23,97.22,4.23,5,0.83,1409,1
283,18,3697.03,205.39,6,0.36,1385,1
117,21,1508.94,71.85,0,0.67,914,0
109,48,2139.89,44.58,9,0.81,282,0
82,25,2639.99,105.6,5,0.8,946,0
79,23,1064.68,46.29,6,0.16,1008,1
172,46,4419.68,96.08,4,0.61,489,0
39,2,3413.65,1706.82,2,0.21,1688,1
307,24,4352.78,181.37,6,0.11,736,1
187,37,2382.5,64.39,2,0.51,1742,0
334,26,2167.98,83.38,2,0.99,1606,0
183,43,1193.34,27.75,5,0.98,164,0
111,44,2728.75,62.02,3,0.57,294,0
188,17,2969.89,174.7,8,0.77,734,1
57,41,2105.42,51.35,6,0.25,1149,0
300,12,735.46,61.29,3,0.22,233,1
263,12,1372.79,114.4,0,0.71,419,1
54,48,81.12,1.69,3,0.79,1566,0
212,1,1602.5,1602.5,1,0.74,828,1
196,18,2907.99,161.55,2,0.1,1027,1
74,31,4779.0,154.16,2,0.36,986,0
45,21,897.71,42.75,6,0.04,1769,0
277,42,286.77,6.83,1,0.79,248,0
97,13,1488.59,114.51,1,0.31,965,1
189,28,792.42,28.3,0,0.43,170,1
91,7,3480.64,497.23,9,0.58,113,0
238,11,38.69,3.52,9,0.0,898,1
18,9,4904.53,544.95,2,0.35,1651,1
131,37,4279.78,115.67,4,0.73,764,0
200,10,2458.45,245.84,3,0.29,1317,1
160,33,4605.5,139.56,5,0.57,1683,0
223,17,3144.02,184.94,5,0.98,41,1
66,28,4968.89,177.46,2,0.12,1282,1
161,43,1398.75,32.53,6,0.27,1642,1
276,43,4984.56,115.92,0,0.68,1639,1
122,1,909.43,909.43,6,0.6,1350,1
58,39,1773.56,45.48,7,0.98,1696,0
309,47,4677.27,99.52,0,0.03,1110,1
284,33,1859.01,56.33,7,0.88,64,1
248,10,1057.08,105.71,7,0.49,1792,1
291,33,306.84,9.3,9,0.23,1609,1
284,32,753.3,23.54,8,0.5,371,1
272,33,1782.56,54.02,0,0.41,1750,1
186,22,2111.95,96.0,0,0.18,1199,0
8,26,2716.83,104.49,1,0.22,842,0
218,32,4069.8,127.18,5,0.29,1499,1
100,23,76.94,3.35,7,0.55,1171,0
282,38,4207.17,110.72,6,0.08,1446,1
171,35,2890.47,82.58,3,0.09,651,0
330,15,3784.83,252.32,2,0.33,729,1
217,30,3787.33,126.24,0,0.71,207,0
201,38,4516.98,118.87,3,0.98,1626,0
335,25,475.97,19.04,3,0.01,501,1
173,36,2861.86,79.5,3,0.97,276,0
137,7,4546.06,649.44,0,0.69,174,1
136,19,3598.84,189.41,2,0.9,722,0
319,35,491.96,14.06,8,0.54,903,1
276,44,3073.68,69.86,2,0.46,1527,1
60,32,4001.41,125.04,8,0.79,1203,0
180,33,1381.56,41.87,0,0.55,1477,0
136,17,3166.14,186.24,6,0.9,39,1
236,35,4203.66,120.1,1,0.89,82,1
20,18,2624.1,145.78,3,0.53,440,0
260,3,978.99,326.33,9,0.57,722,1
271,13,2752.91,211.76,7,0.46,162,1
83,30,2944.14,98.14,5,0.69,1587,0
55,48,2020.24,42.09,6,0.68,1763,0
229,25,3401.29,136.05,6,0.65,900,1
94,43,2172.33,50.52,7,0.06,1471,1
343,39,4388.25,112.52,5,0.96,372,1
283,28,3960.21,141.44,5,0.34,85,1
348,40,4025.81,100.65,0,0.25,1643,1
195,20,2635.12,131.76,9,0.21,1491,1
342,22,989.78,44.99,5,0.07,1390,1
6,37,3624.86,97.97,2,0.46,1514,0
106,32,353.92,11.06,1,0.04,1304,0
1,26,2592.7,99.72,6,0.16,1475,0
247,22,274.37,12.47,7,0.01,1766,1
186,48,2646.81,55.14,8,0.17,1606,0
105,4,3432.75,858.19,8,1.0,1627,1
112,3,2101.8,700.6,8,0.54,870,1
235,24,2090.35,87.1,6,0.07,1499,1
66,2,622.74,311.37,9,0.56,459,1
188,17,1516.23,89.19,0,0.6,593,0
224,28,2226.93,79.53,3,0.55,1592,1
88,20,4319.18,215.96,4,0.34,682,0
84,10,4490.92,449.09,6,0.66,1528,1
129,14,4768.36,340.6,2,0.14,919,1
216,30,510.32,17.01,2,0.22,523,1
93,47,1488.09,31.66,9,0.99,768,0
139,39,2319.94,59.49,6,0.42,1072,1
198,27,3212.3,118.97,6,0.15,143,1
68,7,3516.96,502.42,1,0.22,1029,1
208,12,3932.22,327.68,5,0.72,218,1
51,22,2484.41,112.93,4,0.12,905,0
52,13,2787.36,214.41,6,0.35,610,1
87,34,4803.25,141.27,9,0.33,1122,1
105,18,1207.74,67.1,2,0.23,1536,1
11,41,4020.76,98.07,8,0.48,180,0
351,14,3561.97,254.43,6,0.11,182,1
113,25,709.05,28.36,4,0.46,846,1
293,36,4633.19,128.7,9,0.03,1383,1
329,11,4278.23,388.93,1,0.97,532,1
292,38,3899.73,102.62,6,0.6,1434,1
303,29,642.6,22.16,3,0.08,34,1
37,32,706.96,22.09,6,0.19,559,0
136,23,3419.16,148.66,1,0.74,961,0
272,46,545.28,11.85,7,0.73,1153,1
210,38,575.44,15.14,0,0.36,684,0
3,10,2007.39,200.74,3,0.15,1613,1
207,28,36.84,1.32,9,0.54,804,1
293,45,3610.2,80.23,6,0.28,1171,1
302,14,2705.63,193.26,4,0.1,229,1
140,27,400.09,14.82,3,0.35,1698,1
87,37,2722.48,73.58,0,0.75,937,0
113,14,279.9,19.99,1,0.35,873,1
108,26,362.77,13.95,7,0.04,514,0
127,28,2432.48,86.87,2,0.12,1120,1
110,9,2504.12,278.24,0,0.6,31,0
167,9,1701.58,189.06,4,0.52,841,1
15,28,3112.64,111.17,3,0.67,1430,0
101,9,1942.92,215.88,9,0.57,1425,1
115,47,2938.93,62.53,2,0.5,1156,0
56,26,1755.43,67.52,2,0.48,702,0
320,35,3577.69,102.22,1,0.96,977,1
246,20,2900.64,145.03,1,0.86,333,1
332,15,808.62,53.91,5,0.38,1146,1
205,24,3434.48,143.1,2,0.65,418,1
40,35,3921.84,112.05,7,0.02,610,0
330,20,338.71,16.94,8,0.02,1347,1
167,14,3053.7,218.12,4,0.32,250,1
250,8,3954.24,494.28,2,0.75,622,1
139,27,582.12,21.56,8,0.93,670,0
180,34,4509.25,132.62,9,0.68,1728,0
179,26,2079.85,79.99,9,0.71,1446,0
104,13,3691.82,283.99,9,0.03,698,1
202,13,4496.26,345.87,8,0.93,1121,1
268,19,4948.29,260.44,7,0.09,460,1
8,18,2923.79,162.43,9,0.95,1450,0
48,10,3524.33,352.43,3,0.14,648,1
307,47,1265.98,26.94,9,0.03,1649,1
208,17,1457.33,85.73,0,0.56,1629,1
355,13,4255.34,327.33,8,0.11,478,1
221,30,1997.24,66.57,3,0.03,764,1
238,40,4113.95,102.85,2,0.67,1671,0
328,23,262.48,11.41,6,0.74,202,1
241,33,1099.08,33.31,1,0.29,1219,1
120,5,858.77,171.75,9,0.53,956,1
193,27,2640.07,97.78,7,0.59,1036,0
86,4,411.85,102.96,0,0.16,1057,1
122,7,1725.91,246.56,8,0.44,933,1
248,30,4931.36,164.38,1,0.64,645,1
55,11,3973.14,361.19,8,0.89,871,0
245,2,3805.35,1902.68,8,0.42,1785,1
213,9,684.22,76.02,6,0.7,162,1
113,38,1829.15,48.14,6,0.5,318,0
17,29,3406.13,117.45,8,0.71,128,0
257,19,117.91,6.21,8,0.79,1152,1
301,48,2175.54,45.32,7,0.53,624,1
266,19,4643.66,244.4,1,0.06,110,1
154,43,420.88,9.79,6,0.88,395,0
238,17,4532.23,266.6,2,0.6,496,1
151,2,980.66,490.33,0,0.6,185,1
131,6,953.65,158.94,1,0.51,1406,1
120,14,985.23,70.37,4,0.17,73,1
77,10,4656.97,465.7,9,0.49,1614,0
353,8,3022.69,377.84,0,0.54,1786,1
243,19,3756.44,197.71,0,0.38,1676,1
64,48,1838.37,38.3,0,0.15,410,0
315,10,4367.52,436.75,1,0.76,439,1
56,12,2913.87,242.82,5,0.46,1797,1
217,49,3003.18,61.29,8,0.7,1148,0
61,10,3764.08,376.41,0,0.05,1007,0
132,41,3870.48,94.4,8,0.5,1582,0
240,31,3412.5,110.08,9,0.07,374,1
364,46,603.36,13.12,0,0.73,759,1
362,28,4334.97,154.82,4,0.58,290,1
326,30,1311.89,43.73,8,0.45,1464,1
86,12,4981.01,415.08,6,0.97,390,0
35,29,1933.68,66.68,1,0.33,266,0
330,33,608.79,18.45,1,0.42,682,1
337,49,1587.27,32.39,4,0.74,1043,0
102,5,2871.94,574.39,8,0.53,397,1
7,8,1963.32,245.42,9,0.66,1645,0
236,1,4145.12,4145.12,4,0.98,1516,1
28,39,3414.21,87.54,5,0.7,1681,0
15,5,1075.12,215.02,5,0.15,688,1
342,45,2698.88,59.98,4,0.21,727,1
181,18,3939.78,218.88,6,0.87,975,0
41,15,4457.26,297.15,2,0.05,1662,1
239,48,1980.77,41.27,5,0.51,929,0
135,36,4623.08,128.42,6,0.91,727,0
196,27,189.49,7.02,5,0.78,1213,0
328,44,3386.69,76.97,9,0.12,268,1
87,37,3912.1,105.73,7,0.74,1820,0
236,32,2131.46,66.61,7,0.38,1266,1
302,16,64.76,4.05,8,0.9,826,1
155,49,3438.31,70.17,5,0.57,192,0
354,36,1719.4,47.76,3,0.55,609,1
164,47,767.55,16.33,5,0.01,1058,1
168,48,793.97,16.54,9,0.25,1778,0
322,27,3848.13,142.52,8,0.41,904,1
232,18,945.07,52.5,3,0.72,1820,1
317,47,2425.65,51.61,4,0.52,959,1
288,49,4852.24,99.03,2,0.85,1431,1
260,6,3796.51,632.75,0,0.03,205,1
88,32,2740.5,85.64,3,0.32,1461,0
146,30,2646.09,88.2,1,0.6,464,0
315,37,844.96,22.84,3,0.66,761,1
225,48,2237.65,46.62,0,0.5,610,0
102,13,733.05,56.39,3,0.4,997,0
120,48,427.07,8.9,7,0.07,1132,0
283,32,554.59,17.33,8,0.7,661,1
65,5,3036.99,607.4,8,0.9,132,1
41,26,975.83,37.53,5,0.81,1140,0
279,7,755.23,107.89,5,0.7,784,1
105,47,4336.98,92.28,9,0.63,1512,0
279,38,618.84,16.29,5,0.77,1277,1
195,45,3531.12,78.47,0,0.78,701,0
364,30,2090.83,69.69,9,0.01,123,1
192,20,2899.61,144.98,6,0.36,990,1
316,21,126.54,6.03,6,0.87,1457,1
310,47,10.1,0.21,0,0.85,1421,1
78,8,4088.07,511.01,4,0.71,630,1
363,44,2382.45,54.15,4,0.31,404,1
272,21,365.82,17.42,8,0.8,161,1
40,29,1723.85,59.44,3,0.23,1125,0
3,33,2536.71,76.87,3,0.22,501,0
99,5,686.11,137.22,6,0.54,1422,1
6,8,2736.23,342.03,0,0.57,1101,0
131,8,2648.47,331.06,7,0.35,123,1
363,39,3018.15,77.39,0,0.6,1270,1
175,4,4053.21,1013.3,2,0.71,485,1
9,30,2069.77,68.99,4,0.18,1595,0
180,6,4443.91,740.65,1,0.29,75,1
80,38,2378.62,62.6,0,0.7,687,0
312,48,2291.17,47.73,4,0.93,41,0
33,21,3281.87,156.28,7,0.88,1166,0
281,11,3091.43,281.04,2,0.13,887,1
163,22,67.06,3.05,2,0.57,986,0
7,34,4912.33,144.48,6,0.8,1287,0
246,36,4714.04,130.95,9,0.24,1638,1
166,32,1413.62,44.18,5,0.64,717,1
281,29,2797.33,96.46,5,0.43,1053,1
225,31,3854.72,124.35,8,0.66,1144,1
287,11,4603.13,418.47,0,0.03,1612,1
168,11,2933.67,266.7,9,0.31,373,1
3,46,104.51,2.27,4,0.31,969,0
48,29,3406.58,117.47,3,0.42,1531,0
168,43,474.46,11.03,6,0.11,535,0
145,31,3359.18,108.36,9,0.44,680,0
290,23,2941.26,127.88,9,0.54,835,1
150,28,3206.94,114.53,7,0.03,1299,1
314,34,954.4,28.07,4,0.3,1233,1
69,10,2473.11,247.31,1,0.18,263,1
141,23,3093.6,134.5,1,0.97,399,0
276,36,1508.46,41.9,8,0.13,1498,1
46,5,916.3,183.26,1,0.63,1239,0
117,4,1121.18,280.3,4,0.4,959,1
274,8,4291.5,536.44,4,0.29,784,1
215,29,2328.07,80.28,7,0.85,1771,1
284,12,3308.76,275.73,3,0.66,1614,1
188,22,2579.3,117.24,7,0.62,757,1
313,7,4172.29,596.04,5,0.09,661,1
320,13,2547.39,195.95,8,0.26,1597,1
355,1,475.69,475.69,1,0.28,650,1
45,40,997.94,24.95,7,0.43,769,0
216,23,76.19,3.31,7,0.92,1675,0
42,9,4159.31,462.15,8,0.4,223,0
84,26,3319.73,127.68,4,0.33,1292,0
110,46,3798.42,82.57,3,0.07,1264,0
236,41,3577.95,87.27,5,0.38,710,1
157,44,4124.15,93.73,9,0.05,358,0
315,20,4934.98,246.75,1,0.37,1575,1
109,18,3270.82,181.71,6,0.97,1465,0
225,16,1268.81,79.3,2,0.56,1570,1
278,15,515.94,34.4,7,0.21,631,1
357,46,2952.84,64.19,4,0.3,1758,1
90,7,3856.08,550.87,8,0.57,1387,0
268,42,2812.24,66.96,1,0.02,460,0
31,45,1524.74,33.88,1,0.9,894,0
198,42,3601.48,85.75,9,0.58,598,0
151,31,2245.38,72.43,3,0.49,993,0
349,42,1440.08,34.29,0,0.72,368,1
282,2,4207.01,2103.5,8,0.2,1348,1
338,41,2886.83,70.41,4,0.02,854,1
310,26,1424.41,54.78,9,0.62,1223,1
150,47,1649.74,35.1,4,0.16,1181,0
267,5,2862.61,572.52,7,0.01,1222,1
12,46,2120.39,46.1,5,0.93,1394,0
204,29,810.99,27.97,4,0.79,1212,0
18,6,3056.24,509.37,4,0.11,955,1
264,25,3448.66,137.95,2,0.9,1080,0
352,2,10.54,5.27,7,0.07,1162,1
249,5,2688.98,537.8,5,0.8,1478,1
306,27,2890.04,107.04,0,0.41,884,1
86,40,1667.0,41.68,3,0.52,568,0
362,6,1700.27,283.38,4,0.67,483,1
201,13,1595.12,122.7,8,0.1,355,1
246,20,2232.19,111.61,4,0.91,1111,1
281,27,4061.58,150.43,5,0.14,1349,1
233,1,2350.44,2350.44,0,0.94,599,1
116,32,4968.31,155.26,3,0.09,998,0
223,25,1887.03,75.48,2,0.17,697,1
239,48,3499.32,72.9,4,0.06,1646,1
313,15,2749.34,183.29,8,0.4,1656,1
176,25,3813.82,152.55,9,0.59,1762,0
183,4,4442.94,1110.73,2,0.63,1575,1
184,45,2563.3,56.96,6,0.83,1586,0
42,41,2477.45,60.43,9,0.53,1030,0
33,18,4714.17,261.9,2,0.51,1012,0
8,23,4668.96,203.0,4,0.33,571,0
243,43,4985.01,115.93,5,0.65,1383,0
153,15,790.81,52.72,0,0.91,604,0
316,12,27.81,2.32,4,0.36,630,1
256,12,2192.18,182.68,1,0.36,1727,1
52,35,3669.37,104.84,3,0.34,56,0
37,11,373.55,33.96,1,0.23,242,0
134,5,1874.27,374.85,7,0.57,1430,1
336,9,2911.48,323.5,8,0.11,1259,1
18,49,1070.61,21.85,2,0.83,1432,0
69,43,3658.4,85.08,0,0.14,868,0
11,47,1155.39,24.58,4,0.17,44,0
151,14,4204.95,300.35,1,0.07,564,1
361,22,1747.88,79.45,4,0.38,1580,1
249,25,2997.26,119.89,5,0.76,1225,1
180,26,2725.33,104.82,4,0.91,1612,0
53,2,1489.27,744.64,5,0.43,46,1
130,30,2200.97,73.37,5,0.24,605,0
191,2,4231.41,2115.7,1,0.73,1263,1
101,14,2746.24,196.16,6,0.69,60,1
257,15,287.38,19.16,6,0.68,836,1
357,34,3568.03,104.94,1,0.44,1602,1
75,44,920.44,20.92,4,0.57,320,0
92,35,2435.45,69.58,2,0.06,156,1
46,22,2348.01,106.73,3,0.25,1173,0
265,26,2437.57,93.75,7,0.93,446,0
169,26,164.76,6.34,5,0.04,360,1
104,8,1369.22,171.15,9,0.3,1003,1
80,47,263.17,5.6,5,0.23,1118,0
26,46,2080.63,45.23,0,0.13,1495,0
174,12,3110.47,259.21,7,0.92,216,1
249,6,3273.83,545.64,0,0.13,1433,1
86,9,332.09,36.9,3,0.49,1232,1
1,31,603.26,19.46,9,0.84,1252,0
173,2,3310.92,1655.46,9,0.0,458,1
246,6,2660.63,443.44,1,0.11,1517,1
126,32,4168.73,130.27,9,0.34,251,0
92,8,1033.66,129.21,9,0.15,1260,1
57,4,610.51,152.63,8,0.18,271,1
272,2,1816.5,908.25,8,0.59,1174,1
314,35,3188.97,91.11,0,0.17,840,1
281,18,2434.98,135.28,1,0.64,331,1
189,14,501.98,35.86,6,0.92,379,1
264,32,365.75,11.43,1,0.23,819,1
145,9,3391.69,376.85,2,0.21,687,1
9,26,1491.87,57.38,9,0.01,840,0
134,24,3350.72,139.61,9,0.01,807,1
257,34,1481.63,43.58,2,0.4,63,1
236,31,1580.82,50.99,5,0.49,800,1
361,34,1056.98,31.09,5,0.18,757,1
364,11,4918.75,447.16,2,0.32,732,1
89,7,90.19,12.88,2,0.14,437,1
4,27,644.99,23.89,4,0.68,375,0
100,3,4183.09,1394.36,6,0.39,190,1
319,23,699.43,30.41,8,0.73,1151,1
297,31,1410.68,45.51,8,0.55,1010,1
36,41,1321.3,32.23,0,0.38,1487,0
59,33,3487.96,105.7,6,0.63,455,0
206,49,2061.89,42.08,6,0.01,762,1
241,28,4204.53,150.16,0,0.69,371,1
358,22,3739.66,169.98,8,0.37,1717,1
275,13,2660.2,204.63,5,0.51,1442,1
78,33,1252.82,37.96,7,0.52,297,0
14,40,3964.17,99.1,6,0.56,1484,0
231,16,4331.29,270.71,3,0.7,1687,1
202,4,4183.05,1045.76,2,0.11,1216,1
336,1,268.05,268.05,3,0.49,1808,1
210,31,3492.81,112.67,7,0.08,370,1
183,33,3522.65,106.75,6,0.23,548,1
111,6,4715.95,785.99,6,0.19,1165,1
32,2,1324.76,662.38,1,0.6,996,0
319,33,3933.87,119.21,0,0.61,1310,1
301,20,3448.59,172.43,6,0.83,1763,1
60,21,4394.85,209.28,9,0.52,448,0
257,13,3469.61,266.89,3,0.74,1595,1
133,36,4263.75,118.44,4,0.89,268,0
160,37,1804.28,48.76,9,0.13,854,1
309,3,796.55,265.52,2,0.72,808,1
307,5,1823.13,364.63,5,0.33,1477,1
70,28,4077.11,145.61,0,0.28,791,0
112,30,666.93,22.23,2,0.96,1520,0
299,8,3193.35,399.17,3,0.21,305,1
334,8,4937.9,617.24,6,0.91,1813,1
29,34,4476.12,131.65,3,0.82,374,0
304,23,3359.2,146.05,4,0.88,1092,1
179,6,3965.23,660.87,2,0.59,926,1
215,30,591.22,19.71,1,0.58,192,0
28,4,2499.18,624.79,7,0.4,976,1
248,12,2664.24,222.02,6,0.4,1597,1
247,35,3915.65,111.88,6,0.85,995,1
242,11,1420.14,129.1,5,0.39,1291,1
288,4,541.36,135.34,1,0.49,1792,1
345,48,3493.59,72.78,5,1.0,573,1
310,12,2468.04,205.67,7,0.35,101,1
272,26,4213.05,162.04,4,0.82,1266,1
358,41,2412.63,58.84,7,0.28,1441,1
246,49,4232.89,86.39,3,0.03,285,0
245,40,2544.1,63.6,5,0.59,661,0
198,17,3915.67,230.33,3,0.48,673,1
280,42,3606.52,85.87,9,0.79,1381,1
26,1,1337.75,1337.75,1,0.0,1602,1
185,16,1553.9,97.12,2,0.07,1350,1
155,10,4496.99,449.7,6,0.86,562,1
333,26,1162.73,44.72,0,0.48,1142,1
27,44,3490.53,79.33,5,0.51,512,0
235,38,734.15,19.32,0,0.23,1162,1
68,49,3778.24,77.11,5,0.93,1762,0
322,7,1124.22,160.6,3,0.91,1221,1
311,37,2974.39,80.39,1,0.52,1439,1
86,36,2825.58,78.49,4,0.22,1371,0
318,23,1025.54,44.59,3,0.98,885,1
181,5,2462.1,492.42,0,0.89,266,1
354,6,4397.45,732.91,5,0.52,1781,1
266,45,3405.84,75.69,5,0.63,677,1
13,15,4963.35,330.89,6,0.44,1621,0
74,32,3924.93,122.65,9,0.21,1541,1
147,47,3220.84,68.53,7,0.68,1257,0
77,25,2820.38,112.82,7,0.67,1013,0
49,11,4687.77,426.16,6,0.55,521,0
357,24,2639.8,109.99,6,0.81,275,1
317,12,2019.34,168.28,7,0.45,1596,1
159,9,4174.12,463.79,6,0.86,1756,1
79,40,4701.82,117.55,5,0.22,1237,0
67,17,2399.8,141.16,7,0.96,1803,0
334,34,694.82,20.44,9,0.21,418,1
121,36,3045.78,84.6,4,0.16,950,1
5,27,3707.0,137.3,2,0.6,343,0
145,27,1874.44,69.42,4,0.09,987,1
166,9,3741.92,415.77,0,0.17,1629,1
227,26,2659.95,102.31,3,0.73,554,0
124,37,1513.77,40.91,8,0.31,785,1
336,10,3151.31,315.13,0,0.8,956,1
235,12,1950.85,162.57,8,0.16,862,1
360,34,3936.26,115.77,5,0.39,1768,1
134,49,25.37,0.52,3,0.39,795,0
238,20,4092.71,204.64,4,0.48,486,1
133,41,1539.81,37.56,8,0.41,617,0
255,9,4798.54,533.17,1,0.39,576,1
272,28,3798.23,135.65,5,0.33,595,1
118,47,1212.79,25.8,2,0.02,1641,0
342,22,4894.21,222.46,5,0.62,950,1
313,25,2502.91,100.12,7,0.47,719,1
326,8,2619.39,327.42,9,0.37,283,1
80,26,4548.5,174.94,2,0.21,1775,1
262,29,4592.83,158.37,6,0.89,305,1
39,49,3487.44,71.17,4,0.24,657,0
39,10,4892.46,489.25,5,0.92,1285,0
355,18,1651.06,91.73,1,0.22,38,1
56,32,1169.36,36.54,8,0.97,597,0
315,47,155.99,3.32,1,0.42,1741,1
157,12,1738.26,144.85,0,0.53,73,1
111,35,3017.14,86.2,7,0.3,455,1
27,44,1533.84,34.86,4,0.94,184,0
246,32,2902.31,90.7,0,0.28,1275,1
263,21,251.44,11.97,6,0.73,50,1
170,12,1776.91,148.08,2,0.02,115,1
295,15,3742.54,249.5,9,0.56,878,1
118,3,530.59,176.86,9,0.74,1373,1
201,8,3577.04,447.13,5,0.47,1653,1
105,22,3818.92,173.59,4,0.64,425,0
212,7,2848.12,406.87,4,0.77,1056,1
50,1,4431.58,4431.58,6,0.5,1466,1
174,34,4773.27,140.39,9,0.22,1339,1
200,4,183.04,45.76,6,0.4,1765,1
203,7,3398.62,485.52,0,0.73,165,1
163,30,1193.5,39.78,1,0.27,111,1
235,46,2046.83,44.5,6,0.63,1261,0
187,36,3119.54,86.65,3,0.15,690,0
104,2,3564.24,1782.12,4,0.93,1355,0
79,9,4202.55,466.95,4,0.6,1314,1
236,37,3529.88,95.4,5,0.47,824,0
342,36,3889.22,108.03,2,0.81,1818,0
275,20,2999.37,149.97,0,0.8,1612,1
233,47,594.12,12.64,2,0.1,681,1
336,44,116.94,2.66,6,0.31,39,1
328,37,2653.62,71.72,6,0.46,1815,1
185,37,3580.55,96.77,8,0.34,1768,1
40,39,553.24,14.19,1,0.32,1644,0
231,8,2152.19,269.02,1,0.35,130,1
227,35,1288.33,36.81,1,0.14,1321,1
101,47,2839.79,60.42,5,0.12,1754,0
310,12,1958.61,163.22,5,0.26,715,1
317,1,1015.32,1015.32,1,0.07,1384,1
121,18,31.92,1.77,4,0.51,993,0
174,14,1614.41,115.32,0,0.15,861,1
72,47,2585.65,55.01,6,0.07,1323,0
65,22,4646.75,211.22,5,0.84,1071,0
97,33,1145.11,34.7,0,0.59,1260,0
134,49,2566.15,52.37,0,0.9,431,0
100,39,2836.82,72.74,7,0.98,547,0
56,37,3249.65,87.83,8,0.59,1178,0
163,48,1649.55,34.37,8,0.8,1030,0
227,34,506.41,14.89,5,0.16,717,1
119,12,4607.57,383.96,5,0.7,1528,1
195,36,4764.25,132.34,8,0.55,642,0
99,16,2196.77,137.3,8,0.68,882,0
257,17,2907.07,171.0,9,0.1,597,1
237,32,154.84,4.84,3,0.94,1046,0
350,16,245.61,15.35,4,0.42,1039,1
20,2,392.57,196.28,0,0.78,617,0
311,49,3696.34,75.44,1,0.99,1418,0
124,28,1143.9,40.85,3,0.87,317,0
25,33,930.39,28.19,8,0.31,1412,0
252,40,51.59,1.29,4,0.4,148,1
63,32,124.26,3.88,5,0.65,479,0
65,30,2032.86,67.76,8,0.54,758,0
357,39,2712.97,69.56,4,0.41,790,1
81,15,2899.51,193.3,3,0.65,1164,0
200,41,2294.98,55.98,7,0.91,1714,0
74,36,2303.21,63.98,3,0.31,1394,0
46,9,3768.18,418.69,3,0.13,1007,0
1,8,1454.95,181.87,8,0.68,180,0
6,44,1196.21,27.19,4,0.59,1811,0
173,44,4273.08,97.12,2,0.91,601,0
158,49,3449.43,70.4,8,0.74,1143,0
15,5,2389.56,477.91,6,0.4,1480,1
128,44,1384.27,31.46,7,0.63,1285,0
100,43,691.54,16.08,3,0.86,231,0
208,38,196.73,5.18,7,0.35,496,0
363,25,4263.3,170.53,9,0.01,1812,1
252,25,2970.99,118.84,1,0.63,1408,1
335,22,238.69,10.85,1,0.03,1165,1
70,2,801.35,400.68,5,0.94,830,0
79,25,1405.03,56.2,7,0.17,1717,1
274,12,1322.73,110.23,0,0.37,1334,1
113,10,2746.47,274.65,5,0.95,1340,0
309,3,2003.22,667.74,1,0.08,1674,1
169,23,4412.26,191.84,9,0.0,1760,1
74,3,3599.86,1199.95,7,0.1,1572,1
308,42,4554.56,108.44,9,0.99,1224,0
201,44,4315.46,98.08,2,0.97,440,0
293,40,4607.63,115.19,7,0.38,511,1
165,15,4900.26,326.68,3,0.74,306,1
46,8,1565.37,195.67,1,0.74,1466,0
248,25,1056.31,42.25,4,0.1,630,1
46,33,834.11,25.28,4,0.24,435,0
242,2,3144.16,1572.08,5,0.89,1333,1
152,42,3408.02,81.14,8,0.17,1044,0
289,22,448.31,20.38,2,0.52,471,1
317,41,4107.15,100.17,6,0.24,699,1
149,4,3917.5,979.38,1,0.56,893,1
322,21,3146.08,149.81,8,0.2,1464,1
41,23,2183.71,94.94,4,0.22,41,0
40,3,776.75,258.92,7,0.05,1393,1
362,35,2532.91,72.37,2,0.99,171,1
210,46,804.25,17.48,3,0.11,1580,0
165,27,3028.84,112.18,9,0.42,241,1
57,20,1556.72,77.84,1,0.42,473,0
106,32,1244.06,38.88,5,0.3,692,0
250,18,2210.85,122.82,3,0.79,1820,1
300,18,2907.76,161.54,3,0.34,744,1
334,38,1843.65,48.52,6,0.63,1475,1
149,29,4818.38,166.15,7,0.54,490,1
166,13,39.43,3.03,4,0.86,724,1
60,20,4565.18,228.26,6,0.82,958,0
31,41,13.41,0.33,0,0.22,259,0
160,26,1091.39,41.98,2,0.75,83,0
211,4,4981.79,1245.45,7,0.79,657,1
38,42,3643.2,86.74,6,0.92,1441,0
149,37,3226.05,87.19,0,0.96,220,0
234,14,3633.2,259.51,8,0.74,1498,1
296,48,2047.4,42.65,4,0.45,1134,0
342,47,3923.21,83.47,3,0.29,522,1
124,49,782.79,15.98,4,0.86,232,0
143,19,3971.52,209.03,3,0.92,1018,0
319,46,4698.24,102.14,5,0.1,802,1
253,40,4289.86,107.25,1,0.55,225,0
100,43,3700.91,86.07,1,0.13,1228,0
250,27,3260.37,120.75,9,0.25,1532,1
58,14,2610.25,186.45,7,0.38,843,0
164,12,1982.16,165.18,3,0.31,840,1
112,48,4329.61,90.2,8,0.72,1612,0
362,25,3240.82,129.63,7,0.08,725,1
13,46,2180.15,47.39,6,0.61,462,0
312,28,3926.11,140.22,7,0.58,1550,1
103,27,279.98,10.37,9,0.79,970,0
14,4,4067.47,1016.87,8,0.1,1713,1
241,20,4055.4,202.77,2,0.33,1669,1
247,28,1150.36,41.08,7,0.7,1485,1
52,6,197.98,33.0,1,0.71,663,0
14,8,3571.4,446.42,5,0.45,1318,0
41,29,1007.36,34.74,0,0.46,878,0
149,13,4980.15,383.09,1,0.96,1401,0
49,35,55.82,1.59,7,0.33,1704,0
256,23,1156.66,50.29,3,0.15,1344,1
29,20,219.89,10.99,1,0.95,926,0
288,6,3915.45,652.57,9,0.81,1811,1
319,20,2897.69,144.88,9,0.24,1581,1
261,27,4243.69,157.17,2,0.86,469,1
344,29,4813.44,165.98,5,0.25,1718,1
342,14,3054.47,218.18,2,0.83,891,1
17,2,1166.45,583.22,8,0.63,489,1
125,46,472.32,10.27,6,0.48,559,0
277,47,4332.64,92.18,4,0.93,1440,0
124,45,1233.12,27.4,9,0.81,721,0
269,15,4468.66,297.91,7,0.13,1203,1
282,30,4392.66,146.42,1,0.71,828,1
363,7,3142.77,448.97,4,0.79,1801,1
121,45,3023.94,67.2,8,0.54,275,0
127,1,4754.62,4754.62,5,0.28,1081,1
9,24,3782.52,157.6,0,0.23,668,0
104,42,3419.58,81.42,7,0.97,1453,0
103,36,2184.35,60.68,4,0.44,1722,0
165,43,2425.15,56.4,2,0.52,650,0
154,25,1950.72,78.03,8,0.6,1659,1
312,5,4732.14,946.43,8,0.1,1118,1
282,1,3194.21,3194.21,5,0.08,128,1
266,8,3904.01,488.0,7,0.2,1427,1
2,3,195.63,65.21,2,0.07,1019,0
172,22,4263.61,193.8,7,0.9,1765,1
266,3,2094.02,698.01,9,0.15,853,1
90,10,3688.43,368.84,2,0.23,482,1
155,21,209.73,9.99,9,0.54,340,1
265,37,4470.43,120.82,0,0.9,171,0
290,34,3302.63,97.14,4,0.05,1296,1
312,3,2292.93,764.31,0,0.22,1782,1
157,45,1524.75,33.88,4,0.72,1191,0
146,27,1562.01,57.85,6,0.52,1111,1
140,18,1523.96,84.66,8,0.59,80,1
244,19,663.82,34.94,1,0.02,60,1
153,42,2324.41,55.34,8,0.87,925,0
146,23,2272.9,98.82,9,0.58,963,1
62,13,2065.56,158.89,0,0.83,794,0
175,21,3518.44,167.54,9,0.96,1710,0
87,4,2104.88,526.22,9,0.73,622,1
192,8,454.13,56.77,0,0.03,1797,1
324,16,4261.78,266.36,0,0.71,502,1
283,11,2131.25,193.75,7,0.56,614,1
175,18,3279.88,182.22,4,0.1,567,1
356,4,4650.18,1162.54,2,0.27,1433,1
357,30,3839.4,127.98,4,0.17,624,1
162,6,2698.61,449.77,3,0.92,853,1
278,11,2729.66,248.15,9,0.8,230,1
125,48,4249.16,88.52,2,0.7,744,0
320,1,4119.93,4119.93,0,0.76,388,1
136,14,901.48,64.39,8,0.6,1390,1
95,25,3136.24,125.45,8,0.86,1489,0
49,16,4329.92,270.62,8,0.23,514,1
307,16,4018.5,251.16,9,0.25,1803,1
109,7,632.33,90.33,0,0.59,795,0
297,21,2184.11,104.01,7,0.81,1528,1
32,38,2595.98,68.32,2,0.84,472,0
183,29,1296.47,44.71,4,0.98,1571,0
156,46,3400.7,73.93,4,0.76,286,0
160,35,2386.37,68.18,9,0.23,679,1
61,39,1494.57,38.32,5,0.23,710,0
27,22,1690.95,76.86,2,0.45,364,0
127,31,4284.78,138.22,0,0.65,1751,0
172,29,4332.34,149.39,5,0.51,557,1
289,40,4063.75,101.59,8,0.07,781,1
169,25,4570.21,182.81,7,0.48,59,1
90,20,4762.01,238.1,9,0.82,1256,0
96,4,2464.22,616.05,0,0.24,352,1
223,43,492.55,11.45,4,0.64,541,0
159,22,4002.35,181.92,6,0.27,1676,1
329,40,3170.83,79.27,8,0.56,1583,1
161,34,1908.78,56.14,3,0.7,235,0
207,1,4877.91,4877.91,6,0.21,1151,1
24,32,1700.04,53.13,2,0.74,1371,0
71,24,4539.09,189.13,5,0.68,1736,0
310,12,2967.0,247.25,7,0.31,462,1
126,13,192.84,14.83,8,0.89,615,0
154,32,4303.07,134.47,4,0.78,455,0
215,5,3813.44,762.69,4,0.52,995,1
22,30,3216.01,107.2,8,0.08,1112,0
185,42,3076.79,73.26,5,0.44,372,1
127,5,1101.99,220.4,3,0.33,70,1
55,1,1080.29,1080.29,2,0.26,273,1
153,3,155.57,51.86,7,0.64,404,1
163,36,779.15,21.64,7,0.92,1080,0
68,42,1689.04,40.22,5,0.15,389,0
198,49,2708.22,55.27,1,0.74,1472,0
272,2,662.73,331.36,1,0.62,1182,1
98,24,2792.29,116.35,2,0.67,388,0
352,3,1323.97,441.32,0,0.85,1807,1
223,19,1277.27,67.22,4,0.38,1291,1
282,16,4740.24,296.26,4,0.58,1591,1
26,30,4961.8,165.39,3,0.28,1235,0
280,45,4059.08,90.2,9,0.28,1215,1
123,40,281.42,7.04,2,0.51,896,0
259,4,3645.87,911.47,8,0.01,1207,1
293,12,900.34,75.03,1,0.25,1406,1
92,14,2850.41,203.6,6,0.15,1800,1
95,13,4469.63,343.82,8,0.12,1096,1
22,18,1907.18,105.95,8,0.38,1382,1
221,30,4644.92,154.83,5,0.1,1728,1
282,37,3544.78,95.8,2,0.15,1125,1
150,47,1512.05,32.17,3,0.67,1400,0
59,35,483.64,13.82,4,0.65,369,0
116,15,4078.6,271.91,8,0.95,1621,0
147,10,2295.72,229.57,3,0.92,1787,1
334,19,372.74,19.62,8,0.87,678,1
46,40,524.58,13.11,9,0.69,1622,0
125,49,4835.14,98.68,1,0.27,1485,0
233,20,1222.58,61.13,9,0.18,448,1
87,9,4833.29,537.03,5,0.95,1810,0
323,1,3408.99,3408.99,6,0.96,1079,1
331,4,1509.45,377.36,3,0.5,323,1
139,32,1924.8,60.15,3,0.55,224,0
272,29,3887.42,134.05,5,0.01,947,1
276,32,2182.72,68.21,1,0.15,964,1
249,2,383.01,191.5,7,0.55,1577,1
68,22,1156.77,52.58,6,0.18,946,1
19,9,4303.12,478.12,0,0.48,741,1
127,17,3483.91,204.94,2,0.79,598,0
48,31,2510.07,80.97,5,0.8,942,0
107,14,1235.02,88.22,7,0.86,507,0
233,33,2378.21,72.07,2,0.24,1371,1
215,15,3946.36,263.09,8,0.43,273,1
77,26,416.9,16.03,5,0.63,1510,0
7,23,4973.89,216.26,5,0.58,417,0
83,19,4300.22,226.33,1,1.0,388,0
166,7,1596.65,228.09,6,0.28,1778,1
284,29,4354.18,150.14,8,0.07,732,1
133,49,3411.76,69.63,2,0.39,1250,0
105,32,3335.11,104.22,5,0.52,738,0
201,37,707.15,19.11,0,0.39,1792,1
27,40,4530.41,113.26,2,0.32,304,0
83,2,2257.21,1128.6,0,0.26,866,1
14,39,4018.11,103.03,7,0.43,193,0
192,12,1504.62,125.38,9,0.69,1055,1
162,33,1546.94,46.88,0,0.15,1366,1
213,49,4823.8,98.44,7,0.87,870,0
225,44,2488.33,56.55,5,0.64,1559,0
144,21,308.85,14.71,7,0.11,1409,1
317,42,4180.18,99.53,5,0.02,1738,1
335,31,1143.88,36.9,9,0.05,1817,1
41,7,4394.98,627.85,0,0.09,1746,1
335,12,4583.03,381.92,1,0.64,807,1
72,47,373.1,7.94,2,0.94,1815,0
91,45,2916.32,64.81,7,0.13,1216,0
193,44,4907.81,111.54,0,0.28,178,0
11,19,4655.29,245.02,1,0.87,177,0
133,16,2630.96,164.44,7,0.51,742,1
71,40,3405.66,85.14,4,0.43,1028,0
176,1,3025.27,3025.27,7,0.47,177,1
297,44,1024.23,23.28,3,0.1,1065,1
337,30,3268.46,108.95,0,0.22,1246,1
78,32,1672.37,52.26,5,0.96,1274,0
199,22,1696.48,77.11,1,0.64,1775,1
173,48,2105.74,43.87,4,0.29,683,0
152,37,4262.36,115.2,8,0.95,95,0
231,3,1199.35,399.78,1,0.4,1749,1
361,26,1261.45,48.52,2,0.14,974,1
148,43,46.63,1.08,9,0.97,1161,0
24,4,783.48,195.87,3,0.67,987,0
334,37,4893.61,132.26,3,0.75,903,1
340,12,2175.01,181.25,6,0.02,323,1
118,25,983.87,39.35,1,0.28,1042,0
183,44,4828.75,109.74,0,0.95,1526,0
314,25,145.32,5.81,8,0.16,233,1
184,2,2425.99,1212.99,9,0.87,738,1
176,2,4024.96,2012.48,9,0.77,1708,1
336,37,3866.4,104.5,0,0.38,784,1
302,46,954.19,20.74,5,0.89,320,0
185,15,3541.87,236.12,8,0.92,1756,1
59,46,3115.22,67.72,8,0.87,275,0
160,23,3379.63,146.94,3,0.41,474,1
247,3,1337.86,445.95,4,0.59,864,1
100,27,4055.56,150.21,1,0.31,721,0
196,48,2800.6,58.35,1,0.13,777,0
240,13,3628.14,279.09,3,0.9,1412,1
31,48,4698.47,97.88,2,0.98,1029,0
208,32,4278.93,133.72,9,0.06,891,1
269,20,3913.86,195.69,0,0.69,1292,1
79,34,1455.35,42.8,5,0.95,1113,0
200,20,279.87,13.99,5,0.61,1158,1
259,5,2877.48,575.5,0,0.05,887,1
17,43,182.22,4.24,4,0.01,1025,0
235,19,3573.81,188.1,9,0.5,538,1
95,28,3686.74,131.67,1,0.94,772,0
145,37,2818.93,76.19,1,0.28,322,0
236,5,849.08,169.82,1,0.35,177,1
2,36,4379.85,121.66,0,0.8,1555,0
7,18,2983.65,165.76,8,0.8,1478,0
163,27,2579.31,95.53,0,0.94,524,0
346,23,2842.28,123.58,2,0.84,857,1
3,39,423.61,10.86,8,0.59,1820,0
288,10,3704.78,370.48,9,0.94,983,1
28,6,313.27,52.21,1,0.61,48,0
178,21,2896.16,137.91,3,0.6,1066,1
157,6,854.59,142.43,1,0.02,1613,1
171,12,1046.43,87.2,1,0.46,444,1
30,33,1173.94,35.57,9,0.04,1730,0
275,41,81.39,1.99,3,0.9,1399,0
101,34,4460.28,131.18,6,0.01,135,0
281,16,4023.13,251.45,1,0.31,1802,1
239,40,166.12,4.15,2,1.0,1156,0
201,20,294.36,14.72,3,0.8,417,0
113,9,3916.56,435.17,5,0.76,1434,1
238,38,43.95,1.16,9,0.71,1504,1
364,26,2350.3,90.4,2,0.05,1134,1
337,19,545.41,28.71,6,0.29,1760,1
334,33,2962.24,89.76,4,0.8,1609,1
80,36,4991.72,138.66,7,0.9,589,0
214,11,868.39,78.94,3,0.35,267,1
145,6,4783.85,797.31,4,0.26,1479,1
352,26,4328.74,166.49,6,0.24,1733,1
346,3,4929.42,1643.14,4,0.55,558,1
316,32,3833.28,119.79,7,0.29,1018,1
60,22,4286.4,194.84,0,0.02,946,0
117,11,2977.04,270.64,3,0.39,648,1
259,30,4337.75,144.59,1,0.55,996,1
273,19,566.45,29.81,1,0.63,972,1
128,20,3710.85,185.54,0,0.34,1798,1
50,11,3147.33,286.12,3,0.31,639,1
50,34,308.63,9.08,2,0.28,297,0
250,45,1465.04,32.56,7,0.62,847,0
166,31,1088.37,35.11,5,0.28,284,0
179,12,2031.83,169.32,7,0.92,310,1
297,41,999.78,24.38,8,0.28,1169,1
7,6,1381.4,230.23,7,0.79,1546,0
275,15,1487.19,99.15,4,0.32,237,1
100,2,3003.06,1501.53,9,0.63,729,1
339,42,683.02,16.26,3,0.7,358,1
348,3,1213.1,404.37,8,0.17,868,1
183,27,1592.57,58.98,1,0.38,1090,0
115,10,2250.85,225.08,9,0.13,1662,1
85,11,200.06,18.19,3,0.51,1635,1
67,30,4996.07,166.54,6,0.91,1658,0
364,40,1508.96,37.72,3,0.6,788,1
69,1,1443.85,1443.85,2,0.7,1444,1
163,8,2778.8,347.35,3,0.28,551,1
175,15,4271.62,284.77,6,0.47,83,1
248,47,2289.48,48.71,1,0.74,1699,0
307,3,1251.71,417.24,1,0.13,1656,1
204,9,2833.72,314.86,9,0.12,354,1
276,20,2419.88,120.99,0,0.22,368,1
207,16,2121.14,132.57,7,0.24,1658,1
160,3,4919.58,1639.86,3,0.96,816,1
58,27,4979.79,184.44,3,0.16,1447,1
76,30,2814.1,93.8,3,0.11,1650,1
158,9,349.34,38.82,3,0.14,1009,1
17,34,2838.92,83.5,7,0.2,200,0
116,3,4762.84,1587.61,8,0.37,1107,1
169,36,4629.21,128.59,3,0.2,268,0
173,13,1085.35,83.49,1,0.09,1264,1
297,11,958.7,87.15,0,0.14,1064,1
353,10,769.76,76.98,7,0.79,814,1
266,43,4100.72,95.37,9,0.52,869,1
29,25,2455.37,98.21,0,0.75,1757,0
149,34,1696.85,49.91,5,0.18,729,1
266,10,1630.79,163.08,2,0.31,1553,1
217,3,1384.31,461.44,2,0.98,1483,1
167,2,4414.27,2207.14,8,0.09,1817,1
159,22,2054.3,93.38,2,0.44,1635,1
148,16,1227.65,76.73,3,0.3,1145,1
211,38,3554.92,93.55,1,0.01,1809,1
66,39,3180.92,81.56,9,0.55,1287,0
189,16,3579.67,223.73,9,0.55,250,1
75,22,4111.56,186.89,9,0.32,202,1
248,19,515.16,27.11,2,0.47,1243,1
315,34,19.92,0.59,1,0.39,980,1
185,31,262.33,8.46,9,0.46,1594,1
142,32,3536.9,110.53,6,0.85,995,0
343,3,4673.14,1557.71,2,0.71,461,1
241,17,1662.22,97.78,0,0.28,1568,1
156,48,3908.16,81.42,7,0.24,891,1
11,17,3648.63,214.63,8,0.73,1742,0
6,9,4890.53,543.39,0,0.22,42,0
81,10,2359.26,235.93,4,0.91,62,0
87,2,838.7,419.35,4,0.83,271,1
263,39,3828.5,98.17,4,0.25,1747,1
183,1,4095.91,4095.91,3,0.8,255,1
364,30,3539.43,117.98,3,0.19,1309,1
197,20,4317.28,215.86,3,0.02,1300,1
329,5,1862.2,372.44,9,0.96,1609,1
202,44,3454.67,78.52,9,0.76,1146,0
131,37,1326.6,35.85,1,0.49,67,0
261,41,2237.74,54.58,7,0.84,99,1
164,46,1220.04,26.52,5,0.08,55,0
100,45,781.12,17.36,2,0.74,1099,0
173,35,189.41,5.41,1,0.96,802,0
243,27,3360.41,124.46,7,0.82,152,1
137,35,4377.61,125.07,3,0.43,67,0
257,22,1578.95,71.77,1,0.35,392,1
357,9,2151.88,239.1,9,0.89,891,1
150,19,27.7,1.46,9,0.29,1647,1
108,23,2070.15,90.01,4,0.94,1514,0
147,3,1413.8,471.27,4,0.32,832,1
306,42,2875.26,68.46,4,0.13,544,1
66,45,4543.5,100.97,1,0.24,1432,0
355,21,2535.7,120.75,1,0.52,1712,1
151,25,3380.91,135.24,2,0.13,594,0
307,42,3530.36,84.06,3,0.38,923,1
287,23,770.64,33.51,1,0.91,228,1
286,34,1739.39,51.16,0,0.09,262,1
331,26,574.6,22.1,9,0.61,1624,1
68,14,2209.33,157.81,8,0.4,435,1
217,39,4437.56,113.78,3,0.65,324,0
37,10,2409.86,240.99,6,0.49,602,0
109,11,2286.2,207.84,1,0.88,657,1
15,34,1054.52,31.02,9,0.4,395,0
249,35,1557.98,44.51,8,0.51,1288,1
222,47,4683.63,99.65,1,0.13,1060,1
270,35,1521.95,43.48,2,0.49,1092,0
65,2,3659.62,1829.81,3,0.11,1798,1
121,42,220.29,5.24,0,0.58,1695,0
247,21,650.29,30.97,3,0.43,536,1
301,1,1564.27,1564.27,6,0.78,1802,1
323,29,4508.09,155.45,7,0.42,1247,1
27,9,1104.27,122.7,0,0.63,293,0
147,21,3636.46,173.16,3,0.06,602,1
4,24,845.95,35.25,8,0.71,436,0
298,4,3068.08,767.02,8,0.96,1464,1
45,42,2938.27,69.96,5,0.45,1177,0
300,26,3113.52,119.75,7,0.01,1428,1
57,48,1438.52,29.97,2,0.6,293,0
6,23,818.89,35.6,8,0.15,955,0
320,30,4433.56,147.79,4,0.47,1003,1
160,40,2851.53,71.29,6,0.03,1252,1
155,11,1068.1,97.1,2,0.44,699,1
236,45,2072.51,46.06,1,0.87,143,0
101,10,344.79,34.48,5,0.14,1624,1
252,49,2382.13,48.61,5,0.5,795,0
157,32,2125.21,66.41,5,0.25,1677,1
100,26,672.3,25.86,8,0.26,773,0
144,11,2227.42,202.49,7,0.64,494,1
3,28,3201.27,114.33,3,0.75,863,0
110,28,4643.17,165.83,4,0.87,201,0
216,49,3518.89,71.81,0,0.28,1033,0
51,41,2517.15,61.39,7,0.07,1808,0
44,24,3852.56,160.52,1,0.44,489,0
239,20,1406.88,70.34,0,0.58,299,1
156,19,3347.22,176.17,5,0.74,275,0
50,19,35.26,1.86,9,0.76,341,1
273,1,372.03,372.03,3,0.86,734,1
283,2,3125.09,1562.54,1,0.03,482,1
13,37,970.82,26.24,1,0.98,1311,0
74,13,3446.76,265.14,8,0.97,641,0
135,21,3187.4,151.78,6,0.04,681,1
267,35,327.7,9.36,4,0.31,295,1
27,30,1968.56,65.62,9,0.77,1058,0
294,18,3068.88,170.49,1,0.48,608,1
117,37,3570.27,96.49,6,0.0,1296,1
46,8,4082.26,510.28,3,0.35,69,1
315,24,1658.91,69.12,2,0.58,1183,1
32,6,4185.21,697.54,9,0.88,1467,0
48,27,1777.73,65.84,9,0.83,1307,0
346,5,44.86,8.97,8,0.95,503,1
190,47,3053.93,64.98,1,0.47,1280,0
169,33,1215.93,36.85,7,0.8,1497,1
251,13,630.66,48.51,3,0.1,975,1
230,31,1299.21,41.91,3,0.52,1191,0
224,18,4141.29,230.07,1,0.92,1494,0
9,26,4570.87,175.8,5,0.84,892,0
201,9,4808.87,534.32,8,0.66,297,1
102,25,1521.12,60.84,2,0.15,1775,1
294,6,2285.08,380.85,5,0.18,616,1
184,8,4014.61,501.83,6,0.68,724,1
46,29,1596.33,55.05,6,0.33,1130,0
323,25,1931.86,77.27,2,0.33,350,1
104,15,1194.0,79.6,0,0.85,651,1
99,3,2866.11,955.37,8,0.02,1066,1
341,21,3299.74,157.13,5,0.39,1346,1
283,46,1599.01,34.76,7,0.24,281,1
313,35,130.91,3.74,5,0.03,1516,1
242,3,3682.18,1227.39,3,0.22,526,1
332,46,3086.82,67.1,2,0.18,1669,1
42,21,1102.8,52.51,6,0.5,1659,0
219,29,1580.09,54.49,8,0.44,1306,1
107,1,4786.0,4786.0,3,0.47,1631,1
146,16,3154.72,197.17,0,0.88,316,0
87,39,2981.43,76.45,1,0.49,865,0
75,17,3202.06,188.36,5,0.64,283,0
162,9,4772.68,530.3,2,0.65,888,1
335,5,1705.9,341.18,8,0.52,1075,1
232,46,1411.77,30.69,2,0.3,1047,1
128,40,1889.94,47.25,4,0.9,166,0
158,3,4006.74,1335.58,2,0.44,181,1
193,46,613.58,13.34,4,0.57,1821,0
90,41,1042.06,25.42,6,0.56,484,0
190,18,1148.95,63.83,7,0.83,917,1
254,33,3185.52,96.53,7,0.53,1071,1
89,13,3211.5,247.04,5,0.46,315,1
213,13,1865.71,143.52,4,0.46,606,1
258,36,1388.2,38.56,3,0.78,1109,0
190,10,3775.71,377.57,9,0.33,413,1
107,18,168.32,9.35,7,0.93,1452,0
202,18,3696.3,205.35,8,0.85,1192,1
289,8,1059.27,132.41,7,0.14,1805,1
81,41,4514.86,110.12,0,0.32,1046,0
210,34,2074.33,61.01,2,0.91,1466,0
248,43,3215.06,74.77,4,0.28,617,1
118,26,613.64,23.6,3,0.32,1276,0
142,9,1276.88,141.88,9,0.22,1712,1
324,14,3506.04,250.43,4,0.05,1506,1
133,18,2756.27,153.13,2,0.48,1425,1
218,47,3854.68,82.01,5,0.75,838,0
55,12,2821.38,235.12,3,0.66,1100,0
338,34,2850.96,83.85,1,0.03,1093,1
218,7,4292.71,613.24,9,0.52,405,1
277,47,2129.2,45.3,9,0.33,501,1
220,32,4476.27,139.88,7,0.64,1193,1
130,22,1867.35,84.88,3,0.41,1173,0
124,17,1649.69,97.04,8,0.98,1264,1
256,18,3899.31,216.63,2,0.83,1113,1
313,12,67.62,5.64,8,0.7,1073,1
47,30,869.24,28.97,8,0.52,963,0
308,43,368.11,8.56,1,0.59,1175,1
303,12,2565.4,213.78,3,0.44,680,1
40,37,3144.07,84.97,6,0.79,321,0
40,28,61.78,2.21,2,0.91,1245,0
253,38,815.7,21.47,8,1.0,631,0
307,38,1519.68,39.99,6,0.6,1390,1
144,2,1478.19,739.1,2,0.68,1628,1
234,2,494.69,247.34,7,0.4,732,1
364,45,872.51,19.39,0,0.01,276,1
118,8,4236.79,529.6,3,0.7,31,0
82,29,3505.9,120.89,1,0.93,1088,0
361,37,1487.51,40.2,0,0.86,1613,0
103,25,1324.4,52.98,7,0.88,1641,0
173,1,410.19,410.19,1,0.4,1643,1
161,1,1751.04,1751.04,6,0.71,55,1
191,33,1996.37,60.5,0,0.64,127,0
98,44,4521.87,102.77,8,0.54,1765,0
248,17,3718.15,218.71,9,0.15,1240,1
252,27,2400.98,88.93,3,0.58,1615,1
74,46,682.94,14.85,4,0.3,1789,0
176,41,3284.25,80.1,6,0.7,1313,0
21,27,4680.7,173.36,5,0.94,750,0
81,33,399.44,12.1,0,0.73,1302,0
360,48,4244.55,88.43,9,0.26,1154,1
185,40,908.77,22.72,9,0.47,1587,1
227,21,3509.39,167.11,4,0.56,1576,1
324,34,927.44,27.28,5,0.73,336,1
260,17,3004.07,176.71,1,0.15,1610,1
289,46,1195.75,25.99,7,0.53,1286,1
260,5,2713.07,542.61,5,0.86,1349,1
182,12,3004.79,250.4,2,0.03,646,1
231,17,3096.42,182.14,3,0.73,902,1
106,10,3417.17,341.72,0,0.88,1601,0
325,30,354.46,11.82,7,0.8,278,1
66,35,3519.9,100.57,0,0.93,987,0
322,44,781.44,17.76,5,0.78,1765,1
320,25,3388.39,135.54,8,0.52,1404,1
52,31,628.95,20.29,0,0.48,297,0
259,30,2402.28,80.08,1,0.03,329,1
361,1,1939.97,1939.97,7,0.02,934,1
209,35,4837.06,138.2,8,0.64,464,0
124,2,3157.74,1578.87,0,0.28,1612,1
321,27,450.15,16.67,2,0.31,1534,1
187,49,3507.42,71.58,6,0.81,1742,0
45,39,978.75,25.1,5,0.11,739,0
91,25,1437.89,57.52,5,0.28,542,0
249,16,1898.43,118.65,2,0.69,977,1
166,42,3883.36,92.46,5,0.03,236,1
79,43,4720.96,109.79,0,0.52,1332,0
291,19,4622.43,243.29,8,0.09,1590,1
44,6,861.71,143.62,5,0.76,334,0
80,29,311.46,10.74,3,0.63,385,0
170,32,4144.38,129.51,3,0.61,573,0
15,46,1448.21,31.48,3,0.22,1467,0
142,44,2918.3,66.32,4,0.72,614,0
332,12,4893.35,407.78,1,0.3,1339,1
343,13,940.25,72.33,6,0.57,1675,1
318,49,1880.53,38.38,1,0.09,816,1
118,17,4339.32,255.25,3,0.1,276,1
24,23,3253.4,141.45,8,0.19,1673,0
297,15,4688.39,312.56,5,0.22,696,1
136,20,3162.28,158.11,9,0.13,1105,1
273,28,1524.81,54.46,6,0.12,1751,1
44,15,4027.49,268.5,7,0.88,1640,0
244,21,3798.73,180.89,0,0.55,1528,1
214,18,4668.76,259.38,5,0.62,664,1
336,6,2386.07,397.68,3,0.29,1233,1
38,39,2519.17,64.59,0,0.06,629,0
149,44,1625.88,36.95,0,0.97,1015,0
361,25,1351.1,54.04,1,0.05,635,1
142,11,4982.67,452.97,0,0.82,1535,0
240,32,4886.51,152.7,4,0.67,1378,1
59,27,2652.94,98.26,0,0.41,1728,0
266,28,4775.88,170.57,8,0.75,508,1
101,30,1787.22,59.57,5,0.76,1688,0
209,36,4251.47,118.1,9,0.88,474,1
321,2,3177.99,1589.0,0,0.54,1177,1
241,5,3588.16,717.63,0,0.21,341,1
173,5,3593.83,718.77,8,0.57,1336,1
70,8,3182.78,397.85,3,0.1,1421,1
125,48,4263.12,88.82,7,0.38,1421,0
310,36,1966.15,54.62,1,0.61,527,1
79,33,4247.45,128.71,0,0.25,1482,0
239,35,925.24,26.44,4,0.87,315,0
177,2,1007.8,503.9,5,0.98,1345,0
117,11,3589.54,326.32,1,0.08,873,1
261,39,3753.15,96.23,0,0.21,353,1
132,23,4512.48,196.19,2,0.47,1778,0
105,25,1380.67,55.23,1,0.04,1393,0
193,37,289.79,7.83,9,0.09,292,1
276,4,2542.28,635.57,9,0.9,730,1
315,40,4377.95,109.45,0,0.05,1354,1
230,34,4857.61,142.87,4,0.25,388,1
241,20,4290.55,214.53,3,0.42,879,1
287,25,2454.88,98.2,0,0.02,214,1
99,4,4318.28,1079.57,6,0.81,70,1
92,11,1077.71,97.97,8,0.83,461,1
177,13,4606.64,354.36,6,0.39,1306,1
230,44,2838.56,64.51,9,0.2,941,1
236,6,1952.92,325.49,6,0.89,584,1
56,15,2912.39,194.16,5,0.68,473,0
285,7,3922.2,560.31,9,0.52,1472,1
133,14,1208.21,86.3,7,0.39,1225,1
320,1,518.38,518.38,7,0.54,1579,1
264,14,3668.27,262.02,7,0.25,1761,1
358,36,4762.82,132.3,0,0.45,1165,1
230,38,3188.52,83.91,7,0.69,109,0
193,19,721.49,37.97,7,0.41,1713,1
69,35,3220.49,92.01,4,0.68,264,0
146,31,591.99,19.1,5,0.74,1302,0
313,45,1524.59,33.88,8,0.75,473,0
140,40,167.67,4.19,1,0.57,1406,0
20,12,2442.63,203.55,5,0.18,1473,1
90,29,1613.56,55.64,7,0.7,1453,0
217,39,496.63,12.73,2,0.82,516,0
229,15,1552.05,103.47,2,0.09,1181,1
359,29,3241.37,111.77,0,0.9,373,1
340,20,1452.52,72.63,3,0.94,1622,1
194,16,723.93,45.25,3,0.67,304,1
202,10,2728.54,272.85,9,0.11,1540,1
292,2,3768.6,1884.3,0,0.65,299,1
18,37,4152.41,112.23,6,0.36,548,0
217,41,2365.76,57.7,0,0.3,1322,0
173,32,3558.25,111.2,7,0.04,1750,1
286,12,4168.31,347.36,4,0.72,1301,1
292,1,3367.72,3367.72,4,0.57,645,1
239,31,2641.08,85.2,9,0.45,588,1
240,10,309.1,30.91,7,0.39,1161,1
252,27,1457.27,53.97,1,0.41,836,1
212,48,1605.88,33.46,2,0.45,401,0
83,1,1981.11,1981.11,2,0.48,1157,1
104,29,4754.95,163.96,6,0.1,809,0
271,49,1052.29,21.48,8,0.38,1780,0
226,17,2712.36,159.55,6,0.06,82,1
87,40,4956.18,123.9,4,0.78,1363,0
320,41,3097.78,75.56,7,0.52,1462,1
357,24,1052.46,43.85,7,0.8,1471,1
228,16,4801.35,300.08,0,0.43,1286,1
83,34,1688.1,49.65,5,0.15,1785,0
342,31,248.87,8.03,7,0.3,585,1
87,24,2162.5,90.1,6,0.23,714,1
158,10,1210.87,121.09,2,0.44,1707,1
313,37,4096.13,110.71,1,0.79,154,1
190,11,1107.58,100.69,2,0.12,1513,1
89,7,4101.07,585.87,3,0.4,1370,1
30,4,190.49,47.62,9,0.09,1086,1
132,22,4646.5,211.2,6,0.39,247,1
245,6,220.55,36.76,8,0.58,1127,1
261,17,4693.31,276.08,0,0.07,817,1
82,12,377.72,31.48,7,0.07,187,1
58,23,4364.19,189.75,1,0.73,1355,0
256,39,4158.35,106.62,5,0.41,1488,1
58,23,2976.17,129.4,3,0.35,1032,0
24,28,189.57,6.77,8,0.69,322,0
178,8,3109.5,388.69,6,0.08,689,1
208,6,3093.05,515.51,4,0.86,1000,1
89,48,2790.42,58.13,5,0.78,953,0
77,31,3161.31,101.98,7,0.39,1091,0
86,1,4840.86,4840.86,7,0.47,470,1
125,28,4977.58,177.77,5,0.4,1459,0
4,1,2607.27,2607.27,7,0.79,163,0
5,4,468.09,117.02,7,0.03,1800,1
135,19,678.51,35.71,0,0.67,770,0
8,33,3604.55,109.23,3,0.3,1518,0
116,31,4910.0,158.39,9,0.78,134,1
212,39,2185.92,56.05,3,0.98,1231,0
12,9,499.21,55.47,8,0.28,1788,0
225,10,1771.69,177.17,5,0.45,1754,1
227,27,1931.2,71.53,2,0.55,833,0
209,43,4983.01,115.88,3,0.55,701,0
229,36,3436.05,95.45,4,0.16,1613,1
295,33,598.15,18.13,1,0.58,1174,1
26,5,1692.01,338.4,3,0.72,1738,0
62,44,252.31,5.73,6,0.94,450,0
116,49,3268.77,66.71,9,0.73,836,0
251,29,3366.97,116.1,9,0.6,591,1
318,17,296.91,17.47,3,0.23,784,1
335,33,1684.24,51.04,7,0.1,1596,1
212,32,4515.16,141.1,3,0.63,1633,1
150,46,4135.81,89.91,8,0.63,1098,0
150,6,2875.32,479.22,9,0.84,92,1
22,26,2428.27,93.4,4,0.45,822,0
170,35,4964.33,141.84,6,0.17,904,1
187,18,3613.76,200.76,8,0.22,1311,1
76,42,4763.65,113.42,1,0.48,512,0
280,4,367.21,91.8,2,0.31,1068,1
296,6,1068.63,178.1,6,0.18,1381,1
110,39,165.24,4.24,1,0.11,1052,0
333,7,4340.91,620.13,7,0.41,1531,1
39,21,3474.21,165.44,2,0.34,483,0
332,14,896.48,64.03,3,0.97,1142,1
280,34,4871.21,143.27,8,0.86,847,1
82,1,4779.43,4779.43,5,0.18,760,1
237,18,1130.74,62.82,7,0.75,791,1
114,49,3238.58,66.09,6,0.48,1026,0
292,19,3343.83,175.99,5,0.93,951,1
59,30,30.04,1.0,5,0.61,1060,0
90,49,3447.01,70.35,8,0.2,1753,0
112,30,1114.49,37.15,9,0.2,1170,1
73,37,4507.58,121.83,0,0.97,1011,0
122,47,4194.15,89.24,5,0.92,1685,0
220,31,4527.41,146.05,7,0.48,457,1
231,41,3790.19,92.44,6,0.56,477,1
202,25,832.88,33.32,4,0.55,238,0
70,40,1809.17,45.23,7,0.76,391,0
74,32,3547.57,110.86,4,0.47,170,0
335,17,1623.39,95.49,1,0.12,371,1
92,28,3553.06,126.9,2,0.32,1207,0
38,17,1687.43,99.26,0,0.57,1281,0
166,20,896.87,44.84,7,0.35,1192,1
3,15,2595.64,173.04,9,0.81,1654,0
125,25,3434.28,137.37,3,0.95,1569,0
312,17,2590.81,152.4,7,0.24,616,1
98,31,3212.92,103.64,9,0.89,370,0
257,19,2195.87,115.57,3,0.72,785,1
179,25,3893.87,155.75,8,0.59,1694,1
130,7,3253.33,464.76,0,0.13,1767,1
241,19,2877.29,151.44,6,0.41,397,1
217,18,2182.5,121.25,1,1.0,290,0
116,48,2683.28,55.9,7,0.65,1353,0
82,22,264.54,12.02,0,0.59,1608,0
334,2,3336.93,1668.46,8,0.04,1735,1
62,16,1030.01,64.38,3,0.32,1751,0
350,36,4302.14,119.5,2,0.49,537,1
172,9,4063.6,451.51,5,0.64,1465,1
363,8,2644.49,330.56,9,0.86,1239,1
129,19,4237.18,223.01,1,0.46,633,1
206,18,3357.31,186.52,3,0.27,58,1
224,24,714.89,29.79,6,0.28,1203,1
